<?xml version="1.0" encoding="UTF-8"?>
<gpx version="1.1" creator="Roadside (github: roadside-markers)" xmlns="http://www.topografix.com/GPX/1/1">
<metadata><name>Roadside — Montana &amp; Idaho highway markers</name><desc>Official roadside historical and geological markers. Compilation CC BY 4.0; texts © issuing agency.</desc></metadata>
<wpt lat="42.619303" lon="-112.005728"><name>Lava Hot Springs</name><desc>Long before white men discovered these springs, Sept. 9, 1812, Indians gathered here to use the free hot water.

Except where they found hot springs, pre-historic Indians had a hard time getting hot water. They wove watertight baskets into which they put heated rocks. Here they had plenty of hot water for baths and for processing hides without going to all the work of heating baskets. This was one of their major campgrounds, especially in winter. After 1868, when they began to stay mostly on the Fort Hall Indian reservation, this spot lost its importance as a winter camp.

US-30 MP 371.22

Source: Idaho Transportation Department / Idaho State Historical Society (#13)</desc><type>Native American</type><sym>Flag, Blue</sym><cmt>ID-13</cmt></wpt>
<wpt lat="42.797753" lon="-112.261929"><name>Idaho's 1st Railroad</name><desc>Through this canyon once puffed the wood-burning locomotives of the narrow-gauge Utah and Northern Railway.

Construction, undertaken by a Mormon co-op, came northward from a junction with the transcontinental line, but stopped in 1874 at Franklin on the Utah-Idaho border. Jay Gould, famous financier of the Union Pacific, took over in 1877; trains were passing here the next summer, and the rails reached Montana in 1880. New life for eastern Idaho followed the shrieking whistles of those little Utah and Northern trains.

I-15B Inkom (Near Exit 58) MP 0.9

Source: Idaho Transportation Department / Idaho State Historical Society (#17)</desc><type>Railroad</type><sym>Flag, Blue</sym><cmt>ID-17</cmt></wpt>
<wpt lat="42.014054" lon="-111.804129"><name>Idaho's Oldest Town</name><desc>Franklin was settled April 14, 1860 by Mormon pioneers. The free local museum exhibits a large collection of tools and relics of pioneer days.

The founding of Franklin was part of a well organized plan of Mormon expansion. Church authorities sent the colonists under Thomas Smart from Provo, Utah. Men of many trades were included in order to make the community self-sufficient. From 1874-1877, Franklin was the busy terminus of the Utah Northern Railroad where freight for the Montana mines was reloaded for the long wagon haul north.

US-91 MP 1.17

Source: Idaho Transportation Department / Idaho State Historical Society (#23)</desc><type>Pioneer / settlement</type><sym>Flag, Blue</sym><cmt>ID-23</cmt></wpt>
<wpt lat="42.533718" lon="-113.868619"><name>Starrh's Ferry</name><desc>In 1880, George Starrh, a Snake River placer miner, started a ferry across Snake River one mile north of here.

From 1880-2, freighters hauling supplies for a mining rush to Wood River used Starrh's ferry (powered by river current when stiff winds were not blowing too hard), and local traffic lasted until Milner Reservoir flooded out summer operations after 1904. But a small town with a post office (1909-12) remained there for more than a decade. During that time, nearby bridges replaced Starrh's ferry.

US-30 MP 253.63

Source: Idaho Transportation Department / Idaho State Historical Society (#28)</desc><type>Transportation</type><sym>Flag, Blue</sym><cmt>ID-28</cmt></wpt>
<wpt lat="46.026500" lon="-116.327609"><name>Nez Perce War</name><desc>Following the battle at White Bird Canyon on July 4, 1877, U.S. cavalrymen, entrenched nearby at Cottonwood, resisted attacks by Nez Perce warriors.

East of here on July 5, 1877, Nez Perce warriors created a strategic diversion by surrounding 17 Mount Idaho volunteers. Two of the volunteers were killed and three were wounded before help arrived from the U.S. forces stationed at Cottonwood. Meanwhile the Nez Perce bands crossed the prairie to join allies on the Clearwater. A circuitous path led to Montana and the War's end in October 1877.

US-95 MP 252.88

Source: Idaho Transportation Department / Idaho State Historical Society (#38)</desc><type>Native American</type><sym>Flag, Blue</sym><cmt>ID-38</cmt></wpt>
<wpt lat="44.140135" lon="-113.904778"><name>Mount Borah</name><desc>Idaho's highest peak, 12,662 feet, is named for William E. Borah, who served in the United States Senate from 1907 until his death in 1940.

Ten or a dozen large but shallow inland seas have covered this area in the past billion years. They became a graveyard for countless generations of sea creatures: bones, shells, coral, and microscopic remains piled up through the eons into a clay-and-limestone deposit thousands of feet thick. During the past 10 or 20 million years, part of this deposit has been thrust upward into the towering ridge which you see before you.

US-93 MP 131.19

Source: Idaho Transportation Department / Idaho State Historical Society (#45)</desc><type>Geology / natural history</type><sym>Flag, Blue</sym><cmt>ID-45</cmt></wpt>
<wpt lat="43.676941" lon="-116.608557"><name>The Ward Massacre</name><desc>Only 2 young boys survived the Indian attack on Alexander Ward's 20 member party, Oregon bound on August 20, 1854.

Military retaliation for the slaughter so enraged the Indians that Hudson's Bay Co. posts Fort Boise and Fort Hall had to be abandoned, and the Oregon Trail became unsafe without army escort. Eight years of Indian terror followed. Finally, the 1862 gold rush brought powerful forces, civilian and military, that gradually subdued the tribes.

Lincoln Rd (E of Caldwell)

Source: Idaho Transportation Department / Idaho State Historical Society (#75)</desc><type>Oregon / California Trail</type><sym>Flag, Blue</sym><cmt>ID-75</cmt></wpt>
<wpt lat="43.779859" lon="-116.932412"><name>Marie Dorion</name><desc>An Iowa Indian who came through here with Wilson Price Hunt's fur trappers in 1811, Marie Dorian spent an incredible winter in this region in 1814.

She and her two infant children were the sole survivors of a mid-January Bannock Indian clash at John Reid's fur trade post 6 miles west of here. So they had to set out with two horses on a 200-mile retreat through deep mountain snow. Finally, a Columbia River band of Walla Walla Indians rescued them in April.

US-20 (Fort Boise Park) MP 46.66

Source: Idaho Transportation Department / Idaho State Historical Society (#78)</desc><type>Pioneer / settlement</type><sym>Flag, Blue</sym><cmt>ID-78</cmt></wpt>
<wpt lat="43.779834" lon="-116.932345"><name>Old Fort Boise</name><desc>An important Hudson's Bay Company fur trade post was established in 1834 four miles west of here on the bank of the Snake River.

Fur trading declined, but this British post became famous for its hospitality to American travelers on the Oregon Trail. An 1845 report spoke of "two acres of land under cultivation...1,991 sheep, 73 pigs, 17 horses and 27 meat cattle"-a welcome oasis at the ford of the Snake River after 300 thirsty miles from Fort Hall. A flood in 1853 washed away the adobe buildings and Indian trouble forced the Company to abandon the post two years later.

US-20 (Fort Boise Park) MP 46.66

Source: Idaho Transportation Department / Idaho State Historical Society (#85)</desc><type>Pioneer / settlement</type><sym>Flag, Blue</sym><cmt>ID-85</cmt></wpt>
<wpt lat="45.875819" lon="-116.228581"><name>Camas Prairie</name><desc>Named for the blue-flowering camas--an important root food for all interior Northwestern Indians--the Camas Prairie is a traditional Nez Perce cultural center.

Tolo Lake -- visible below -- provided a campground for Chief Joseph's Wallowa band and White Bird's Salmon River band when war broke out on the Salmon River directly south of here, June 14, 1877. Both of these bands were under military pressure to settle on the Camas Prairie when three young men from White Bird's band avenged a long series of past wrongs and army authorities retaliated.

US-95 MP 233.59

Source: Idaho Transportation Department / Idaho State Historical Society (#100)</desc><type>Native American</type><sym>Flag, Blue</sym><cmt>ID-100</cmt></wpt>
<wpt lat="46.452156" lon="-116.818380"><name>Spalding's Mission</name><desc>Marcus Whitman and Henry Harmon Spalding led Presbyterian missionaries west in 1836 to answer a Nez Perce call for teachers.

Spalding began his mission and school nearby, but moved here in 1838. Believing in secular as well as religious teaching, he taught the Indians irrigated farming, brought in the Northwest's first printing press, and built saw and flour mills. But hostility slowly developed, and Spalding left after the Whitman massacre at Walla Walla in 1847. He returned with the gold rush to labor among his converts until his death in 1874. His grave is nearby.

US-12 MP 12.23

Source: Idaho Transportation Department / Idaho State Historical Society (#111)</desc><type>Native American</type><sym>Flag, Blue</sym><cmt>ID-111</cmt></wpt>
<wpt lat="46.417243" lon="-116.802639"><name>Lapwai Mission</name><desc>Henry Harmon Spaulding established Idaho's earliest mission near here, Nov. 29, 1836, at a site chosen by the Nez Perce Indians.

Ever since they met Lewis and Clark in 1805-6, the Nez Perce had wanted to find out more about the white mans ways. In 1831, a Nez Perce delegation went all the way to St. Louis, where they saw Clark again and asked for teachers. Spalding came west to answer their call: with Indian help, a house and assembly hall were built in 24 days, and in two months, Mrs. Spalding started a mission school. In 1838 the mission was moved north to the Clearwater.

US-95 MP 300.59

Source: Idaho Transportation Department / Idaho State Historical Society (#112)</desc><type>Native American</type><sym>Flag, Blue</sym><cmt>ID-112</cmt></wpt>
<wpt lat="45.404706" lon="-113.991732"><name>Lewis and Clark</name><desc>Hoping for an easy river trip to the Pacific, Clark explored the first few miles of the rugged canyon of the Salmon below here late in August 1805.

His small advance party camped near here with poor but friendly Indians. Clark reported that the Salmon "is almost one continued rapid," and that passage "with Canoes is entirely impossible," so the expedition had to buy packhorses and go 110 miles north to an Indian trail across the mountains. QUOTATIONS FROM THE ORGINAL JOURNALS OF LEWIS AND CLARK.

US-93 MP 326.1

Source: Idaho Transportation Department / Idaho State Historical Society (#122)</desc><type>Lewis &amp; Clark</type><sym>Flag, Blue</sym><cmt>ID-122</cmt></wpt>
<wpt lat="45.243716" lon="-113.894263"><name>Historic Lemhi Co.</name><desc>1866 - gold discovered at Leesburg by Elijah Mulkey, Wm. Smith, F.B. Sharkey, Jos. Rapp, &amp; Ward Girton.

Mining has continued in Lemhi Co. with production of $30 Mil. in gold and nearly $35 Mil. in copper, lead, tungsten, silver, etc. 63 mineral species have been found. Aug. 1805 - Lewis &amp; Clark entered Lemhi Valley 20 Mi. So. &amp; crossed Idaho 75 Mi. No. representing the U.S. in Oregon Territory. 1855- a Mormon settlement established at Fort Lemhi near the place where Lewis &amp; Clark first encamped: abandoned 1858. Agriculture and stock raising established in 1870.

US-93 MP 310.04

Source: Idaho Transportation Department / Idaho State Historical Society (#125)</desc><type>Pioneer / settlement</type><sym>Flag, Blue</sym><cmt>ID-125</cmt></wpt>
<wpt lat="45.051106" lon="-113.685265"><name>Lewis and Clark</name><desc>After crossing the Continental Divide southeast of here. Aug. 12, 1805, Lewis camped with a Shoshoni band near here, Aug. 13-14.

Lewis had to obtain Indian horses so his men could get from the upper Missouri to a navigable stream flowing to the Pacific. So he persuaded the Shoshoni to accompany him to the expedition's main camp east of the mountains. There he found the Shoshoni chief to be Sacajawea's brother. With horses and help from Sacajawea's people, Lewis and Clark came to this valley Aug. 26 on their way north to the Lolo Trail and the Clearwater.

SH-28 MP 122.37

Source: Idaho Transportation Department / Idaho State Historical Society (#127)</desc><type>Lewis &amp; Clark</type><sym>Flag, Blue</sym><cmt>ID-127</cmt></wpt>
<wpt lat="44.983209" lon="-113.650498"><name>Fort Lemhi</name><desc>In 1855 a group of Mormon missionaries came north from Utah to found a remote colony just below the bench east of here.

A religious settlement rather than a military fort, Salmon River Mission grew to more than 100 settlers before Indian trouble forced them to abandon the valley in 1858. By that time, the missionaries had baptized 100 Indians and had begun irrigated farming in spite of ruinous summer frost and plagues of grasshoppers. Some of the old mission ditches are still used, and part of an old adobe mission wall still stands at Fort Lemhi.

SH-28 MP 117.3

Source: Idaho Transportation Department / Idaho State Historical Society (#128)</desc><type>Pioneer / settlement</type><sym>Flag, Blue</sym><cmt>ID-128</cmt></wpt>
<wpt lat="43.925447" lon="-111.777695"><name>Fort Henry</name><desc>In 1810, Andrew Henry and a party of trappers from Saint Louis established a winter outpost about 6 miles west of here.

Driven from their upper Missouri beaver camp by hostile Blackfeet, they expanded their operation from United States territory into Oregon--a land with only a few British posts at that time. They built cabins and wintered here in deep snow. Game was scarce, and they had little to eat except horses. So they abandoned this area, and Henry took only 40 packs of beaver pelts--a thin catch--back to Saint Louis after a season's work.

N 1900 E (N of Rexburg/Sugar City)

Source: Idaho Transportation Department / Idaho State Historical Society (#135)</desc><type>Pioneer / settlement</type><sym>Flag, Blue</sym><cmt>ID-135</cmt></wpt>
<wpt lat="43.684247" lon="-111.110355"><name>Pierre's Hole</name><desc>Teton Valley was known originally as Pierre's Hole. Rich in beaver, it was a favorite stamping ground for British and American fur traders and trappers between 1819-1840.

"Old Pierre" Tevanitagon, an Iroquois Indian fur trapper for the Hudson Bay Company, gave his name to this beaver-rich valley. Pierre's Hole was the scene of the annual rendezvous of mountain men and suppliers- "The Great Rocky Mountain Fair" - in 1832. That wild party ended in a free-for all battle with the Gros Ventre Indians, which the trappers and their Indian friends won. The valley was permanently settled in 1882.

SH-33 MP 143.97

Source: Idaho Transportation Department / Idaho State Historical Society (#139)</desc><type>Pioneer / settlement</type><sym>Flag, Blue</sym><cmt>ID-139</cmt></wpt>
<wpt lat="43.551195" lon="-116.098841"><name>The Oregon Trail</name><desc>is still clearly visible coming off the rimrock across the river. Here the west bound emigrants after 1840 came gratefully down into this green valley.

The first cart passed here with Spalding and Whitman, pioneer missionaries, in 1836. By the middle 1840's, thousands of emigrant wagons had cut a broad track, later the Overland Road. The tide of travel went down when the railroad was completed in 1884, but the tracks of the wagons and stages can still be followed for miles east in the desert.

SH-21 (Along Boise River Greenbelt) MP 3.3

Source: Idaho Transportation Department / Idaho State Historical Society (#151)</desc><type>Oregon / California Trail</type><sym>Flag, Blue</sym><cmt>ID-151</cmt></wpt>
<wpt lat="43.632423" lon="-113.305665"><name>Atoms for Peace</name><desc>An important page in atomic history was written here on July 17, 1955, when the lights of Arco were successfully powered from atomic energy.

Chosen by the Atomic Energy Commission as an experiment in the peaceful use of atomic power, Arco, Idaho became the first town in the free world to be served by electrical energy developed from the atom. The energy for this experiment was produced at the National Reactor Testing Station in the Arco desert southwest of here.

US-93 (Bottolfsen Park) MP 248.15

Source: Idaho Transportation Department / Idaho State Historical Society (#152)</desc><type>Engineering / technology</type><sym>Flag, Blue</sym><cmt>ID-152</cmt></wpt>
<wpt lat="46.492363" lon="-115.799639"><name>Canal Gulch</name><desc>The fabulous gold rush days of Idaho began on September 30, 1860, when W. F. Bassett struck gold just about here.

E.D. Pierce, who knew the country, had led twelve prospectors, including Bassett, out from Walla Walla in August. After news of the strike spread, about sixty men came in and wintered nearby in spite of snow and Indians. Next spring the stampede was on, and by that July this six-month-old county cast the largest vote in Washington Territory.

SH-11 MP 29.65

Source: Idaho Transportation Department / Idaho State Historical Society (#153)</desc><type>Mining / industry</type><sym>Flag, Blue</sym><cmt>ID-153</cmt></wpt>
<wpt lat="43.480507" lon="-114.271090"><name>Wood River Mines</name><desc>Rich strikes in 1879 led to a rush to the lead and silver mines of this valley. The famous Minnie Moore Mine alone produced a total of $8.4 million worth of ore.

Mining quickly brought a railroad and prosperity. The Ketchum smelter pioneered electric lighting. Hailey soon had Idaho's earliest phone service and three daily newspapers. But lodes ran out and mining declined. Now these hills attract more skiers and actors than miners. In 1984, Clint Eastwood filmed his movie Pale Rider near here.

SH-75 MP 112.86

Source: Idaho Transportation Department / Idaho State Historical Society (#154)</desc><type>Mining / industry</type><sym>Flag, Blue</sym><cmt>ID-154</cmt></wpt>
<wpt lat="44.518880" lon="-116.044366"><name>Long Valley Ambush</name><desc>While hunting stolen horses on Aug. 20, 1878, Wm. Monday, Jake Groseclose, Tom Healy, &amp; "Three Finger" Smith were ambushed in a rocky basin 9/10 mile by road from here.

Monday and Groseclose were killed immediately and Healy wounded; Smith, "being a man of experience in such matters", fled. He made it 40 miles to Salmon Meadows. Infantrymen buried the 3, marked the spot, and took up the Indian trail. Smith estimated there were 75 Indians; Army trackers finally concluded there were only 5--but they never caught them.

SH-55 MP 115.48

Source: Idaho Transportation Department / Idaho State Historical Society (#155)</desc><type>Pioneer / settlement</type><sym>Flag, Blue</sym><cmt>ID-155</cmt></wpt>
<wpt lat="46.477481" lon="-115.799814"><name>Oro Fino City</name><desc>Commercial center of Idaho's earliest mining district in the great days of 1861, it flourished here for more than a year.

Pierce City was only 2 miles away but another town sprang up near some rich gold strikes. In its first few weeks, Oro Fino City had "about sixty houses--more going up every day; nine or ten stores, more saloons than are needed, two smith-shops, two butcher-shops, three families and about 500 inhabitants,"----But with the gold rush over, the place was abandoned. The deserted town burned to the ground August 10, 1867.

SH-11 MP 28.53

Source: Idaho Transportation Department / Idaho State Historical Society (#156)</desc><type>Mining / industry</type><sym>Flag, Blue</sym><cmt>ID-156</cmt></wpt>
<wpt lat="42.214146" lon="-111.066482"><name>Thomas Fork</name><desc>A bad ford gave trouble to wagon trains crossing this stream on the trail to California and Oregon in 1849.

In that year, gold-seeking 49'ers developed a shortcut (practically U.S. 30 west of here) which crossed this stream. By the early 1850's, two bridges had been built and their enterprising owner was charging $1 a wagon toll--which not everyone could afford. Penniless emigrants struggling in the water cursed while richer companions comfortably clattered across the bridges.

US-30 MP 454.49

Source: Idaho Transportation Department / Idaho State Historical Society (#157)</desc><type>Oregon / California Trail</type><sym>Flag, Blue</sym><cmt>ID-157</cmt></wpt>
<wpt lat="42.657794" lon="-111.626043"><name>Soda Springs</name><desc>In this area are a group of springs famous to Oregon Trail travelers, most of whom stopped to try the "acid taste and effervessing gasses" of the waters.

Earlier, fur traders often--less elegantly--called the place "Beer Springs" after one spring whose water tasted "like Lager Beer ... only flat." Another, Steamboat Spring, made sounds "exactly resembling ... a high pressure steam engine." Both springs are now drowned in the modern reservoir, but others still can be tasted.

US-30 MP 403.92

Source: Idaho Transportation Department / Idaho State Historical Society (#158)</desc><type>Oregon / California Trail</type><sym>Flag, Blue</sym><cmt>ID-158</cmt></wpt>
<wpt lat="42.252527" lon="-111.255882"><name>Smith's Trading Post</name><desc>In 1848 Pegleg Smith established a trading post on the Oregon Trail at Big Timber somewhere near here on the river.

Some travelers called it "Fort Smith", though it was only four log cabins and some Indian lodges. Packing a plow and tools from Salt Lake City, Smith (a mountain man who had to amputate his own leg 20 years before) tried unsuccessfully to raise crops. But he did a big business when the California gold rush of 1849 brought thousands past here; 49'ers reported that he had many horses and cattle, and was making $100 a day.

US-30 MP 440.1

Source: Idaho Transportation Department / Idaho State Historical Society (#159)</desc><type>Pioneer / settlement</type><sym>Flag, Blue</sym><cmt>ID-159</cmt></wpt>
<wpt lat="42.629837" lon="-111.917343"><name>Hudspeth's Cutoff</name><desc>In the summer of 1849, the California Gold Rush was diverted this way in search of a more direct route to the mines.

Stampeding 49'ers would try anything to save miles and time in their rush for California gold: the regular Oregon and California trails looped north of here to Fort Hall, but on July 19, 1849 Benoni M. Hudspeth led a party west from Soda Springs through rough country hoping for a more direct route through a gap 1.4 miles south of here. This immediately became the main road, though it saved far less than Hudspeth thought.

US-30 MP 376.28

Source: Idaho Transportation Department / Idaho State Historical Society (#161)</desc><type>Oregon / California Trail</type><sym>Flag, Blue</sym><cmt>ID-161</cmt></wpt>
<wpt lat="46.200755" lon="-116.415286"><name>Lawyer's Canyon</name><desc>Named for the Nez Perce Indian leader who served as head chief, 1848-1871, and who lived near the lower end of the canyon.

Called "The Lawyer" by early fur traders for his exceptional talents in languages and oratory, he was a friend of the whites. He had learned English before the missionaries came in 1836, and helped them prepare dictionaries and translate the Bible into Nez Perce. He played an important part in all the treaties negotiated with his people before his death in 1876, a year before the Nez Perce War.

US-95 MP 268.62

Source: Idaho Transportation Department / Idaho State Historical Society (#163)</desc><type>Native American</type><sym>Flag, Blue</sym><cmt>ID-163</cmt></wpt>
<wpt lat="48.701379" lon="-116.314740"><name>Bonner's Ferry</name><desc>Gold miners rushing to Wild Horse in British Columbia in 1863 were paddled across this river by Indians; in 1864 E.L. Bonner established a proper ferry here.

The ferry and its trading store served the Wild Horse packtrains for many years. Steamers - - the first tiny one dragged in overland - - came to the river in the 1880's and the Great Northern Railway arrived in 1892. A thriving town soon sprang up where once the ferryman and his family had been the only white people.

US-2 MP 507.81

Source: Idaho Transportation Department / Idaho State Historical Society (#165)</desc><type>Pioneer / settlement</type><sym>Flag, Blue</sym><cmt>ID-165</cmt></wpt>
<wpt lat="42.745838" lon="-114.851324"><name>Thousand Springs</name><desc>Old lava flow changed the geologic structure of this area and thus created a multitude of famous springs here.

Over thousands of years, volcanic activity repeatedly spread lava over the Snake River plain, slowly forcing the Snake River southward in a great curve. Successive channels of the river and its tributaries were filled with spongy lava, and became underground reservoirs and conduits, gathering water from far to the northeast. Torrents from one or more of these buried channels now burst forth on the opposite canyon wall.

US-30 MP 186.98

Source: Idaho Transportation Department / Idaho State Historical Society (#166)</desc><type>Geology / natural history</type><sym>Flag, Blue</sym><cmt>ID-166</cmt></wpt>
<wpt lat="46.461531" lon="-116.991994"><name>The First Capital</name><desc>The organization of Idaho Territory was proclaimed in Lewiston July 10, 1863 and the first two legislatures met here.

When Lewiston served as the capital, Idaho Territory included modern Montana and practically all of Wyoming--an area much larger than Texas. Then in 1864, after Montana was established as a separate territory and most of Wyoming was attached to Dakota, the governor and legislature decided to locate the capital of Idaho in Boise, where it has been ever since.

US-95 MP 316.6

Source: Idaho Transportation Department / Idaho State Historical Society (#167)</desc><type>Pioneer / settlement</type><sym>Flag, Blue</sym><cmt>ID-167</cmt></wpt>
<wpt lat="45.827705" lon="-115.439394"><name>Elk City</name><desc>Twenty-two prospectors from Pierce discovered the Elk City mines in May, 1861 and a gold rush followed that summer.

Through July the houses were "nice and airy, being constructed of brush," with bars for doors "to keep out the cayuse horses." Permanent log buildings were begun August 6, and within a month about 40 stores, saloons, and cabins were ready for winter use. Most of the miners rushed off to other new bonanzas that fall, but Elk City still became one of the important Idaho gold camps.

SH-14 MP 49.43

Source: Idaho Transportation Department / Idaho State Historical Society (#168)</desc><type>Mining / industry</type><sym>Flag, Blue</sym><cmt>ID-168</cmt></wpt>
<wpt lat="42.290235" lon="-113.416255"><name>Hudspeth's Cutoff</name><desc>This shortcut to the California goldfields, followed by most of the 49'ers, came out of the hills to the east and joined the old California Trail just about here.

Opened by "Messrs, Hudspeth &amp; Myers, of the Jackson County, Missouri Company," who reached here on July 24, 1849, this new route was mistakenly thought to save nearly a hundred miles over the old way along the Snake River to the north. From here, the 49'ers struck southwest for California and golden riches.

SH-77 MP 2.8

Source: Idaho Transportation Department / Idaho State Historical Society (#169)</desc><type>Oregon / California Trail</type><sym>Flag, Blue</sym><cmt>ID-169</cmt></wpt>
<wpt lat="42.354415" lon="-112.049269"><name>Red Rock Pass</name><desc>You are standing in the outlet of ancient Lake Bonneville. A vast prehistoric inland sea, of which Salt Lake is a modern remnant.

Covering over 20,000 square miles when it overflowed here about 14,500 years ago, its winding shoreline would have stretched from here to New Orleans if it were straightened out. This pass was deepened considerably when Lake Bonneville began to flow into the Snake River. For a time, a torrent several times larger than the Amazon was discharged here. Finally, with a hotter, drier climate that slowly emerged about 8,000 years ago, Lake Bonneville gradually disappeared.

US-91 MP 30.19

Source: Idaho Transportation Department / Idaho State Historical Society (#171)</desc><type>Geology / natural history</type><sym>Flag, Blue</sym><cmt>ID-171</cmt></wpt>
<wpt lat="42.598413" lon="-114.454732"><name>Shoshone Falls</name><desc>Four miles east of here, the Snake River thunders 212 feet over a rocky ledge higher than the famous Niagara.

Indians, trappers and travelers all knew the "Great Shoshonie." The waters above the Falls have been harnessed for irrigation and power. The adjacent land was donated to the city of Twin Falls in 1932, so that it could be preserved for public enjoyment. The park provides spectacular views of the roaring Falls in the spring as winter snows melt, and the sheer canyon walls and rocky drop as the water slows in the drier months.

US-93 MP 50

Source: Idaho Transportation Department / Idaho State Historical Society (#172)</desc><type>Geology / natural history</type><sym>Flag, Blue</sym><cmt>ID-172</cmt></wpt>
<wpt lat="45.547786" lon="-116.304492"><name>Fabulous Florence</name><desc>Millions in gold--mined mostly in one big year--came from the high mountain basin around Florence, 14 airline miles east of here.

Early prospectors, fanning south from Pierce - Idaho's first gold camp - came unexpectedly upon rich ground in August 1861. Their secret leaked, golden rumors started an eager rush that fall, and winter famine followed. Next spring, thousands stampeded into Florence, even from the California mines, but the rich camp had only 575 men by 1863. Today scarcely a trace of town remains among scars of the old diggings. Original town vanished; side trip ordinarily impracticable.

US-95 MP 205.59

Source: Idaho Transportation Department / Idaho State Historical Society (#174)</desc><type>Mining / industry</type><sym>Flag, Blue</sym><cmt>ID-174</cmt></wpt>
<wpt lat="45.547701" lon="-116.304510"><name>Hydraulic Mining</name><desc>Visible directly across the river is a pit left by large scale hydraulic mining for gold deposited in ancient gravel beds.

Big nozzles, called "hydraulic giants," shot powerful streams of water against a pre-historic river bed (now the bank of the stream) to expose and wash down gold-bearing gravel, which then was sluiced to recover the gold. This method, brought to Idaho in the 1860's, remained in use until recent economic changes made gold mining unprofitable. Many pits--some enormously larger than this one--are left as reminders of the mining days gone by.

US-95 MP 205.59

Source: Idaho Transportation Department / Idaho State Historical Society (#175)</desc><type>Mining / industry</type><sym>Flag, Blue</sym><cmt>ID-175</cmt></wpt>
<wpt lat="46.461538" lon="-116.992151"><name>Mackenzie's Post</name><desc>Early in September 1812, Donald Mackenzie set up a fur trade post near here for John Jacob Astor's Pacific Fur Company

Disappointed to find that beaver were unavailable in this area, he built only a store and two houses out of driftwood. Then the War of 1812 and Indian trouble tangled his plans; in May 1813 he abandoned this site, since Astor's venture had failed and was about to be sold to the North West Company of Montreal. "Perpetual Motion" Mackenzie who once had been a Nor'Wester, rejoined the Canadians in 1816 and finally organized the Snake country fur trade.

US-95 MP 316.6

Source: Idaho Transportation Department / Idaho State Historical Society (#176)</desc><type>Pioneer / settlement</type><sym>Flag, Blue</sym><cmt>ID-176</cmt></wpt>
<wpt lat="44.955598" lon="-116.224854"><name>Packer John's Cabin</name><desc>John Welch--always known as Packer John--hauled supplies from Lewiston to Idaho City during a major Boise Basin gold rush of 1863-1864.

He built a cabin (1/4 mile north of here) that immediately became an historic Idaho landmark. Territorial political conventions (Republican in 1863 and Democratic in 1864) used his facility as a point where North Idaho leaders could meet with southern representatives to choose congressional candidates. This site now is a state park.

SH-55 MP 152.99

Source: Idaho Transportation Department / Idaho State Historical Society (#183)</desc><type>Pioneer / settlement</type><sym>Flag, Blue</sym><cmt>ID-183</cmt></wpt>
<wpt lat="44.828701" lon="-116.903535"><name>Brownlee Ferry</name><desc>Guiding Oregon Trail emigrants and miners, Tim Goodale opened a new trail through here in August 1862.

A Boise Basin gold rush followed that fall, and prospectors coming from the west used Goodale's route. John Brownlee started ferry service here in 1862 but left in 1864 to work his own Boise Basin mine.  A new ferry commenced in 1875, a year after James Ruth and T.J. Health discovered silver on Brownlee Creek, with service until after 1920.

SH-71 MP 1.57

Source: Idaho Transportation Department / Idaho State Historical Society (#185)</desc><type>Oregon / California Trail</type><sym>Flag, Blue</sym><cmt>ID-185</cmt></wpt>
<wpt lat="43.824133" lon="-115.838267"><name>Idaho City</name><desc>This roaring metropolis was founded early in October, 1862, about ten weeks after gold was discovered in Boise Basin.

By the next summer, this was the largest city in the Northwest, with 6,275 people -- 5,691 of them men! Families followed, and respectable businesses, schools, libraries, good theaters, churches, and fraternal orders came soon. The town survived several disastrous fires and remained an important mining center until the war shut down gold production in 1942.

SH-21 MP 38.66

Source: Idaho Transportation Department / Idaho State Historical Society (#186)</desc><type>Pioneer / settlement</type><sym>Flag, Blue</sym><cmt>ID-186</cmt></wpt>
<wpt lat="43.725912" lon="-115.951197"><name>Grimes' Creek</name><desc>Named for George Grimes who, with Moses Splawn, led the party which on August 2, 1862 made the strike that started the Boise Basin gold rush.

The party was searching for a rich basin described to Splawn a year earlier by an Indian. Further up this creek, they found the gold they were looking for. A few days later, Grimes was killed at Grimes Pass (it was blamed on Indians), and his partners had to bury him in a prospect hole nearby.

SH-21 MP 28.88

Source: Idaho Transportation Department / Idaho State Historical Society (#188)</desc><type>Mining / industry</type><sym>Flag, Blue</sym><cmt>ID-188</cmt></wpt>
<wpt lat="43.407318" lon="-116.864909"><name>Owyhee Country</name><desc>The name applied to these mountains and the whole surrounding region is an outdated spelling of the word "Hawaii".

Fur-trading ships brought Hawaiian natives--then called "Owyhees"-- to the Northwest. In 1818, Donald Mackenzie brought the first big brigade of fur hunters to the Snake River Valley. He sent several Owyhees to trap in this region--and they never came back. Ever since then, this has been called the Owyhee country and Owyhee county carries the name on. (Pronounce "Owyhee" and "Hawaii" aloud--they sound the same.)

US-95 MP 14.15

Source: Idaho Transportation Department / Idaho State Historical Society (#192)</desc><type>Pioneer / settlement</type><sym>Flag, Blue</sym><cmt>ID-192</cmt></wpt>
<wpt lat="43.604370" lon="-116.391395"><name>Initial Point</name><desc>All Idaho land surveys refer to a beginning point --"Initial Point"-- 16 miles directly south of here.

When he began surveying Idaho in 1867, Lafayette Cartee, first surveyor general of Idaho Territory, established the initial point on a volcanic hill visible for many miles. Everywhere in Idaho, surveyors depend upon this essential point in establishing land boundaries. The city of Meridian is named for the Boise Meridian--the surveyors' north-south line which runs through Initial Point.

S Main St, Meridian (Storey Park)

Source: Idaho Transportation Department / Idaho State Historical Society (#193)</desc><type>Geology / natural history</type><sym>Flag, Blue</sym><cmt>ID-193</cmt></wpt>
<wpt lat="43.340920" lon="-116.603900"><name>Steamer "Shoshone"</name><desc>The boat was built in 1866 to provide easy river travel for a part of the route from the Columbia to Boise and Silver City.

It was intended to ply 105 miles between here and Old's Ferry. Once it even explored the river for 60 miles above here, astonishing the jackrabbits with its ambitious whistle. But business was poor and firewood for boilers was scarce, and service stopped after a few trips. Finally in a hair-raising ride, the 136-foot, 300-ton boat was run down through Hell's Canyon to the Columbia.

SH-45 MP 10.35

Source: Idaho Transportation Department / Idaho State Historical Society (#194)</desc><type>Transportation</type><sym>Flag, Blue</sym><cmt>ID-194</cmt></wpt>
<wpt lat="43.147791" lon="-115.658601"><name>Rattlesnake Station</name><desc>At the junction of the Rocky Bar Road with the Oregon Trail, this was a major stage line stop for 20 years.

Stage service commenced in 1864, and a road to the Rocky Bar mines was opened 2 months later. In 1878 the station owners thought it would sound a lot better to call their place Mountain Home instead of Rattlesnake. Then the Union Pacific -- built out in the valley in 1883 -- replaced the freight wagons and stage lines that came through here. So Mountain Home was moved on down Rattlesnake Creek to its present location on the railroad.

US-20 MP 96.01

Source: Idaho Transportation Department / Idaho State Historical Society (#195)</desc><type>Pioneer / settlement</type><sym>Flag, Blue</sym><cmt>ID-195</cmt></wpt>
<wpt lat="43.250925" lon="-115.579465"><name>Toll Gate</name><desc>An 1868 toll road to Rocky Bar provided better access to early gold mines 40 miles north of here.

Julius Newberg's South Boise wagon road had reached Rocky Bar in 1864, but a route through this canyon was needed to avoid steep Syrup Creek grades on Goodale's Cutoff eight miles northwest of here. Tolls were collected here for 20 years to maintain it, and James A. Porter's splendid hotel and dairy attracted travelers for many miles.

US-20 MP 107.04

Source: Idaho Transportation Department / Idaho State Historical Society (#197)</desc><type>Transportation</type><sym>Flag, Blue</sym><cmt>ID-197</cmt></wpt>
<wpt lat="42.947853" lon="-115.297556"><name>Oregon Trail</name><desc>A perilous ford at Three Island State Park was a formidable Oregon Trail barrier. Those who could not cross here faced a longer, more difficult southern route.

No other ford between Missouri and Oregon troubled them so much. This was their largest river. Using two of three islands, they crossed three channels, but sometimes lost stock and wagons. Many emigrants depended upon Shoshoni Indian guides to get them across safely.

S Commercial St, Glenns Ferry

Source: Idaho Transportation Department / Idaho State Historical Society (#198)</desc><type>Oregon / California Trail</type><sym>Flag, Blue</sym><cmt>ID-198</cmt></wpt>
<wpt lat="42.953495" lon="-115.299863"><name>Glenn's Ferry</name><desc>Heavy Boise freight traffic from Pacific rail terminals in Utah and Nevada led Gus Glenn to start a ferry here in 1870.

THIS CROSSING (just below I-84's bridges) connected to a shorter and better freight road. James S. Reynolds noted its advantages: "By it King Hill, Clear Creek Hill, and that horrid road between Canyon Creek and Rattlesnake are avoided." Indians captured and sank Glenn's Ferry during a Bannock War skirmish here in 1878. But overland stage service started here in 1879 and lasted until Glenn's Ferry became an important railroad center in 1883.

S Commerical St, Glenns Ferry

Source: Idaho Transportation Department / Idaho State Historical Society (#199)</desc><type>Transportation</type><sym>Flag, Blue</sym><cmt>ID-199</cmt></wpt>
<wpt lat="42.745878" lon="-114.851357"><name>Salmon Falls</name><desc>In 1812, Joseph Miller found 100 lodges of Indians spearing thousands of salmon each afternoon at a cascade below here. Each summer they dried a year's supply.

After 1842, they also traded salmon to Oregon Trail emigrants. John C. Fremont marveled at Salmon Falls 18-foot vertical drop, adjacent to "a sheet of foaming water...divided and broken into cataracts" by islands that "give it much picturesque beauty, and make it one of those places that the traveler turns again and again to fix in his memory."

US-30 MP 186.97

Source: Idaho Transportation Department / Idaho State Historical Society (#204)</desc><type>Native American</type><sym>Flag, Blue</sym><cmt>ID-204</cmt></wpt>
<wpt lat="42.698995" lon="-114.856638"><name>Payne's Ferry</name><desc>A scow powered by oarsmen let Oregon Trail wagons cross Snake River here from 1852 to 1870.

Then Overland Stage service from Boise to a rail terminal in Kelton, Utah, was moved to this crossing, and M.E. Payne installed a large (14 by 60 foot) new cable ferry that used river current for power. After stage service was shifted to a more direct route at Glenns Ferry in 1879, this boat handled mostly local traffic until 1910, when it broke away and sank 3 miles below here.

US-30 MP 190.44

Source: Idaho Transportation Department / Idaho State Historical Society (#206)</desc><type>Oregon / California Trail</type><sym>Flag, Blue</sym><cmt>ID-206</cmt></wpt>
<wpt lat="42.509138" lon="-113.925524"><name>Milner Dam</name><desc>When completed in 1904, Milner Dam raised the Snake River 38 feet to divert water into major north and south side canals.

A gravity system unmatched in size in national reclamation development, this project irrigates 360,000 acres of land. Twin Falls, Jerome, and a half dozen other communities suddenly sprang up in a desert plain watered by 160 miles of main canals. Located on lava channels formed by two rock islands, Milner Dam's three segments (462, 404, and 280 feet in length) were built by four locally powered electric cranes that were an engineering marvel of that time.

US-30 MP 249.99

Source: Idaho Transportation Department / Idaho State Historical Society (#208)</desc><type>Engineering / technology</type><sym>Flag, Blue</sym><cmt>ID-208</cmt></wpt>
<wpt lat="42.140876" lon="-111.911184"><name>Bear River Massacre</name><desc>Very few Northwestern Shoshoni survived a battle here that turned into a massacre by Col. P.E. Connor's California Volunteers.

In 1863, Connor and his force set out from Salt Lake City on a cold January campaign in response to friction between Indians and white travelers. They found more than 400 Shoshoni settled in a winter camp on Battle Creek. When Connor struck at daybreak on January 29, the Shoshoni suffered a massacre unrivaled in Western history.

US-91 MP 13.18

Source: Idaho Transportation Department / Idaho State Historical Society (#216)</desc><type>Native American</type><sym>Flag, Blue</sym><cmt>ID-216</cmt></wpt>
<wpt lat="42.657760" lon="-111.625914"><name>Camp Connor</name><desc>Col. P.E. Connor set up the old town of Soda Springs, now mostly flooded, and an adjacent army post near here May 20, 1863.

The gold rush to Idaho had greatly increased traffic on the Oregon Trail, and the post was needed to protect travelers from the Indians. Along with his troops, Connor brought 160 settlers from Utah, and the town they founded became the Oneida County seat from 1864-66. It soon declined, but in 1870 Brigham Young visited here and established the present townsite just east of the earlier location.

SH-34 MP 403.93

Source: Idaho Transportation Department / Idaho State Historical Society (#218)</desc><type>Pioneer / settlement</type><sym>Flag, Blue</sym><cmt>ID-218</cmt></wpt>
<wpt lat="42.647810" lon="-111.702131"><name>John Bidwell</name><desc>In 1840, John Bidwell began to assemble emigrants from Missouri to open a road to California; and a year later, he set out with a party of 69 Pacific Coast pioneers.

When they reached here, August 12, 1841, half of his group decided to go northwest to Oregon instead. But his California crew turned south down Bear River to try a terrible route west of Salt Lake. So Joseph R. Chiles returned east in 1842 to find a practical California Trail across Idaho through Fort Hall and Granite Pass.

US-30 (Power Plant Rd) MP 399.95

Source: Idaho Transportation Department / Idaho State Historical Society (#219)</desc><type>Oregon / California Trail</type><sym>Flag, Blue</sym><cmt>ID-219</cmt></wpt>
<wpt lat="42.647817" lon="-111.702162"><name>Bear River Lava</name><desc>Until about 28,000 years ago, Bear River used to flow northwest from here through Portneuf Canyon into Snake River.

Then these lava eruptions blocked that route, diverting Bear River south into what now is Salt Lake. At that time a large inland sea--known as Lake Bonneville--covered much of Utah. Additional water from Bear River helped make it overflow into Snake River before a change in climate dried it up about 8,000 years ago.

US-30 (Power Plant Rd) MP 399.95

Source: Idaho Transportation Department / Idaho State Historical Society (#220)</desc><type>Geology / natural history</type><sym>Flag, Blue</sym><cmt>ID-220</cmt></wpt>
<wpt lat="44.411416" lon="-112.196219"><name>Beaver Canyon</name><desc>After Montana's gold rushes began in 1862, thousands of miners came past here, and a Beaver Canyon stage station was built here.

Freighters and travelers on stage lines from Salt Lake to Montana stopped at this station until Utah and Northern Railway service reached here in 1879. Large ranches also were supplied here until 1897, when they decided to move their Beaver Canyon town to a better site at Spencer.

I-15 (Near Exit 184) MP 184

Source: Idaho Transportation Department / Idaho State Historical Society (#222)</desc><type>Pioneer / settlement</type><sym>Flag, Blue</sym><cmt>ID-222</cmt></wpt>
<wpt lat="43.494261" lon="-112.044951"><name>Taylor's Bridge</name><desc>Idaho's earliest toll bridge spanned Snake River at this rocky site in 1865, replacing Eagle Rock Ferry, 9 miles upstream.

James Madison Taylor (a relative of Presidents Madison and Taylor and a founder of Denver, Colorado) settled here in 1864 to develop an improved route for his freight line from Salt Lake to Montana's new gold mines. After his bridge was built, telegraph service reached here, July 16, 1866, and Eagle Rock (as Idaho Falls was known until 1890) became a regional transportation center. A railroad bridge was built adjacent to Taylor's bridge in 1879.

I-15B Idaho Falls (River Pkwy) MP 6.73

Source: Idaho Transportation Department / Idaho State Historical Society (#223)</desc><type>Transportation</type><sym>Flag, Blue</sym><cmt>ID-223</cmt></wpt>
<wpt lat="43.494300" lon="-112.044947"><name>Eagle Rock Ferry</name><desc>On June 20, 1863, Bill Hickman started a ferry 9 miles up Snake River for thousands of gold hunters headed for mines that now are in Montana.

Named for an eagle that had a nest on a rock there, his ferry flourished until James Madison Taylor replaced it two years later with a bridge across a narrow lava gorge here. Idaho Falls eventually grew up around Taylor's bridge.

I-15B Idaho Falls (River Pkwy) MP 6.73

Source: Idaho Transportation Department / Idaho State Historical Society (#224)</desc><type>Transportation</type><sym>Flag, Blue</sym><cmt>ID-224</cmt></wpt>
<wpt lat="43.792530" lon="-111.110865"><name>John Colter</name><desc>Discovered this valley in 1808 while exploring the Yellowstone and Upper Snake Country in search of beaver.

Setting out all by himself with his gun and a 30 pound pack, he tried to get the Indians to join in his trapping business. On the way here from a Yellowstone post 240 miles to the northeast, he came upon Colter's Hell -- some hot springs near Cody, Wyoming. On his way back, he explored Yellowstone Park. In the spring of 1810, after several perilous escapes from the Blackfeet, he returned to Missouri, lucky to get back alive.

SH-33 MP 136.47

Source: Idaho Transportation Department / Idaho State Historical Society (#225)</desc><type>Pioneer / settlement</type><sym>Flag, Blue</sym><cmt>ID-225</cmt></wpt>
<wpt lat="43.783468" lon="-112.993535"><name>John Day's River</name><desc>Fur traders named this stream for John Day, a pioneer trapper who died in the valley north of here, February 16, 1820

John Day had started west with John Jacob Astor's Pacific Fur Company party that discovered the Snake River Valley to the south of here in 1811. After 1816 he joined Donald Mackenzie's band of fur hunters who finally spent the winter of 1819-1820 in what is now is known as little Lost River Valley. For many years, trappers and mapmakers referred to Mackenzie's campground as on John Day's River, which in now Little Lost River.

SH-33 MP 16.47

Source: Idaho Transportation Department / Idaho State Historical Society (#227)</desc><type>Pioneer / settlement</type><sym>Flag, Blue</sym><cmt>ID-227</cmt></wpt>
<wpt lat="43.996517" lon="-113.759471"><name>Goddin's River</name><desc>Known as Goddin's River in the days of the fur trade, this stream originally was named for the trapper who discovered it.

Thyery Goddin, a prominent Iroquois who explored this river in 1819 or 1820, had come here with Donald Mackenzie's fur hunters who worked for the North West Company of Montreal. Well stocked with beaver until it was trapped out in 1824, Goddin's River offered a wealth of furs to early trappers. Then after the fur trade was over, the river's original name was forgotten. Later settlers called it Lost River because it sinks into the desert lava.

US-93 MP 119.53

Source: Idaho Transportation Department / Idaho State Historical Society (#229)</desc><type>Pioneer / settlement</type><sym>Flag, Blue</sym><cmt>ID-229</cmt></wpt>
<wpt lat="44.456712" lon="-113.241139"><name>Gilmore</name><desc>Lack of a good transportation system delayed serious lead and silver mining at Gilmore from 1880 to 1910.

Construction of a branch railroad from Montana to serve this mining area resulted in a production of $11,520,852 before a power plant explosion halted operations here in 1929. Old Gilmore and Pittsburgh Railway grades are visible north of here and remnants of Gilmore, where current residents still preserve its heritage, remain from that bygone mining era.

SH-28 MP 73.25

Source: Idaho Transportation Department / Idaho State Historical Society (#234)</desc><type>Mining / industry</type><sym>Flag, Blue</sym><cmt>ID-234</cmt></wpt>
<wpt lat="43.890602" lon="-114.784059"><name>Vienna</name><desc>Levi Smiley found gold on Smiley Creek in 1878, and E.M. Wilson discovered a still richer lode 8 miles above here near Vienna, on June 4, 1879.

Before shutting down in 1886, Vienna was a thriving mining camp with a $200,000 twenty-stamp mill to crush gold ore nearby. Miners here supported 14 saloons, 3 stores, 2 meat markets, a bank, a hotel, a sawmill, 2 livery stables, 6 restaurants, and, in 1882, a newspaper. More than 200 buildings disappeared when Vienna became a ghost town shortly after 1900.

SH-75 MP 164

Source: Idaho Transportation Department / Idaho State Historical Society (#235)</desc><type>Mining / industry</type><sym>Flag, Blue</sym><cmt>ID-235</cmt></wpt>
<wpt lat="44.271187" lon="-114.735364"><name>Yankee Fork Mines</name><desc>In April, 1879, roads to Yankee Fork were "lined with stampeders ... afoot or on horseback, in bull teams and shaky wagons."

The gold rush here came at the end of a dozen years of prospecting, mostly after the rush to Loon creek (just north of Yankee Fork) had brought in a horde of gold hunters in 1869. Discovery of the General Custer mine in 1876 made Yankee Fork into Idaho's leading mineral region for a year or two. A Forest Service museum at Custer (10 miles north of here) tells the story of Yankee Fork.

Source: Idaho Transportation Department / Idaho State Historical Society (#237)</desc><type>Mining / industry</type><sym>Flag, Blue</sym><cmt>ID-237</cmt></wpt>
<wpt lat="44.813936" lon="-113.271981"><name>Bannock Pass</name><desc>This traditional Indian route provided access from Montana's buffalo country to Snake and Salmon River fishing streams.

Hudson's Bay Company trapping expeditions came this way after 1822, and prospectors followed searching for mines. Then in 1877, Nez Perce war combatants returned from Montana to Idaho through Bannock Pass on their way from Big Hole battleground to Yellowstone Park and Canada. From 1910 to 1939, railroad trains from Dillon to Salmon steamed through here. Old Gilmore and Pittsburgh railroad tunnels and grades still can be seen from this highway.

SH-29 MP 13.57

Source: Idaho Transportation Department / Idaho State Historical Society (#238)</desc><type>Transportation</type><sym>Flag, Blue</sym><cmt>ID-238</cmt></wpt>
<wpt lat="45.051143" lon="-113.685299"><name>Sacajawea</name><desc>Returned to her homeland in this valley in 1805 as an interpreter for Lewis and Clark when they explored these mountains.

When she was only about 14 years old, she had been captured by Indians in Montana, where her people were out hunting buffalo in 1800. Reunited with her family, she helped Lewis and Clark obtain Indian horses and a Shoshoni guide to show them how to reach their Columbia River destination.

SH-28 MP 122.37

Source: Idaho Transportation Department / Idaho State Historical Society (#239)</desc><type>Native American</type><sym>Flag, Blue</sym><cmt>ID-239</cmt></wpt>
<wpt lat="42.155756" lon="-114.674524"><name>Salmon Dam</name><desc>Constructed in 1910 about 8 miles west of here, the Salmon Dam was a spectacular early irrigation structure.

220 feet high, it blocks a narrow lava gorge of Salmon Falls Creek. Intended to create a large reservoir to irrigate desert lands north of here, it was only a partial success. Porous lava canyon walls let water escape around it, and lack of rainfall in Nevada's desert above here provided less than enough moisture for this reservoir. It did not fill up until 1984.

US-93 MP 11.2

Source: Idaho Transportation Department / Idaho State Historical Society (#240)</desc><type>Engineering / technology</type><sym>Flag, Blue</sym><cmt>ID-240</cmt></wpt>
<wpt lat="45.243770" lon="-113.894299"><name>Fort Bonneville</name><desc>In a grove of cottonwoods across the river, Capt. B.L.E. Bonneville established a winter fur trade post, Sept. 26, 1832.

His fort, described by a rival trapper as "a miserable establishment"---"consisted of several log cabins, low, badly constructed, and admirably situated for besiegers only, who would be sheltered on every side by timber, brush, etc." But several bands of friendly Flathead and Nez Perce Indians camped nearby, and Bonneville fully enjoyed his hunter's life here in the midst of "a wild and bustling scene."

US-93 MP 310.04

Source: Idaho Transportation Department / Idaho State Historical Society (#241)</desc><type>Pioneer / settlement</type><sym>Flag, Blue</sym><cmt>ID-241</cmt></wpt>
<wpt lat="45.543280" lon="-113.929436"><name>Gibbonsville</name><desc>British investment in a large Gibbonsville mine after 1880 made this an important gold camp until 1899.

Discovery of a major lode here in 1877 and construction of a good wagon road to a Utah and Northern Railway terminal in Montana brought prosperity when mining was not suspended because of litigation. With close to 100 buildings, two saw mills, a roller mill, five stamp mills, a newspaper, and six to eight saloons, Gibbonsville produced about $2,000,000 in gold.

US-93 MP 336.95

Source: Idaho Transportation Department / Idaho State Historical Society (#243)</desc><type>Mining / industry</type><sym>Flag, Blue</sym><cmt>ID-243</cmt></wpt>
<wpt lat="46.635221" lon="-114.577657"><name>Lolo Summit</name><desc>The Lewis and Clark party crossed this pass Sept. 13, 1805, westbound for the Pacific after a long detour to the south.

From the headwaters of the Missouri they had crossed the mountains to the Salmon. Finding that river impassable, they traded for packhorses, hired an Indian guide, and came north to an Indian trail across the mountains here. Tired and ill-fed, the men were to have a hard struggle in early snow along the steep ridges which the trail followed for most of its 125 mile course west to the Clearwater River.

US-12 (Elk Meadows Rd) MP 174.39

Source: Idaho Transportation Department / Idaho State Historical Society (#247)</desc><type>Lewis &amp; Clark</type><sym>Flag, Blue</sym><cmt>ID-247</cmt></wpt>
<wpt lat="46.444175" lon="-116.214793"><name>Lewis and Clark</name><desc>On their way west, in 1805, Lewis and Clark descended into Clearwater Canyon on an old Indian Trail across from here.

After more than a month's search, they finally had reached a westward river where they could use canoes. From here they continued another 16 miles with their pack horses before they found a campsite with trees suitable for making canoes. But at this point, they had finished their difficult mountain passage to navigable Columbia water.

US-12 MP 47.35

Source: Idaho Transportation Department / Idaho State Historical Society (#249)</desc><type>Lewis &amp; Clark</type><sym>Flag, Blue</sym><cmt>ID-249</cmt></wpt>
<wpt lat="46.511234" lon="-116.561354"><name>Slaterville</name><desc>served as the steamboat port for the Clearwater gold rush which followed mineral discoveries at Pierce in 1860.

Founded by Seth S. Slater, May 6, 1861, Slaterville (permanent population, 50) had 5 edifices- built mainly of colored blankets-- 2 stores, 2 houses, and a saloon. When the Colonel Wright "snapped her tow-line on the Grand Rapids and went whirling through the Big Eddy" just below here, May 13, Lewiston was founded to replace the new port. One more steamer reached here June 1, but Slaterville was doomed.

US-12 (Lenore Rest Area) MP 27.75

Source: Idaho Transportation Department / Idaho State Historical Society (#250)</desc><type>Mining / industry</type><sym>Flag, Blue</sym><cmt>ID-250</cmt></wpt>
<wpt lat="42.140909" lon="-111.911249"><name>Utah &amp; Northern Railway</name><desc>One mile south and directly west of this highway, an old 1878 railway grade, still is visible, although trains have not used it since 1890.

Jay Gould-- a nationally prominent financier and Union Pacific owner-- extended Utah and Northern service north from Franklin to Montana by 1880. A narrow gauge line until 1887, it helped build up Cache Valley and accounted for many new Idaho cities and towns farther north. But small, wood-burning locomotives had a hard time ascending this hill. After a more direct route 4 miles west of here was completed, service north of Preston was abandoned on this grade.

US-91 MP 13.18

Source: Idaho Transportation Department / Idaho State Historical Society (#257)</desc><type>Railroad</type><sym>Flag, Blue</sym><cmt>ID-257</cmt></wpt>
<wpt lat="46.076258" lon="-115.975333"><name>Nez Perce War</name><desc>After the Clearwater battle on the heights above here, July 11-12, 1877, the Indians crossed the Lolo Trail to Montana.

Advancing northward along the high ground with 600 troops and artillery, General Howard found the Indian camp on the flat across the river. But 24 brave Indians blocked his advance, and 100 more pinned him in rifle pits for a day. Then the Indians, camp and all, moved slowly northward past Kamiah, while Howard followed without fighting. There the Indians decided to move east away from the troops.

SH-13 MP 21.21

Source: Idaho Transportation Department / Idaho State Historical Society (#259)</desc><type>Native American</type><sym>Flag, Blue</sym><cmt>ID-259</cmt></wpt>
<wpt lat="46.375816" lon="-115.951493"><name>Lewis and Clark</name><desc>Journeying toward the Clearwater, 6 men under Clark met the Nez Perce Indians not far from here, September 20, 1805.

Clark first saw 3 frightened Indian boys, who hid in the grass. Finding two, he reassured them with small presents and "Sent them forward to the village." The Indian people, though naturally somewhat nervous in greeting the first whites to reach their land, fed Clark's men. The next day, Clark "collected a horse load of roots &amp; 3 Sammon" to send back to the main expedition. QUOTATIONS FROM THE ORIGINAL JOURNALS OF LEWIS AND CLARK.

SH-11 MP 17.26

Source: Idaho Transportation Department / Idaho State Historical Society (#261)</desc><type>Lewis &amp; Clark</type><sym>Flag, Blue</sym><cmt>ID-261</cmt></wpt>
<wpt lat="46.441817" lon="-116.892685"><name>Coyote's Fishnet</name><desc>A Nez Perce Indian legend tells how Coyote and Black Bear had a falling out while fishing here long ago.

Coyote, the all-powerful animal spirit, was having a good time until Black Bear, the busybody, began to tease him. Finally losing his temper, Coyote tossed his huge fishnet onto the hills across the river. To teach Black Bear a lesson, Coyote threw him to the top of the hill on his side and turned him to stone. The Nez Perce people know just where to look for the net and unfortunate bear.

US-12 MP 306.78

Source: Idaho Transportation Department / Idaho State Historical Society (#262)</desc><type>Native American</type><sym>Flag, Blue</sym><cmt>ID-262</cmt></wpt>
<wpt lat="43.993847" lon="-116.936040"><name>Snake River</name><desc>The valley of the Snake, historic passage from the Midwest to the Northwest, has been a primary route for travel since the days of Indians and fur traders.

The Oregon Trail forded the river at Old Fort Boise, the Hudson's Bay Company post 12 miles upstream. Many a famous early westerner saw the valley you now see - though the look of the land has changed since white settlement brought irrigated farms. Today the river provides both irrigation and power along its thousand-mile course from the Yellowstone country to the Columbia. Highways, railroads, and airlines follow its open valley east of here; but to the north, Hell's Canyon of the Snake is still almost impassable to man.

I-84 (Snake River View Rest Area) MP 0.95

Source: Idaho Transportation Department / Idaho State Historical Society (#263)</desc><type>Transportation</type><sym>Flag, Blue</sym><cmt>ID-263</cmt></wpt>
<wpt lat="46.445670" lon="-116.843514"><name>Ant &amp; Yellowjacket</name><desc>According to a Nez Perce Indian legend the stone arch up the hill was once two fighting insects.

Ant and Yellowjacket had an argument and came to blows over who had the right to eat dried salmon here. Fighting fiercely, they failed to notice Coyote, the all-powerful animal spirit. Even when he ordered them to stop, they kept on struggling. For not heeding his warning, he turned them to stone while their backs were arched and their jaws locked together in combat.

US-12 MP 10.93

Source: Idaho Transportation Department / Idaho State Historical Society (#264)</desc><type>Native American</type><sym>Flag, Blue</sym><cmt>ID-264</cmt></wpt>
<wpt lat="43.626698" lon="-115.988261"><name>The Old Toll Road</name><desc>to Idaho City crossed the ridge from Boise through the lowest point you can see, in the skyline across the valley.

Climbing the More's creek canyon wall, it crossed this highway about here and swung north. The road was built and stage services began in 1864 when Idaho City was the largest town in the Pacific Northwest. Even though the road was shorter than today's highway, it was a long, hard day's trip from Boise to Idaho City. A stage from this run is in the State Museum in Boise.

SH-21 MP 20.19

Source: Idaho Transportation Department / Idaho State Historical Society (#266)</desc><type>Transportation</type><sym>Flag, Blue</sym><cmt>ID-266</cmt></wpt>
<wpt lat="44.101980" lon="-111.452976"><name>The Three Tetons</name><desc>The giant peaks to the southeast were a famous early Western landmark known to fur hunters and mountain men.

Perhaps as early as 1819, French-speaking trappers were calling them the Trois Tetons -- the three breasts. More prosaic English speaking mountain men named them the Pilot Knobs, but the romantic French name stuck. This is one of the finest views of the peaks from the west, the side from which they were seen by the men who named them.

US-20 MP 362.71

Source: Idaho Transportation Department / Idaho State Historical Society (#267)</desc><type>Geology / natural history</type><sym>Flag, Blue</sym><cmt>ID-267</cmt></wpt>
<wpt lat="45.659771" lon="-113.975933"><name>Lewis and Clark</name><desc>On their way north searching for a route over Idaho's mountain barrier, Lewis and Clark left this canyon and ascended a high ridge to reach Bitterroot Valley. September 3-4, 1805.

No Indian trail came this way, but Tobe, their experienced Shoshoni guide, got them past here anyway. They had to follow a difficult ridgetop divide over peaks more than 1000 feet higher than this highway. They met some Flathead Indians who surprised them by speaking a language stranger than anything they had ever heard.

US-93 MP 346.09

Source: Idaho Transportation Department / Idaho State Historical Society (#269)</desc><type>Lewis &amp; Clark</type><sym>Flag, Blue</sym><cmt>ID-269</cmt></wpt>
<wpt lat="44.142692" lon="-112.900076"><name>Prehistoric Man</name><desc>Archaeological research has traced human occupation of this valley back more than ten thousand years.

The first men here found the valley forested. As the climate became drier, other mountain dwellers--known to archaeologists as people of the Bitterroot culture--settled here, perhaps about 8000 years ago. These forerunners of the modern northern Shoshoni Indians lived in family bands and hunted big game, such as bison and mountain sheep.

SH-28 MP 44.37

Source: Idaho Transportation Department / Idaho State Historical Society (#270)</desc><type>Native American</type><sym>Flag, Blue</sym><cmt>ID-270</cmt></wpt>
<wpt lat="43.825613" lon="-111.906251"><name>Beaver Dick</name><desc>This park is named for "Beaver Dick," a mountain man of late fur trade days, who lived in this locality until 1899.

He was born in England, and his real name was Richard Leigh. He came west as a trapper, but the real fur trade was already over. So he married a Shoshoni woman and stayed hereabouts. A popular early outfitter and guide, he served the famous Hayden surveying party in 1872: Leigh Lake in Grand Teton National Park is named for him and Jenny Lake for his first wife. A picturesque character, he was widely known and liked.

SH-33 (Beaver Dick Park) MP 73.36

Source: Idaho Transportation Department / Idaho State Historical Society (#273)</desc><type>Pioneer / settlement</type><sym>Flag, Blue</sym><cmt>ID-273</cmt></wpt>
<wpt lat="42.784176" lon="-112.850608"><name>American Falls</name><desc>The town is named for the nearby falls of Snake River, a famous landmark for fur trappers and early Western travelers.

The Oregon Trail passed close to the falls, which had been named in contrast to "Canadian Falls"--now known as Shoshone Falls--95 miles downstream. The town of American Falls was founded when the railroad came in 1882, and served a ranching area. An important power dam was built in 1902. When the present large irrigation dam was built in 1925-1927, the town had to be moved out of the reservoir area.

Harrison St, American Falls (City Park)

Source: Idaho Transportation Department / Idaho State Historical Society (#274)</desc><type>Pioneer / settlement</type><sym>Flag, Blue</sym><cmt>ID-274</cmt></wpt>
<wpt lat="42.225270" lon="-111.400866"><name>Paris</name><desc>This pioneer Idaho town was founded Sept. 26, 1863, when a wagon train brought more than 30 families of Mormon colonizers.

More pioneers soon followed, some living in huts of quaking aspen and others building log cabins for the mild first winter. Next spring, 700 more people arrived in the valley. The second winter was terrible, but the settlers persevered. They thought they were in Utah until an 1872 boundary survey showed this was part of Idaho. When Bear Lake County was created in 1875, Paris became county seat.

US-89 MP 15.83

Source: Idaho Transportation Department / Idaho State Historical Society (#275)</desc><type>Pioneer / settlement</type><sym>Flag, Blue</sym><cmt>ID-275</cmt></wpt>
<wpt lat="42.662427" lon="-114.285191"><name>Prehistoric Hunters</name><desc>Bone fragments of extinct species of ground sloth, horse, camel, and elephant found in a nearby cave mingle with weapons and radiocarbon dates from Idaho's earliest hunters

Archaeologists have confirmed that people camped here at least 10,000 years ago, some suspect they might have arrived 6,000 years earlier. The youngest occupation layer began at 1300 A.D. and includes figurines, baskets, moccasins and pottery -- and bones of much smaller animals than those hunted by the Paleoindian pioneers.

SH-25 MP 14.84

Source: Idaho Transportation Department / Idaho State Historical Society (#276)</desc><type>Native American</type><sym>Flag, Blue</sym><cmt>ID-276</cmt></wpt>
<wpt lat="43.342119" lon="-114.863480"><name>Bannock War</name><desc>Angered by encroachment on Camas Prairie lands which had been guaranteed to the Bannock Indians by treaty, Buffalo Horn's band went to war May 30, 1878.

Trouble had been brewing on the reservation for years, and the government had consistently disregarded its treaty obligations. Some Bannocks still refused to get involved, but the rest began the war in this valley and fought clear to central Oregon before returning, defeated, to Idaho and Wyoming.

US-20 MP 148.56

Source: Idaho Transportation Department / Idaho State Historical Society (#277)</desc><type>Native American</type><sym>Flag, Blue</sym><cmt>ID-277</cmt></wpt>
<wpt lat="43.914242" lon="-116.198063"><name>Horse Shoe Bend</name><desc>Gold was struck in Boise Basin (over the ridge to the east) in 1862, and the rush to these new mines came through here.

Traffic came by steamer up the Columbia to Umatilla, and thence overland. At first there were only pack and saddle trains, but in 1864, John Hailey, a famous Idaho pioneer, ran stages this way, and a toll road up Harris Creek was opened shortly. Though other routes to the Basin also developed, freighters continued to come through Horse Shoe Bend for many years.

SH-55 MP 64.42

Source: Idaho Transportation Department / Idaho State Historical Society (#278)</desc><type>Pioneer / settlement</type><sym>Flag, Blue</sym><cmt>ID-278</cmt></wpt>
<wpt lat="46.695346" lon="-117.008056"><name>University of Idaho</name><desc>Like this long highway, the University of Idaho links together the northern and southern parts of the state of Idaho.

Established by the territorial legislature, Jan. 30, 1889, the university opened in the fall of 1892. As Idaho's land grant institution, the university was charged to bring the benefits of quality teaching, research, and service to the people of Idaho. Its nine colleges and its graduate school now serve thousands of students and is a major center for higher education in Idaho.

US-95 MP 342.69

Source: Idaho Transportation Department / Idaho State Historical Society (#279)</desc><type>Education</type><sym>Flag, Blue</sym><cmt>ID-279</cmt></wpt>
<wpt lat="42.262964" lon="-112.762611"><name>Twin Springs</name><desc>This was a major campground in the days of the California Gold Rush after Hudspeth's Cutoff brought the trail here in 1849.

Except in wet seasons, there was no water for 22 miles to the east. Parties often had to travel late into the night across that rough country to reach these two great springs and avoid the hardships of a dry camp. From here they had two more tough ranges to cross before reaching the new perils of the Humboldt and high Sierra. You can still see their trail winding up the hill to the west.

N Holbrook Rd (Old SH-37)

Source: Idaho Transportation Department / Idaho State Historical Society (#282)</desc><type>Oregon / California Trail</type><sym>Flag, Blue</sym><cmt>ID-282</cmt></wpt>
<wpt lat="43.547323" lon="-116.801222"><name>Froman's Ferry</name><desc>In 1888 George Froman built a ferry about a mile downstream from here. It operated until a bridge was built here in 1921.

The ferry barge was connected by ropes to a pulley that slid along a cable spanning the river. By angling the barge into the swift current, the ferryman could make it across the stream in either direction with no other power. Ferries of this type were a common solution to the transportation problem imposed on the pioneers by western rivers. There were several others not far upstream.

SH-55 MP 2.58

Source: Idaho Transportation Department / Idaho State Historical Society (#283)</desc><type>Transportation</type><sym>Flag, Blue</sym><cmt>ID-283</cmt></wpt>
<wpt lat="42.504861" lon="-114.200225"><name>Caldron Linn</name><desc>In 1811 the Hunt party likened the terrific torrent of the Snake three miles east of here to a boiling caldron, adding the old Scottish word "linn," meaning a waterfall.

They had lost a man and a canoe in a roaring chute upstream. Finding worse water ahead they abandoned river travel. Next year, another explorer said of Caldron Linn, "Its terrific appearance beggars all description." Today no road reaches the spot and the name is forgotten.

US-30 MP 233.85

Source: Idaho Transportation Department / Idaho State Historical Society (#284)</desc><type>Geology / natural history</type><sym>Flag, Blue</sym><cmt>ID-284</cmt></wpt>
<wpt lat="43.302807" lon="-112.268935"><name>Lava Formations</name><desc>Molten rock, forced upward for 30 to 50 miles through fissures in the earth, has cooled into the hard lava found here.

Continued pressure from below has made great cracks in the contorted surface. This lava solidified only a few thousand years ago, and not very much soil covers it yet. But vegetation is getting a start and unless new flows intervene, windblown soils will cover these rock layers. Then the surface here will look the same as the surrounding plains, which also are layers of lava and windblown soils.

I-15 (N Blackfoot Rest Area NB) MP 101.15

Source: Idaho Transportation Department / Idaho State Historical Society (#287)</desc><type>Geology / natural history</type><sym>Flag, Blue</sym><cmt>ID-287-402</cmt></wpt>
<wpt lat="42.859196" lon="-112.434815"><name>Idaho State University</name><desc>This great institution began here on Sept. 22, 1902, with 4 teachers and 40 students.

Originally the Academy of Idaho, it became Idaho Technical Institute in 1915, the Southern Branch of the University of Idaho in 1927, and Idaho State College in 1947. Its development of professional and graduate programs and its continued growth in stature led to its designation as a university in 1963.

I-15B Pocatello (ISU Campus) MP 1.94

Source: Idaho Transportation Department / Idaho State Historical Society (#289)</desc><type>Education</type><sym>Flag, Blue</sym><cmt>ID-289</cmt></wpt>
<wpt lat="43.655570" lon="-116.677267"><name>The College of Idaho</name><desc>Planned by the Presbyterians of southern Idaho in 1884 and opened with 19 students in 1891, this is Idaho's oldest college.

William Judson Boone, the founder, remained president for 45 years. From a modest beginning with a faculty of 8 (including two later governors and a chief justice), it grew to full college status and moved in 1910 to this site, then an alkali desert. A Boise Valley electric railroad served the college, and an interurban station, always known as the "Hat," still stands on the campus as a reminder of the college's pioneer days.

I-84 (C of I Campus) MP 50.8

Source: Idaho Transportation Department / Idaho State Historical Society (#291)</desc><type>Education</type><sym>Flag, Blue</sym><cmt>ID-291</cmt></wpt>
<wpt lat="43.886775" lon="-114.742975"><name>Salmon River</name><desc>Rising as a small stream in the valley to the south, the Salmon River winds 420 miles across Idaho before flowing into Snake River.

Discovered in 1805 by Lewis and Clark, and explored with great difficulty by fur traders and prospectors, the Salmon drains a vast tangle of rugged mountains and deep canyons. Until after 1950, boats could not ascend the main canyon, so the Salmon got the name "river of no return". Large tracts of untamed wilderness still are found in the Salmon River mountains.

SH-75 MP 160.79

Source: Idaho Transportation Department / Idaho State Historical Society (#292)</desc><type>Geology / natural history</type><sym>Flag, Blue</sym><cmt>ID-292</cmt></wpt>
<wpt lat="44.445776" lon="-116.800135"><name>An Early Industry</name><desc>At the top of this hill 3 to 5000 years ago, prehistoric men had a rock quarry where they made a variety of stone tools.

Projectiles, knives, and scrapers were among the tools made by these early people who camped at the foot of the hill. These nomads hunted deer and other game, collected plant foods, and fished in the river here. They had spears and spear throwers for hunting and fishing, and mortars and pestles for grinding roots and berries. Archaeologists have not yet determined when this industry shut down.

US-95 (Midvale Hill Rest Area) MP 100.97

Source: Idaho Transportation Department / Idaho State Historical Society (#293)</desc><type>Native American</type><sym>Flag, Blue</sym><cmt>ID-293</cmt></wpt>
<wpt lat="45.801791" lon="-116.287106"><name>Nez Perce War</name><desc>Near the base of this hill, over 100 cavalrymen and volunteers met disaster in the opening battle of the Nez Perce War.

Rushing from Grangeville on the evening of June 16, 1877, Captain David Perry planned to stop the Indians from crossing the Salmon River to safety from pursuit. At daylight the next morning, he headed down the ravine below you. Some sixty to eighty Indians wiped out a third of his force and the survivors retired in disorder. No Indians were killed.

US-95 MP 227.05

Source: Idaho Transportation Department / Idaho State Historical Society (#294)</desc><type>Native American</type><sym>Flag, Blue</sym><cmt>ID-294</cmt></wpt>
<wpt lat="43.844310" lon="-116.467986"><name>Freezeout Hill</name><desc>In 1862 Tim Goodale opened an Oregon Trail cutoff which descended a steep ridge just west of here into the valley below.

Later that year a gold rush to Boise Basin came up Payette valley, and the next summer farmers along the river started raising crops to supply the mines. For a year or more they were troubled by a notorious band of horse thieves based at Pickett's Corral located at the head of the valley before you. Late in 1864, the farmers organized the Payette Vigilance Committee and drove out the Pickett Corral gang.

SH-16 MP 110.97

Source: Idaho Transportation Department / Idaho State Historical Society (#295)</desc><type>Pioneer / settlement</type><sym>Flag, Blue</sym><cmt>ID-295</cmt></wpt>
<wpt lat="44.332785" lon="-113.082099"><name>Charcoal Kilns</name><desc>Charcoal for a smelter, active from 1885-1889 across the valley at Nicholia, was produced in 16 kilns 6 miles west of here.

Discovered in 1881, the Viola mine became an important source for lead and silver from 1886-1888. Ore also was hauled from Gilmore to the Viola smelter. British capital kept the Viola mine going until 1889, when the hoisting works burned. Low prices for lead and silver kept the smelter shut down after 1889, and charcoal production ceased here. You are invited to take a self-guided tour of the kilns, provided by the Targhee National Forest.

SH-28 MP 61.04

Source: Idaho Transportation Department / Idaho State Historical Society (#296)</desc><type>Mining / industry</type><sym>Flag, Blue</sym><cmt>ID-296</cmt></wpt>
<wpt lat="43.548466" lon="-113.008058"><name>Nuclear Reactors</name><desc>Since 1949, more nuclear reactors - over 50 of them - have been built on this plain than anywhere else in the world.

This 900-square-mile Idaho National Laboratory is the birthplace of the Nuclear Navy. Commercial power reactor prototypes, including reactors that breed more fuel than they consume were developed here. Also, internationally renowned for its materials testing reactors and reactor programs, this laboratory has become a major research center for developing peaceful uses of atomic energy.

US-20 (Big Lost River Rest Area) MP 265

Source: Idaho Transportation Department / Idaho State Historical Society (#297)</desc><type>Engineering / technology</type><sym>Flag, Blue</sym><cmt>ID-297</cmt></wpt>
<wpt lat="45.839770" lon="-116.236955"><name>Salmon River</name><desc>A vast mountain wilderness, cut by the mile deep Salmon River Canyon, stretches across Idaho south and east of here.

Travel through the Salmon River mountains always was hard in the early days. An 1872 railway survey showed the Salmon River canyon to be too expensive a route to build. Until a highway was finished down White Bird hill in 1921, only some pack trails and a difficult wagon road crossed the rugged mountain barrier that separated north and south Idaho.

US-95 MP 230.89

Source: Idaho Transportation Department / Idaho State Historical Society (#298)</desc><type>Geology / natural history</type><sym>Flag, Blue</sym><cmt>ID-298</cmt></wpt>
<wpt lat="42.885754" lon="-114.915055"><name>Fossil Beds</name><desc>Fossil bones of zebras, beaver, otter, pelicans and other water birds are found in sediments left from a 3,400,000 year old pond on the bluff across the Snake River.

Lava flows, pouring out over the plains on this side, met and dammed up sedimentary deposits washed in on the other side, making lakes and swamps. Here the river divides these two important geologic settings, formed at a time when the climate was wetter and the plains were tree-dotted grasslands where zebra-like horses used to graze.

US-30 MP 175.72

Source: Idaho Transportation Department / Idaho State Historical Society (#300)</desc><type>Geology / natural history</type><sym>Flag, Blue</sym><cmt>ID-300</cmt></wpt>
<wpt lat="43.826552" lon="-111.968461"><name>Menan Buttes</name><desc>Two cones of glassy lava are located directly south of here. The largest rises 800 feet above the surrounding plain.

Hot molten lava, erupting from great depth, met cold surface water in the wet flood plain of the Snake river: the northern butte, in fact, formed in the channel of Henry's fork, which was forced further east. Suddenly chilled into small particles of volcanic glass, the lava exploded up in a great spray of steam and solid fragments which built up into windblown cones around large summit craters a half mile long and 200 to 400 feet deep.

SH-33 MP 70.25

Source: Idaho Transportation Department / Idaho State Historical Society (#301)</desc><type>Geology / natural history</type><sym>Flag, Blue</sym><cmt>ID-301</cmt></wpt>
<wpt lat="43.881691" lon="-114.697222"><name>Alexander Ross</name><desc>Searching the mountain wilderness for beaver, Alexander Ross came up Wood River and discovered this summit, Sept. 18, 1824.

Leading a large brigade of Hudson's Bay Company trappers, he wondered whether he could get through unknown mountains and rocky defiles that obstructed his passage back to his base of operations at present Challis. Unwilling to tum back, he pressed on to explore Stanley Basin and the difficult canyon beyond. When he reached Challis, Oct. 6, he had traveled this highway route from Bellevue to Salmon, mostly through unexplored land.

SH-75 MP 156.01

Source: Idaho Transportation Department / Idaho State Historical Society (#302)</desc><type>Pioneer / settlement</type><sym>Flag, Blue</sym><cmt>ID-302</cmt></wpt>
<wpt lat="44.487388" lon="-114.217651"><name>Michel Bourdon</name><desc>This valley was discovered in 1822 by an expedition of Hudson's Bay Company trappers led by Michel Bourdon.

Bourdon had come to the Northwest with David Thompson, who had started the Idaho fur trade in 1808-9. Trappers searched everywhere for beaver and were active south of here for years before Bourdon took them farther into this mountain wilderness. Fur hunting went on for another decade in these parts before the country was trapped out and abandoned by the fur traders.

US-93 MP 245.27

Source: Idaho Transportation Department / Idaho State Historical Society (#303)</desc><type>Pioneer / settlement</type><sym>Flag, Blue</sym><cmt>ID-303</cmt></wpt>
<wpt lat="43.548435" lon="-113.008142"><name>Lost River</name><desc>When its water is not diverted for upstream irrigation, Lost River flows past here into a sink 14 miles to the northeast.

Lava flows in the Snake River plains buried old channels of the Lost River, Little Lost River, and Birch Creek. No longer able to reach the Snake on the surface, they went underground. After a 120-mile journey under the lava plains, water from the Lost River eventually emerges through numerous large springs below Twin Falls, making up a small part of the flow of Thousand Springs near Hagerman.

US-26 MP 265

Source: Idaho Transportation Department / Idaho State Historical Society (#304)</desc><type>Geology / natural history</type><sym>Flag, Blue</sym><cmt>ID-304</cmt></wpt>
<wpt lat="43.301396" lon="-115.315690"><name>Goodale's Cutoff</name><desc>An old emigrant road headed west across Camas Prairie and then descended to the valley below on its way to rejoin the Oregon Trail 28 miles west of here.

This route, discovered by Donald Mackenzie's fur trade party in 1820, came into use for emigrant wagons in 1852. Indian hostility along the regular Oregon Trail to the south led Timothy Goodale to bring a large emigrant party of Idaho pioneers this way in 1862, and after that, the road was known as Goodale's cutoff.

US-20 MP 124.39

Source: Idaho Transportation Department / Idaho State Historical Society (#305)</desc><type>Oregon / California Trail</type><sym>Flag, Blue</sym><cmt>ID-305</cmt></wpt>
<wpt lat="42.412419" lon="-113.578044"><name>Diamondfield Jack</name><desc>J.L. Davis....Diamondfield Jack....spent most of 6 years in the Cassia County jail while the courts and pardon board were trying to figure out what to do with him.

By far the best known of the gunmen who fought in Idaho's sheep and cattle wars, he was tried here for shooting two sheepherders in 1896. After he was convicted, other cattlemen confessed to the crime. Twice he narrowly escaped hanging, before the pardon board turned him loose late in 1902 after deciding he wasn't guilty after all. NOTE: THE OLD CASSIA COUNTY JAIL STOOD IN THIS PARK.

SH-77 MP 18.41

Source: Idaho Transportation Department / Idaho State Historical Society (#306)</desc><type>Pioneer / settlement</type><sym>Flag, Blue</sym><cmt>ID-306</cmt></wpt>
<wpt lat="46.471595" lon="-115.818140"><name>Chinese Hanging</name><desc>Charged with hacking a prominent local merchant to pieces, five Chinese were hanged here by vigilantes Sept. 18, 1885.

They were just setting out on a long, hard 240 mile trip from Pierce to face trial at the county seat in Murray when the vigilantes struck. A large group of armed, masked men forced the deputy sheriff and his posse to give up the Chinese prisoners and to return to Pierce. A marked trail leads 365 feet from here to the site where this incident occurred.

SH-11 MP 27.45

Source: Idaho Transportation Department / Idaho State Historical Society (#307)</desc><type>Pioneer / settlement</type><sym>Flag, Blue</sym><cmt>ID-307</cmt></wpt>
<wpt lat="46.357291" lon="-116.769416"><name>William Craig</name><desc>"A bluff jolly good fellow," he joined the Rocky Mountain fur trade in 1829, married a Nez Perce in 1838, and settled with the Lapwai band in 1840.

In 1850 the Oregon Donation Land Act gave free farms to pioneers who had come to Oregon territory. Craig had about the only eligible farm in Idaho (then part of Oregon) and filed a 640 acre claim here. When the Nez Perce Reservation was set up, the Indians trusted Craig and let him keep his farm.

US-95 MP 295.45

Source: Idaho Transportation Department / Idaho State Historical Society (#308)</desc><type>Pioneer / settlement</type><sym>Flag, Blue</sym><cmt>ID-308</cmt></wpt>
<wpt lat="46.222483" lon="-116.009779"><name>Asa Smith Mission</name><desc>A Massachusetts Congregationalist, Smith spent two years here learning the Nez Perce language and starting a mission.

Coming here May 10, 1839 to study with Lawyer, an important Nez Perce leader, he stayed to work on an Indian dictionary and to hold daily religious classes each spring and winter. After spending six months in a "mere hovel," he finished a comfortable home and started a garden of several acres. But he never got used to pioneer life here. Leaving Kamiah April 19, 1841, he moved to a mission in Hawaii.

US-12 MP 67.58

Source: Idaho Transportation Department / Idaho State Historical Society (#309)</desc><type>Native American</type><sym>Flag, Blue</sym><cmt>ID-309</cmt></wpt>
<wpt lat="46.222386" lon="-116.009724"><name>Long Camp</name><desc>In 1806, Lewis and Clark waited six weeks for snow to melt from the high ridges of the Lolo Trail to the east of here.

In May and June, they camped across the river from present-day Kamiah near the railroad bridge. With their Nez Perce friends, they hunted, traded and played games. They showed the Nez Perce "the power of magnetism, the spye glass, compass, watch, air gun and Sundry other articles...novel to them." Finally, with Indian guides, the captains set out on their long journey home.

US-12 MP 67.59

Source: Idaho Transportation Department / Idaho State Historical Society (#310)</desc><type>Lewis &amp; Clark</type><sym>Flag, Blue</sym><cmt>ID-310</cmt></wpt>
<wpt lat="45.020008" lon="-113.660264"><name>MacDonald's Battle</name><desc>Whooping and yelling, Blackfeet Indians and white trappers "fought like deamons" in the defile before you in 1823.

After the Hudson's Bay Company trappers burned the Indians out of a strong position by starting a large brush fire, the Blackfeet lost ten warriors in a hot battle. Though he came out the victor, Finnan MacDonald decided that before he would return to trap anywhere around here again, "the Beaver will have a Gould Skin."

SH-28 MP 119.96

Source: Idaho Transportation Department / Idaho State Historical Society (#312)</desc><type>Pioneer / settlement</type><sym>Flag, Blue</sym><cmt>ID-312</cmt></wpt>
<wpt lat="45.613638" lon="-116.281309"><name>Salmon River Canyon</name><desc>Some 15 million years ago, Salmon River ran across great Miocene lava flows above here and started to carve this deep canyon.

Then this part of the earth's surface gradually rose. As the mountains were rising, the river cut down into the older rock below. Many other Northwestern rivers cut similar gorges. The Snake flows through Hell's Canyon--deepest of them all--8 miles west of here.

US-95 MP 211.21

Source: Idaho Transportation Department / Idaho State Historical Society (#313)</desc><type>Geology / natural history</type><sym>Flag, Blue</sym><cmt>ID-313</cmt></wpt>
<wpt lat="46.461534" lon="-116.992069"><name>Lewis Clark State College</name><desc>was created by the Legislature in 1893 as a two-year normal school to train teachers.

After more than half a century of growth, Lewiston State Normal School expanded into a four-year college in 1947. An area vocational school and a nursing education program were added in 1965. Designated a state college in 1971, Lewis Clark continues to specialize in teacher education.

US-95 MP 316.6

Source: Idaho Transportation Department / Idaho State Historical Society (#314)</desc><type>Education</type><sym>Flag, Blue</sym><cmt>ID-314</cmt></wpt>
<wpt lat="43.792478" lon="-111.110864"><name>Teton Range</name><desc>Flanked by rock formations more than 2 1/2 billion years old, these 3 granite peaks rose up in less than 9 million years. Very new as mountains go, they still are rising.

Hinged at the base of the ridge before you, a block of rock 40 miles long broke along a fault line, where the rock tipped up to become the top of the ridge. During the past 1/4 million years, extensive glacial ice sculptured these spectacular peaks from the hard, resistant granite.

SH-33 MP 136.48

Source: Idaho Transportation Department / Idaho State Historical Society (#315)</desc><type>Geology / natural history</type><sym>Flag, Blue</sym><cmt>ID-315</cmt></wpt>
<wpt lat="46.510245" lon="-116.563325"><name>Indian Houses</name><desc>Indians have lived here next to this good fishing hole for 10,000 years.

As long as 3,000 years ago, they had large oval houses, 28 feet long by 24 feet wide. To build these houses, they put a bark and mat covering over a frame of 50 or so house posts. Four or more families lived in a house this size. From their village here by the river, they went out to hunt deer or to dig camas. They had to travel widely in their constant search for food.

US-12 (Lenore Rest Area) MP 27.64

Source: Idaho Transportation Department / Idaho State Historical Society (#316)</desc><type>Native American</type><sym>Flag, Blue</sym><cmt>ID-316</cmt></wpt>
<wpt lat="42.074480" lon="-112.911340"><name>Lake Bonneville</name><desc>20,000 years ago, this land was under water. Not far to the north, you can see the old shore of Lake Bonneville.

Formed in a basin from which no river reached the ocean, this became the largest lake in North America. Finally the lake rose enough to overflow into the Snake River. Then, after the climate got drier, and the great basin of Utah and Nevada became mostly a desert, the lake receded. Salt Lake and two other remnants are all that are left of this old 20,000 square mile lake.

I-84 (Juniper Rest Area EB) MP 269.08

Source: Idaho Transportation Department / Idaho State Historical Society (#317)</desc><type>Geology / natural history</type><sym>Flag, Blue</sym><cmt>ID-317-429</cmt></wpt>
<wpt lat="42.073029" lon="-112.905242"><name>Lake Bonneville</name><desc>20,000 years ago, this land was under water. Not far to the north, you can see the old shore of Lake Bonneville.

Formed in a basin from which no river reached the ocean, this became the largest lake in North America. Finally the lake rose enough to overflow into the Snake River. Then, after the climate got drier, and the great basin of Utah and Nevada became mostly a desert, the lake receded. Salt Lake and two other remnants are all that are left of this old 20,000 square mile lake.

I-84 (Juniper Rest Area WB) MP 269.35

Source: Idaho Transportation Department / Idaho State Historical Society (#317)</desc><type>Geology / natural history</type><sym>Flag, Blue</sym><cmt>ID-317-430</cmt></wpt>
<wpt lat="43.591072" lon="-115.998652"><name>More's Creek</name><desc>is named for J. Marion More, leader of the party of miners who founded Idaho City, October 7, 1862.

Like most of Idaho's early miners, he came originally from the South. Unlike most of them, he struck it rich. During the Idaho gold rush, he had profitable investments in many important mining camps. Hardly anyone else did as much to build Idaho during the early days.

SH-21 MP 17.14

Source: Idaho Transportation Department / Idaho State Historical Society (#318)</desc><type>Mining / industry</type><sym>Flag, Blue</sym><cmt>ID-318</cmt></wpt>
<wpt lat="42.183999" lon="-111.401531"><name>British Settlers</name><desc>Most early Bear Lake settlers came from Britain. One was the first woman convert to the LDS Church in Europe.

Born in Preston, England, Aug. 24, 1806, Ann Elizabeth Walmsley Palmer was baptized July 30, 1837. An invalid, she was carried into the water, but walked out unaided. After coming to Nauvoo, Illinois, in 1842, she drove an oxteam to Utah in 1849 and settled here in 1863. She died here Nov. 2, 1890. Through faith she gained the strength to overcome trials and to achieve triumphs.

US-89 MP 12.97

Source: Idaho Transportation Department / Idaho State Historical Society (#319)</desc><type>Pioneer / settlement</type><sym>Flag, Blue</sym><cmt>ID-319</cmt></wpt>
<wpt lat="43.816771" lon="-112.188504"><name>Market Lake</name><desc>The flat irrigated fields that stretch to the next interchange used to be a great Indian and trappers' hunting ground in an old lake that came and went.

In historic times Market Lake was formed during the great Snake River flood of 1853. When a new railroad grade blocked the overflow channel leading from the river, the lake disappeared for a time after 1887. Later irrigation seepage restored the lake, and now the level is regulated for farming and for a wildlife refuge.

I-15 MP 142.05

Source: Idaho Transportation Department / Idaho State Historical Society (#323)</desc><type>Geology / natural history</type><sym>Flag, Blue</sym><cmt>ID-323</cmt></wpt>
<wpt lat="44.068157" lon="-116.934833"><name>Francois Payette</name><desc>This park memorializes the Pacific Northwest's most successful French Canadian fur trapper, for whom this city and county are named.

In 1812, he came from Quebec to the Columbia at the age of 18. Moving inland to the Snake country in 1818, he trapped on Payette River, which was named for him that year.  For a decade prior to his retirement in 1844, he managed Fort Boise, 20 miles south of here. "A merry, fat old gentleman" he was noted for his kindness to Oregon Trail emigrants who found him exceedingly polite, courteous and hospitable.

6th Ave S, Payette (Kiwanis Park)

Source: Idaho Transportation Department / Idaho State Historical Society (#324)</desc><type>Pioneer / settlement</type><sym>Flag, Blue</sym><cmt>ID-324</cmt></wpt>
<wpt lat="44.959454" lon="-113.644473"><name>Lewis and Clark</name><desc>After crossing through Lemhi Pass, 12 miles east of here, Lewis unfurled the American flag for the first time west of the Rockies.

Meriwether Lewis met with 3 Shoshoni Indians near here on August 13, 1805. "...leaving my pack and rifle I took the flag which I unfurled and advanced toward them," Lewis reported. The Warm Springs road leads to a marker at the site, about 8 miles from here.

SH-28 MP 115.71

Source: Idaho Transportation Department / Idaho State Historical Society (#325)</desc><type>Lewis &amp; Clark</type><sym>Flag, Blue</sym><cmt>ID-325</cmt></wpt>
<wpt lat="42.620309" lon="-114.449300"><name>Emigrant Road</name><desc>More than a century ago, fur trappers and emigrants followed an old Indian trail that crossed here on its way to Oregon.

Hudson's Bay Company traders preferred this route between Fort Hall and Fort Boise, but early emigrant wagons had to travel a road south of Snake River until ferries and road improvements let wagons come this way. Shoshone Falls--known until 1849 as Canadian Falls to British and French trappers--was a spectacular attraction along this road.

US-93 MP 51.54

Source: Idaho Transportation Department / Idaho State Historical Society (#326)</desc><type>Pioneer / settlement</type><sym>Flag, Blue</sym><cmt>ID-326</cmt></wpt>
<wpt lat="45.801997" lon="-116.286982"><name>White Bird Grade</name><desc>For 60 years after construction was completed in 1915, White Bird Grade (across the valley) served Idaho's only north-south highway.

Many tortuous curves and switchbacks--which, if placed together, made 37 complete circles--let the old road climb 2,900 feet in 14 miles. Gaining an elevation of 4429 feet at its summit, that route represented a significant engineering and construction achievement. This new grade did not replace it until 1975.

US-95 MP 227.07

Source: Idaho Transportation Department / Idaho State Historical Society (#327)</desc><type>Transportation</type><sym>Flag, Blue</sym><cmt>ID-327</cmt></wpt>
<wpt lat="44.226022" lon="-114.929343"><name>Bear's "Ploughed Field"</name><desc>Long before miners and ranchers settled Stanley Basin, bears dominated this area.

When Alexander Ross and his Hudson's Bay Company trappers stopped here, September 20, 1824, they "observed at some distance the appearance of a ploughed field and riding up towards it, found a large piece of ground more than four acres in extent, dug up and turned over. On getting to the spot, we observed no less than nine black and grizzly bears at work, rooting away," eating camas, onions, and wild celery.

SH-75 MP 190.05

Source: Idaho Transportation Department / Idaho State Historical Society (#328)</desc><type>Geology / natural history</type><sym>Flag, Blue</sym><cmt>ID-328</cmt></wpt>
<wpt lat="43.713747" lon="-114.375448"><name>Ski Lifts</name><desc>When Sun Valley Lodge was built in 1936, Union Pacific engineers developed chair lifts to transport skiers uphill.

Starting with two modest ski slopes on Dollar Mountain and Proctor Mountain, chair lifts were used for all Sun Valley ski runs. Far superior to tow ropes and similar devices employed before 1936, they quickly became popular at ski resorts everywhere. New designs were adopted for additional Sun Valley ski runs, but one 1936 style chair lift still is preserved 4 miles up Trail Creek from here.

SH-75 MP 130.77

Source: Idaho Transportation Department / Idaho State Historical Society (#329)</desc><type>Engineering / technology</type><sym>Flag, Blue</sym><cmt>ID-329</cmt></wpt>
<wpt lat="42.699043" lon="-114.856670"><name>Fishing Falls</name><desc>When John C. Fremont came this way mapping emigrant roads in 1843, he found an important Indian village at Fishing Falls (Kanaka Rapids) about 4 miles above here.

He reported that native salmon spearers there were "unusually gay ...fond of laughter; and in apparent good nature and merry character...entirely different from the Indians we had been accustomed to see." As the Snake River's highest salmon cascades, Fishing Falls was included on many early western maps.

US-30 MP 190.44

Source: Idaho Transportation Department / Idaho State Historical Society (#330)</desc><type>Native American</type><sym>Flag, Blue</sym><cmt>ID-330</cmt></wpt>
<wpt lat="46.231652" lon="-116.462579"><name>Craigmont</name><desc>Not long before Camas Prairie railroad service started here in 1908, rival towns were started on each side of the track.

Vollmer began as a rail and business center on the east, and Ilo (an older town a mile away) moved to an adjacent site on the west. Each had separate schools, churches, stores, newspapers, banks, and other businesses. After 12 years of sharp competition, they finally merged into a united community in 1920.

US-95 MP 271.98

Source: Idaho Transportation Department / Idaho State Historical Society (#331)</desc><type>Railroad</type><sym>Flag, Blue</sym><cmt>ID-331-444</cmt></wpt>
<wpt lat="46.441755" lon="-116.892814"><name>Nez Perce Village</name><desc>This important archaeological site--occupied for 10,000 years or more--has at least 10 pit houses as much as 5,000 years old.

Two styles of houses were used. Some were fairly square with interior benches dug out for use by a family or two. Others were round--20 to 30 feet wide and two to three feet deep--but lacked benches. This village reached its height from about 4100 to 2600 years ago, but remained important enough that when fur traders arrived in 1812, they made this their main camp.

US-95 MP 306.77

Source: Idaho Transportation Department / Idaho State Historical Society (#332)</desc><type>Native American</type><sym>Flag, Blue</sym><cmt>ID-332</cmt></wpt>
<wpt lat="46.509656" lon="-114.779653"><name>Whitehouse Pond</name><desc>On their westbound journey, Lewis and Clark crossed here, September 15, 1805 after camping 4 miles upstream at Powell.

Their Shoshoni guide had brought them down an old trail from Lolo Pass to a Lochsa fishery he knew about. To continue west, he had to take them north up this ridge to rejoin their Lolo Trail route. Indian travel through here had to go along high ridges because Lochsa Canyon had too many cliffs and gorges to provide a good horseback route.

US-12 MP 158.41

Source: Idaho Transportation Department / Idaho State Historical Society (#333)</desc><type>Lewis &amp; Clark</type><sym>Flag, Blue</sym><cmt>ID-333</cmt></wpt>
<wpt lat="46.595658" lon="-114.600089"><name>Lolo Trail Crossing</name><desc>When Lewis and Clark came up this ridge, June 29, 1806, they ran into "A shower of rain, with hail, thunder and lightning, that lasted about an hour. "

But they got out of deep Lolo Trail snow after they reached Rocky Point (directly across from here) and descended to Crooked Fork, below this turnout. They reported that then they "ascended a very steep acclivity of a mountain about 2 Miles" crossing this highway here to reach their old trail to Lolo Pass.

US-12 MP 171.24

Source: Idaho Transportation Department / Idaho State Historical Society (#334)</desc><type>Lewis &amp; Clark</type><sym>Flag, Blue</sym><cmt>ID-334</cmt></wpt>
<wpt lat="42.235984" lon="-111.233086"><name>Big Hill</name><desc>On their way west to Oregon and California, emigrant wagons often crossed high ridges in order to avoid gullies and canyons.

When he came here in 1843, Theodore Talbot noted that he "had to cross a very high hill, which is said to be the greatest impediment on the whole route from the United States (over 200 miles east of here) to Fort Hall (over 120 miles farther west). The ascent is very long and tedious, but the descent is still more abrupt and difficult." Many wagons had to be let down by ropes tied to trees that have disappeared long ago.

US-30 MP 441.72

Source: Idaho Transportation Department / Idaho State Historical Society (#335)</desc><type>Oregon / California Trail</type><sym>Flag, Blue</sym><cmt>ID-335</cmt></wpt>
<wpt lat="43.993110" lon="-116.935615"><name>Salmon Festival</name><desc>Long before fur hunters explored here in 1811, an annual Indian festival was held each July in this area.

Indian peoples came great distances to trade, celebrate, and arrange intertribal marriages. Cheyenne and Arapaho bands brought elegant tipi poles from Colorado. Crow and Shoshoni buffalo hunters supplied meat and hides from Montana and Wyoming. Nez Perce and Walla Walla horsemen marketed superior stock they had developed, and Paiute weapon and toolmakers provided obsidian from central Oregon. All were attracted to this river area for its excellent salmon fishing.

I-84 (Snake River View Rest Area) MP 1

Source: Idaho Transportation Department / Idaho State Historical Society (#336)</desc><type>Native American</type><sym>Flag, Blue</sym><cmt>ID-336</cmt></wpt>
<wpt lat="42.650116" lon="-111.879555"><name>Chesterfield</name><desc>In 1879, Mormon farmers from Utah settled Chesterfield, 16 miles north of here.

Based on Joseph Smith's Zion Plat, Chesterfield was laid out on an orderly grid of large blocks separated by wide streets with the Meeting House on the highest point. By 1881, its numbers had grown to more than 400. The town thrived for a generation before new trends in farming led to its decline. All but abandoned, houses, buildings, and roads leave behind a footprint of Mormon origins.

US-30 MP 378.8

Source: Idaho Transportation Department / Idaho State Historical Society (#337)</desc><type>Pioneer / settlement</type><sym>Flag, Blue</sym><cmt>ID-337</cmt></wpt>
<wpt lat="42.695044" lon="-112.961774"><name>Oregon Trail</name><desc>Immediately west of here you will cross a small canyon that Oregon Trail emigrants regarded as their most dangerous exposure to Indians.

After 1854, they had good reason to be alarmed. Wagon traffic had ruined important traditional Indian trails. Uncounted thousands of oxen, horses, sheep, and cattle had overgrazed a broad zone along their trail, leading to Indian resentment. Worse yet, a few emigrants had shot enough Indians to provoke a great deal of bitterness. Aug. 9, 1862, Pocatello's Shoshoni band resisted further wagon traffic here, trapping a small emigrant party in a deep gully. An unusually fine stretch of wagon tracks leading to that site can be reached by a marked trail from here.

I-86 (Massacre Rocks Rest Area) MP 30.5

Source: Idaho Transportation Department / Idaho State Historical Society (#338)</desc><type>Oregon / California Trail</type><sym>Flag, Blue</sym><cmt>ID-338</cmt></wpt>
<wpt lat="42.614545" lon="-113.142849"><name>Emigrant Trails</name><desc>Early California and Oregon trail ruts--left by thousands of emigrant wagons as they ascended this bluff--are still visible below this viewpoint.

In 1859 F.W. Lander's wagon road builders dug an improved grade that shows more clearly. California traffic, for which Lander constructed a better road, diverged from this Snake River route to Oregon just beyond Raft River, 6 miles west of here. When they got up this grade, emigrants were thankful that they had passed 20 miles of bad road and that a less demanding trail lay ahead.

I-86 (Coldwater Rest Area) MP 19.37

Source: Idaho Transportation Department / Idaho State Historical Society (#339)</desc><type>Oregon / California Trail</type><sym>Flag, Blue</sym><cmt>ID-339</cmt></wpt>
<wpt lat="42.662410" lon="-114.285137"><name>Hunt</name><desc>Excluded from their West Coast homes by military authorities, more than 9000 Japanese Americans occupied Hunt Relocation Camp 4 miles north of here between 1942 &amp; 1945.

Until they could resettle in other places, they lived in wartime tarpaper barracks in a dusty desert, where they helped meet a local farm labor crisis, planting and harvesting crops. Finally, a 1945 Supreme Court decision held that United States citizens no longer could be confined that way, and their camp became Idaho's largest ghost town.

SH-25 MP 14.84

Source: Idaho Transportation Department / Idaho State Historical Society (#340)</desc><type>Military</type><sym>Flag, Blue</sym><cmt>ID-340</cmt></wpt>
<wpt lat="42.674210" lon="-113.592618"><name>Minidoka Dam</name><desc>An important pioneer federal reclamation dam and power plant provides water and electricity for farms and cities nearby.

Constructed 5 miles east of here between 1904 and 1906 at a cost of $675,000, Minidoka Dam diverts water into canals 86 feet above the Snake River. In order to reach still higher farms south of Burley, a $413,000 power plant was completed in 1913. Local irrigation districts have repaid costs of this project. This early federal power program led to national Rural Electrification Administration services.

SH-24 MP 10.57

Source: Idaho Transportation Department / Idaho State Historical Society (#341)</desc><type>Engineering / technology</type><sym>Flag, Blue</sym><cmt>ID-341</cmt></wpt>
<wpt lat="43.538938" lon="-116.092776"><name>Diversion Dam</name><desc>was completed in 1909 to lift water into an already constructed New York canal system, greatly expanding its irrigated farmlands.

After a quarter century of failure to dig a large canal above Diversion Dam, United States Reclamation Service funding enabled a group of Boise Valley irrigation districts to complete this project. Then in 1912, a generating plant was installed to provide power to construct Arrowrock Dam. It has been preserved as an historical display by Bureau of Reclamation staff.

SH-21 MP 8.41

Source: Idaho Transportation Department / Idaho State Historical Society (#343)</desc><type>Engineering / technology</type><sym>Flag, Blue</sym><cmt>ID-343</cmt></wpt>
<wpt lat="42.254594" lon="-113.882111"><name>City of Rocks</name><desc>A vast display of towering granite rocks (16 miles southeast of here) attracted emigrants who were on their way to California.

A gold rush visitor, July 14, 1849, reported that "you can imagine among those massive piles, church domes, spires, pyramids,...with a little fancying you can see (anything) from the Capitol at Washington to a lowly thatched cottage." Emigrants who never had seen anything like that before were impressed by so many "rocks of the most singular shapes." City of Rocks is a National Historic Landmark as well as a National Natural Landmark.

SH-27 MP 0.8

Source: Idaho Transportation Department / Idaho State Historical Society (#344)</desc><type>Geology / natural history</type><sym>Flag, Blue</sym><cmt>ID-344</cmt></wpt>
<wpt lat="43.883393" lon="-111.539991"><name>Teton Flood</name><desc>When Teton Dam suddenly was washed away, June 5, 1976, a large reservoir (280 feet deep) was dumped on farms and towns below.

Houses floated away and cropland was ruined as water surged into the Snake River and American Falls Reservoir, which finally controlled that flood. Church, government, and disaster relief agencies responded effectively, but 14 lives were lost and hundreds of millions of dollars in damages resulted from that unforgettable calamity. All that remains of Teton Dam still can be seen from a viewpoint 1.5 miles north of here.

SH-33 MP 110.03

Source: Idaho Transportation Department / Idaho State Historical Society (#345)</desc><type>Engineering / technology</type><sym>Flag, Blue</sym><cmt>ID-345</cmt></wpt>
<wpt lat="46.135715" lon="-115.954362"><name>Looking Glass</name><desc>During General O. O. Howard's 1887 Nez Perce campaign, Looking Glass and his band were camped up Clear Creek near here.

Looking Glass told army authorities: "Leave us alone. We are living here peacefully and want no trouble." But after a military attack, July 1, that destroyed his village, ruined his gardens and captured 750 Nez Perce horses, Looking Glass and his band joined other Nez Perce refugees and soon headed for Montana's buffalo plains. Howard spent three more months pursuing Joseph, White Bird, Looking Glass, and their warriors after that fiasco.

US-12 MP 75.89

Source: Idaho Transportation Department / Idaho State Historical Society (#347)</desc><type>Native American</type><sym>Flag, Blue</sym><cmt>ID-347</cmt></wpt>
<wpt lat="46.369848" lon="-116.724836"><name>St. Joseph's Mission</name><desc>When he came to Lewiston in 1867, Father J.M. Cataldo developed a Jesuit Nez Perce mission that continued long after he founded Gonzaga University in Spokane.

A chapel was built a mile up Mission Creek in 1868, but a permanent location was not established until construction of Saint Joseph's Mission was completed at a more secluded site in 1874. It now is open to visitors as part of Nez Perce National Historical Park.

US-95 MP 293.13

Source: Idaho Transportation Department / Idaho State Historical Society (#349)</desc><type>Native American</type><sym>Flag, Blue</sym><cmt>ID-349</cmt></wpt>
<wpt lat="45.903823" lon="-116.082383"><name>Mount Idaho</name><desc>In 1862, a noted Western scout, Mose Milner, started Mount Idaho on his gold rush trail to Florence. Camas Prairie's major early town soon grew up there.

But when civic leaders resisted farm efforts to organize a grange there in 1874, Grangeville grew up as a better located town. Although Mount Idaho became county seat from 1875 to 1902, and had an important Chinese community, Grangeville soon surpassed its older rival. Most of its early buildings have disappeared.

Mt Idaho Grade Rd (SE of Grangeville)

Source: Idaho Transportation Department / Idaho State Historical Society (#352)</desc><type>Mining / industry</type><sym>Flag, Blue</sym><cmt>ID-352</cmt></wpt>
<wpt lat="43.301343" lon="-115.315742"><name>Castle Rock</name><desc>Up toward Camas Prairie, a road goes by Castle Rock and other eroded granite outcrops that were landmarks on Goodale's Cutoff, an Oregon Trail route that came this way.

Emigrants generally had not seen large granite rock formations of this kind, and Idaho offered a number of good opportunities, both for Oregon and California travelers. Castle Rock and its neighbors were outstanding examples along Goodale's Cutoff, used primarily from 1862 until automobiles replaced wagon traffic more than 40 years later.

US-20 MP 124.38

Source: Idaho Transportation Department / Idaho State Historical Society (#353)</desc><type>Oregon / California Trail</type><sym>Flag, Blue</sym><cmt>ID-353</cmt></wpt>
<wpt lat="43.379692" lon="-113.720648"><name>Goodale's Cutoff</name><desc>When emigrants began to take their westbound wagons along an old Indian and trappers' trail past this lava, they had to develop a wild and winding road.

At this spot, like many others, they had barely enough space to get by. At times they could not avoid lava stretches. But they slowly crept along, leaving their road strewn with parts of broken wagons. J.C. Merrill noted in 1864 that "At one place, we were obliged to drive over a huge rock just a little wider than the wagon. Had we gone a foot to the right or to the left the wagon would have rolled over."

US-93 MP 218.15

Source: Idaho Transportation Department / Idaho State Historical Society (#354)</desc><type>Oregon / California Trail</type><sym>Flag, Blue</sym><cmt>ID-354</cmt></wpt>
<wpt lat="44.140094" lon="-113.904759"><name>Earthquakes</name><desc>On October 28, 1983, a major earthquake fracture, 26 miles long and seven miles deep, surfaced as Lost River Valley slid away from Mount Borah.

During that rock shift, Mount Borah's ridge front rose about 6 inches, while this valley subsided 9 feet. This kind of movement has been going on here for 10 to 20 million years as subsurface rock has been pulled apart during gradual but persistent range and valley building. You can drive to a spectacular fracture that shattered this side road 2-1/2 miles from here.

US-93 MP 131.19

Source: Idaho Transportation Department / Idaho State Historical Society (#356)</desc><type>Geology / natural history</type><sym>Flag, Blue</sym><cmt>ID-356</cmt></wpt>
<wpt lat="43.415870" lon="-116.706006"><name>Givens Springs</name><desc>Natural hot water available here has been a popular attraction for thousands of years.

A winter village site for about 5000 years, these hot springs had large pit houses typical of plateau communities northwest of here from 4300 to about 1200 years ago. After that, small huts used by Great Basin tribes became fashionable. Deer, rabbits and river mussels sustained this winter camp. After 1842, emigrants using an Oregon Trail alternate also patronized Givens Springs.

SH-78 MP 11.45

Source: Idaho Transportation Department / Idaho State Historical Society (#358)</desc><type>Native American</type><sym>Flag, Blue</sym><cmt>ID-358</cmt></wpt>
<wpt lat="43.551240" lon="-116.098837"><name>Beaver Dick's Ferry</name><desc>In 1863 and 1864, overland packers hauling supplies from Salt Lake City to Idaho City crossed here and took a direct route northward to More's Creek.

They cut a steep grade from the Oregon Trail down to Beaver Dick's Ferry, which served as a crossing only a short distance below here. After gold rush excitement ended, Idaho City traffic came on through Boise and used a toll road further north to Boise Basin.

SH-21 (Along Boise River Greenbelt) MP 3.3

Source: Idaho Transportation Department / Idaho State Historical Society (#359)</desc><type>Oregon / California Trail</type><sym>Flag, Blue</sym><cmt>ID-359</cmt></wpt>
<wpt lat="43.724619" lon="-116.799276"><name>Lower Boise</name><desc>Confederate refugees from Missouri started farming in this area in 1863 and 1864, when gold and silver mining camps created a great demand for flour and cattle.

Driven out from their Missouri River homes below Kansas City by extremely bitter Civil War border warfare, they got a new start by digging riverside canals and planting crops. They helped make Idaho an overwhelming southern Democratic territory from 1864 to 1880. Settlements from Caldwell to Notus were known as Dixie, and those farther west were Lower Boise.

US-20 MP 16.2

Source: Idaho Transportation Department / Idaho State Historical Society (#361)</desc><type>Pioneer / settlement</type><sym>Flag, Blue</sym><cmt>ID-361</cmt></wpt>
<wpt lat="42.977079" lon="-111.377112"><name>John Grey</name><desc>discovered this valley in 1818 or 1819 while hunting beaver for Donald Mackenzie's Northwest Company trappers.

An Iroquois leader--also known as Ignace Hatchioraquasha--he also explored Grey's River nearby in Wyoming. Aside from his trapping skills, he was noted for his unusual aptitude in fighting grizzly bears. After trapping in this country for 20 years, he retired with his Iroquois band in 1836 to help found Kansas City, Missouri.

SH-34 MP 93.66

Source: Idaho Transportation Department / Idaho State Historical Society (#362)</desc><type>Pioneer / settlement</type><sym>Flag, Blue</sym><cmt>ID-362</cmt></wpt>
<wpt lat="43.920630" lon="-114.815305"><name>Sawtooth City</name><desc>Gold discoveries on Beaver Creek in 1879 led to mining activity near here that summer. But major production was delayed until 1886.

By 1882, Sawtooth City had three saloons, two restaurants, a meat market, a store, a Chinese laundry, an assay office, a blacksmith shop, two quartz mills, a sawmill, and 80 or 90 construction workers building their town. Four more years went by, though, before miners worked out a system to process their gold ore. Although 200 miners were employed in 1886, very little could be done after that. One disaster after another led to suspension of work there in 1892.

SH-75 MP 166.83

Source: Idaho Transportation Department / Idaho State Historical Society (#364)</desc><type>Mining / industry</type><sym>Flag, Blue</sym><cmt>ID-364</cmt></wpt>
<wpt lat="43.542858" lon="-112.353554"><name>Elephant Hunters</name><desc>Early day big game hunters, who occupied lava caves around here more than 12,000 years ago, had a diet that included elephants, camels, and giant bison.

When a gradual change to a warmer, drier, climate made local grasslands into more desert, their elephant herds left for cooler plains farther north. But 8,000 years ago, bison still were available here. Indians continued to hunt buffalo on these plains until about 1840. Then they had to go to Montana for their plains hunting trips.

US-20 MP 291.36

Source: Idaho Transportation Department / Idaho State Historical Society (#365)</desc><type>Native American</type><sym>Flag, Blue</sym><cmt>ID-365</cmt></wpt>
<wpt lat="45.827692" lon="-115.439467"><name>Nez Perce Trail</name><desc>An old Indian trail connected Elk City with mines in Montana when Idaho's gold rush spread there in 1862.

Following a route developed by Nez Perce buffalo hunters, a host of miners and packers ascended a series of ridges overlooking the deep Salmon and Clearwater river canyons on their way to new gold fields. Long after local Indians and miners ceased to travel there, a single lane forest road was constructed near that traditional Nez Perce thoroughfare in 1934.

SH-14 MP 49.43

Source: Idaho Transportation Department / Idaho State Historical Society (#369)</desc><type>Transportation</type><sym>Flag, Blue</sym><cmt>ID-369</cmt></wpt>
<wpt lat="45.811900" lon="-115.473504"><name>Buffalo Pit</name><desc>An exceptionally large hydraulic pit, left by massive placer mining in this area, still can be seen 1 mile from here.

Buffalo company miners using hydraulic giants--large metal hoses with nozzles that could direct a stream of water under high pressure--cut away a large hillside deposit of placer gold. Long ditches and flumes were employed to bring water in at an elevation sufficient to gain pressure enough to operate their giants.

SH-14 MP 47.07

Source: Idaho Transportation Department / Idaho State Historical Society (#370)</desc><type>Mining / industry</type><sym>Flag, Blue</sym><cmt>ID-370</cmt></wpt>
<wpt lat="46.200789" lon="-116.415327"><name>Railroad Trestles</name><desc>In order to cross Lawyer's Canyon and other Camas Prairie gorges, a series of high railroad bridges was built in 1908.

This highway goes past two of them here. Most were timber, but a metal structure, 1500 feet long and 296 feet high, was needed here. A long, high wooden trestle also crossed a nearby side canyon. North Idaho's Camas Prairie Railroad--a joint Northern Pacific and Union Pacific venture--served this region for eight decades.

US-95 MP 268.62

Source: Idaho Transportation Department / Idaho State Historical Society (#371)</desc><type>Railroad</type><sym>Flag, Blue</sym><cmt>ID-371</cmt></wpt>
<wpt lat="46.135720" lon="-116.168450"><name>Camas Prairie</name><desc>Most of Camas Prairie's wind blown soil rests upon Columbia River lava flows. Coming from a series of widespread eruptions, they covered older, eroded granite rocks some 6 to 17 million years ago.

Some earlier volcanic extrusions, including Kamiah Buttes (between which this highway passes), rise above those Camas Prairie lavas. Perhaps older than 40 million years, they resemble volcanic rocks from Challis, in south-central Idaho, rather than newer lava from farther west. Geologists still are studying how these buttes are related to similar formations elsewhere in Idaho.

SH-162 MP 10.6

Source: Idaho Transportation Department / Idaho State Historical Society (#372)</desc><type>Geology / natural history</type><sym>Flag, Blue</sym><cmt>ID-372</cmt></wpt>
<wpt lat="44.627155" lon="-116.439707"><name>Mesa Orchards</name><desc>For more than half a century, after 1910, an apple orchard of nearly 1400 acres, thought to be the largest in the United States under one management, covered this area.

Investors, mostly from the eastern U.S., bought 10-acre shares to finance the project. An eight mile wooden flume carried water for irrigation from the Middle Fork of the Weiser River, and in 1920, a unique gravity tramway was built to carry fruit 3 1/2 miles north to a rail siding. Production lasted until about 1960 when frozen crops and production problems led to its demise.

US-95 MP 127.38

Source: Idaho Transportation Department / Idaho State Historical Society (#374)</desc><type>Pioneer / settlement</type><sym>Flag, Blue</sym><cmt>ID-374</cmt></wpt>
<wpt lat="43.477707" lon="-116.107352"><name>Oregon Trail</name><desc>Indians, trappers, and emigrants who came this way before 1900 used a more direct route to get between Boise and Glenns Ferry. Their road still can be seen at Bonneville Point 5 miles from here.

Following close to a line of hills bordering a broad, rolling plain, their route had water and grass essential for horses and oxen. It also gave them a spectacular view of Boise valley. To see that site, follow directional signs when you reach Interchange 64 at Blacks Creek, 1 mile beyond here.

I-84 (Blacks Creek Rest Area EB) MP 62.28

Source: Idaho Transportation Department / Idaho State Historical Society (#375)</desc><type>Oregon / California Trail</type><sym>Flag, Blue</sym><cmt>ID-375</cmt></wpt>
<wpt lat="43.591029" lon="-115.998671"><name>Arrowrock Dam</name><desc>Higher than any other dam from 1915 until 1934, Arrowrock still is an essential part of Boise Valley's irrigation system.

Located six miles upstream from here, Arrowrock is 350 feet high and 1,150 feet wide. Built at a cost of $4,725,000 to provide additional water storage to get 2,635 valley farms through dry summer seasons, it had enough capacity to take care of more than 1,000 new farms as well. Its 18-mile canyon reservoir holds 280,000 acre feet of water.

SH-21 MP 17.14

Source: Idaho Transportation Department / Idaho State Historical Society (#376)</desc><type>Engineering / technology</type><sym>Flag, Blue</sym><cmt>ID-376</cmt></wpt>
<wpt lat="43.930024" lon="-116.439274"><name>Black Canyon Dam</name><desc>Constructed in 1924, this $1,500,000 concrete gravity dam has a 1,039 foot crest and a 183 foot structural height.

A 29 mile canal, along with lesser ditches, serves 58,250 acres of Boise and Payette valley farms. A power plant at Black Canyon Dam generates electricity for commercial use as well as for irrigation pumping. Farms far from early riverside canals benefit from this project.

SH-52 (Wild Rose Park) MP 37.79

Source: Idaho Transportation Department / Idaho State Historical Society (#377)</desc><type>Engineering / technology</type><sym>Flag, Blue</sym><cmt>ID-377</cmt></wpt>
<wpt lat="44.828731" lon="-116.903503"><name>Seven Devils Mines</name><desc>The Seven Devils area promised rich lodes of copper ore, but transportation problems limited productivity.

From 1887, miners tried various means to haul ore over this rough terrain for shipment to smelters. They started with pack animals, then built a wagon road, the Kleinschmidt grade, dropping a vertical mile from the mines to the Snake River. From there, they tried steamboat then rail. Large ore trucks in the 1960s finally solved the problem.

SH-71 MP 1.57

Source: Idaho Transportation Department / Idaho State Historical Society (#378)</desc><type>Mining / industry</type><sym>Flag, Blue</sym><cmt>ID-378</cmt></wpt>
<wpt lat="43.479058" lon="-116.106105"><name>Basque Country</name><desc>Idaho has a large Basque community that preserves its ancient European traditions in a new land of opportunity.

Coming here originally to herd sheep on mountain and desert ranges, they shifted into other occupations as quickly as possible, making way for more of their countrymen to follow. Their sheep wagons often can be seen on grazing lands, and a Basque museum (607 Grove St. in Boise) interprets their life here.

I-84 (Blacks Creek Rest Area WB) MP 62.25

Source: Idaho Transportation Department / Idaho State Historical Society (#379)</desc><type>Pioneer / settlement</type><sym>Flag, Blue</sym><cmt>ID-379</cmt></wpt>
<wpt lat="43.158611" lon="-116.508987"><name>War Eagle Mines</name><desc>For a decade after 1864, most of Silver City's fabulous mineral wealth came from upper War Eagle Mountain, which rises a vertical mile above here.

With lodes far richer than those found elsewhere, War Eagle miners fought a series of violent wars for control of valuable claims. Troops from Fort Boise finally had to intervene in a one-armed clash in 1868. San Francisco bank failures ended production there in 1875 and thriving camps became ghost towns.

SH-78 MP 34.09

Source: Idaho Transportation Department / Idaho State Historical Society (#380)</desc><type>Mining / industry</type><sym>Flag, Blue</sym><cmt>ID-380</cmt></wpt>
<wpt lat="42.778704" lon="-112.882825"><name>American Falls Power Plants</name><desc>More than two decades before American Falls Dam was built, water power was generated in a series of plants at American Falls.

Starting with an island plant to serve Pocatello in 1902, this superlative site was used soon after as long transmission lines were developed. As new kinds of turbines and generators were invented, they were installed here. Rare examples of old technology still are preserved in these landmark plants.

SH-39 MP 3.13

Source: Idaho Transportation Department / Idaho State Historical Society (#383)</desc><type>Engineering / technology</type><sym>Flag, Blue</sym><cmt>ID-383</cmt></wpt>
<wpt lat="42.030700" lon="-111.400093"><name>Bear Lake</name><desc>Discovered in 1812 by trappers returning home from Astoria, Oregon, this valley and its large lake soon became an important fur trade center.

Donald MacKenzie, Jim Bridger, and a host of famous beaver hunters operated here. Two major summer frolics and trade fairs brought plenty of excitement to Bear Lake in 1827 and 1828. Helping local Indians repel Blackfoot invaders, those trappers never forgot their wild festivals here.

US-89 MP 2.19

Source: Idaho Transportation Department / Idaho State Historical Society (#384)</desc><type>Pioneer / settlement</type><sym>Flag, Blue</sym><cmt>ID-384</cmt></wpt>
<wpt lat="42.654895" lon="-111.602019"><name>Hooper Spring</name><desc>Free, clear sparkling soda water still is available in beautiful Soda Springs City Park, located two miles from here.

A prime attraction for more than 160 years, soda water from these springs was marketed nationally after rail service reached this resort area in 1882. W.H. Hooper, Salt Lake City's leading banker and president of Zion's Cooperative Mercantile Institution, had his summer home here. He did much to found and promote Soda Springs and its soda water industry while serving as Utah's delegate to Congress.

US-30 MP 405.17

Source: Idaho Transportation Department / Idaho State Historical Society (#385)</desc><type>Pioneer / settlement</type><sym>Flag, Blue</sym><cmt>ID-385</cmt></wpt>
<wpt lat="42.225323" lon="-111.400866"><name>Paris Tabernacle</name><desc>Designed by one of Brigham Young's sons, this imposing Romanesque tabernacle was built between 1884 and 1889 by skilled local craftsmen.

Swiss stone masons cut and carved red sandstone that horse and ox teams hauled from a canyon 18 miles away. In winter, sled loads of rock were pulled over ice across Bear Lake. Shingles and other lumber came from nearby forests. After a century of use, this unaltered monument remains as a reminder of pioneer achievement.

US-89 MP 15.83

Source: Idaho Transportation Department / Idaho State Historical Society (#386)</desc><type>Pioneer / settlement</type><sym>Flag, Blue</sym><cmt>ID-386</cmt></wpt>
<wpt lat="42.017337" lon="-111.800094"><name>Hatch House</name><desc>In 1874, Bishop L.H. Hatch built a mansion that has been preserved as a fine example of pioneer Idaho architecture.

Idaho's only railroad, serving Montana's thriving mining camps, reached here that year--a time of depression between gold rushes, when Franklin was Idaho's largest city. Two years later, rail construction resumed, and freighters moved on. But Hatch's elegant house remains as a reminder of a bygone era.

E Main St, Franklin (Off US-91) MP 1.38

Source: Idaho Transportation Department / Idaho State Historical Society (#388)</desc><type>Pioneer / settlement</type><sym>Flag, Blue</sym><cmt>ID-388</cmt></wpt>
<wpt lat="44.673714" lon="-111.408815"><name>Sawtell's Ranch</name><desc>In 1868, Gilman Sawtell started a dude ranch and Henry's Lake fishery that did much to develop this natural resort area.

Sawtell did everything from supplying swans for New York's Central Park zoo to building a network of roads for tourist access to Yellowstone National Park. His commercial fishery served Montana mining markets. His pioneer Henry's Lake ranch was a major attraction here for a decade before rail service brought more settlers to this area.

SH-87 MP 5.11

Source: Idaho Transportation Department / Idaho State Historical Society (#389)</desc><type>Pioneer / settlement</type><sym>Flag, Blue</sym><cmt>ID-389</cmt></wpt>
<wpt lat="44.284557" lon="-111.463219"><name>Caldera Lookout</name><desc>High on Island Park Caldera's west rim, a 72-foot-high Forest Service lookout tower affords an excellent view of this large volcanic feature.

No other steel tower has been preserved in this part of Idaho. When it was erected in 1936, lookouts were essential for fire detection in all of this region's forests. This one still is used in times of especially severe fire hazard, but planes now are responsible for regular fire patrol. Forest Service road 80120 ascends to Bishop Mountain lookout at an elevation of 7810 feet.

US-20 MP 376.26

Source: Idaho Transportation Department / Idaho State Historical Society (#391)</desc><type>Engineering / technology</type><sym>Flag, Blue</sym><cmt>ID-391</cmt></wpt>
<wpt lat="42.565656" lon="-114.300715"><name>Hansen Bridge</name><desc>Until 1919, when a high suspension bridge was completed here, this 16-mile long river gorge could be crossed only in a rowboat.

With 14 cables, each more than 900 feet long, a $100,000 suspension bridge was wide enough to accommodate two lanes of farm wagons or early cars that had begun to gain popularity then. From it's deck, nearly 400 feet above Snake River, travelers had a spectacular view that can still be seen from it's replacement, built in 1966.

SH-50 MP 3.86

Source: Idaho Transportation Department / Idaho State Historical Society (#393)</desc><type>Engineering / technology</type><sym>Flag, Blue</sym><cmt>ID-393</cmt></wpt>
<wpt lat="44.183981" lon="-111.436241"><name>Volcanic Calderas</name><desc>Some 2,000,000 years ago, massive eruptions of hot rock boiled for 60 miles from this high rim on across Yellowstone Park.

An exceptionally large crater remained when that lava surface collapsed. Another smaller caldera followed north of here about 1,300,000 years ago. Yellowstone's geysers and hot springs continue to spout as remnants of those volcanic displays formed as underground rock gradually moves westward across a tremendous source of interior heat.

US-20 MP 368.92

Source: Idaho Transportation Department / Idaho State Historical Society (#396)</desc><type>Geology / natural history</type><sym>Flag, Blue</sym><cmt>ID-396</cmt></wpt>
<wpt lat="43.177779" lon="-114.328872"><name>Magic Dam</name><desc>Completed in 1910 at a cost of $3,000,000, Magic Dam stores water for 89,000 acres of irrigated farms near Shoshone and Richfield.

Rising 129 feet high, it is 700 feet wide. An adjacent 1600-foot embankment with a concrete spillway helps retain more than 190,000 acre feet of spring floodwater for summer use downstream. A four-mile desert road reaches Magic Dam, which provides fishing and recreational opportunities in a broad valley northwest of here.

SH-75 MP 91.04

Source: Idaho Transportation Department / Idaho State Historical Society (#398)</desc><type>Engineering / technology</type><sym>Flag, Blue</sym><cmt>ID-398</cmt></wpt>
<wpt lat="43.306754" lon="-115.279625"><name>Gold Mines</name><desc>More than a century ago, Rocky Bar, Happy Camp, and a number of other south Boise mining towns flourished in a remote mountain wilderness 30 miles northwest of here.

Discovered early in 1863, they were so hard to get to that they could not be worked successfully for more than 20 years. But wealthy investors from New York and London finally put up enough capital that large mills and underground tunnels produced more than 6 million dollars. That gold now is worth more than $120 million.

US-20 MP 126.36

Source: Idaho Transportation Department / Idaho State Historical Society (#400)</desc><type>Mining / industry</type><sym>Flag, Blue</sym><cmt>ID-400</cmt></wpt>
<wpt lat="43.821751" lon="-111.786139"><name>Brigham Young University-Idaho</name><desc>Brigham Young University-Idaho had its beginnings in 1888 as an academy affiliated with the Church of Jesus Christ of Latter-Day Saints.

Initially known as Bannock Stake Academy, It was renamed Fremont Stake Academy, Smith Academy, Ricks Academy, Ricks Normal College, and eventually Ricks College. The name memorializes Thomas E. Ricks who founded Rexburg in 1883. In 2001, Ricks College became BYU-Idaho, a four year university and Idaho's largest private institution of higher education.

W 2nd St, Rexburg (BYU-I Campus)

Source: Idaho Transportation Department / Idaho State Historical Society (#404)</desc><type>Education</type><sym>Flag, Blue</sym><cmt>ID-404</cmt></wpt>
<wpt lat="44.226065" lon="-114.929350"><name>Stanley Ranger Station</name><desc>When Challis National Forest was established in 1908, this site became an administrative center. An early log ranger station stood here from 1909 to 1932.

Expanding Forest Service responsibilities led to construction of a larger ranger station, as well as other buildings still preserved here. When a new ranger station four miles south of here replaced this one in 1971, this site became a Sawtooth Interpretive and Historical Association museum.

SH-75 MP 190.05

Source: Idaho Transportation Department / Idaho State Historical Society (#406)</desc><type>Pioneer / settlement</type><sym>Flag, Blue</sym><cmt>ID-406</cmt></wpt>
<wpt lat="42.598357" lon="-114.454749"><name>College of Southern Idaho</name><desc>In 1964, Twin Falls and Jerome County voters approved a joint community college district, leading to the establishment of the College of Southern Idaho (CSI) in 1965.

CSI became part of a state and national effort to increase local educational opportunities. The 300--acre campus, located about a mile west of here, offers a wide range of academic, professional, and technical programs and is home to the Herrett Center Museum, Observatory, and Faulkner Planetarium.

US-93 MP 50

Source: Idaho Transportation Department / Idaho State Historical Society (#411)</desc><type>Education</type><sym>Flag, Blue</sym><cmt>ID-411</cmt></wpt>
<wpt lat="42.926571" lon="-114.411707"><name>Shoshone Historic District</name><desc>South central Idaho's rail center since 1882, when trains reached here. Shoshone has a historic district of unusual interest.

Branch rail lines to Wood River and Camas Prairie served distant farmers and miners, while a stage line to Shoshone Falls accommodated wealthy tourists who visited Idaho's foremost nineteenth century attraction. Vast sheep grazing lands made this a major early center for Basque herders. Use of lava rock for building construction gives Shoshone a distinctive historic character.

US-93 MP 72.95

Source: Idaho Transportation Department / Idaho State Historical Society (#412)</desc><type>Pioneer / settlement</type><sym>Flag, Blue</sym><cmt>ID-412</cmt></wpt>
<wpt lat="43.338289" lon="-114.434361"><name>Magic Reservoir</name><desc>Water from deep snow that falls on high mountain ridges north of here is stored each spring in this reservoir to irrigate farmland near Shoshone and Richfield.

Big Wood River flows past some hills that separate this valley from a broad plain of lava and windblown soil, this border area provides an excellent storage site for more than 190,000-acre feet of irrigation water. Magic Reservoir, created in 1910, provides recreation opportunities and a home for fish and wildlife in a desert setting.

US-20 MP 170.17

Source: Idaho Transportation Department / Idaho State Historical Society (#413)</desc><type>Engineering / technology</type><sym>Flag, Blue</sym><cmt>ID-413</cmt></wpt>
<wpt lat="43.585394" lon="-116.544743"><name>Northwest Nazarene University</name><desc>In 1913, Eugene Emerson started a Christian school that his church developed into an accredited college on a campus he donated. The college, located on a campus 2 miles southwest of here, moved to university status in 1999.

Northwest Nazarene University continues to maintain its church relationship as reflected in its mission statement. "The basic mission of Northwest Nazarene University is the development of Christian character within the philosophy and framework of genuine scholarship.

16th Ave N, Nampa (Lakeview Park, Off I-84B) MP 59.85

Source: Idaho Transportation Department / Idaho State Historical Society (#415)</desc><type>Education</type><sym>Flag, Blue</sym><cmt>ID-415</cmt></wpt>
<wpt lat="44.258674" lon="-114.401990"><name>Clayton Smelter</name><desc>Lead-silver mineral discoveries 12 miles north of here on Bayhorse Creek in 1864 and 1872 led Joel E. Clayton to locate a large smelter here in 1880.

Doubled in size in 1888, Clayton's smelter had enough variety of ores from local mines to continue production until 1902. A modern flotation plant followed for six years after 1919. When silver prices rose in 1935, Clayton became southern Idaho's primary silver producer, operating steadily for more than 50 years.

SH-75 MP 222.63

Source: Idaho Transportation Department / Idaho State Historical Society (#416)</desc><type>Mining / industry</type><sym>Flag, Blue</sym><cmt>ID-416</cmt></wpt>
<wpt lat="46.460223" lon="-117.016508"><name>Lewiston Hill</name><desc>When automobile traffic made steep old wagon roads obsolete, a remarkable new highway grade was built down this hill in 1917.

With a series of sharp curves that let cars go 20 or 30 miles an hour--a good speed for that time--a gradual 10-mile 2000-foot grade was designed. It still can be used by anyone not in too much of a hurry who wants to see an engineering model of early highway construction.

Old Spiral Hwy (Off US-95) MP 317.8

Source: Idaho Transportation Department / Idaho State Historical Society (#417)</desc><type>Transportation</type><sym>Flag, Blue</sym><cmt>ID-417</cmt></wpt>
<wpt lat="46.460188" lon="-117.016442"><name>Steamboats</name><desc>Started May 13, 1861, as a steamboat landing, Lewiston immediately became a primary commercial center for Idaho miners during their hectic gold rush to Pierce that spring.

Steamboats continued to dock there until 1940, mainly after Columbia and Snake river channel improvements made navigation practical in 1914. Finally a series of locks and dams made Lewiston a seaport, and large scale river shipping resumed in 1975.

Old Spiral Hwy (Off US-95) MP 317.8

Source: Idaho Transportation Department / Idaho State Historical Society (#418)</desc><type>Transportation</type><sym>Flag, Blue</sym><cmt>ID-418</cmt></wpt>
<wpt lat="46.331934" lon="-116.597815"><name>Railroad Tunnels</name><desc>Seven tunnels-one a horseshoe more than a quarter mile long--had to be blasted in this canyon so that a railroad could be completed to Grangeville in 1908.

Building a railroad up this canyon was exceptionally difficult and expensive. Although they competed in Lewiston, Union Pacific and Northern Pacific officials decided to organize a separate company, in which each of them had an equal interest, to complete a Camas Prairie line. Otherwise, neither would have had enough traffic to operate profitably.

US-95 MP 285.83

Source: Idaho Transportation Department / Idaho State Historical Society (#419)</desc><type>Railroad</type><sym>Flag, Blue</sym><cmt>ID-419</cmt></wpt>
<wpt lat="44.728902" lon="-116.438403"><name>Old Railroads</name><desc>An ambitious railroad project to a high Seven Devils copper mine (elevation 6800 ft.) created a lot of excitement here in 1898-1899.

This would have been Idaho's highest mountain railroad if funding had been available to complete it. Construction began near a canyon rim more than a vertical mile above Snake River. Although it never got anywhere, that grade still can be seen near Kinney Point. Remains of an old mining smelter at Landore also survive from that time.

Michigan St, Council (Old Railroads Park) MP 135.76

Source: Idaho Transportation Department / Idaho State Historical Society (#420)</desc><type>Railroad</type><sym>Flag, Blue</sym><cmt>ID-420</cmt></wpt>
<wpt lat="44.177693" lon="-112.238196"><name>Nez Perce War</name><desc>When General O.O. Howard tried to get more than 600 Nez Perce Indians to settle on a North Idaho reservation in 1877, he ran into a lot of trouble here.

On their way to Yellowstone Park, Chief Joseph's Nez Perce people reached Hole in the Rock Station (four miles north of here), on August 16, and shut down stage service to Montana. Howard's cavalry and volunteers followed only a day behind until August 20, when an Indian force made off with more than 100 Army mules. That raid halted military pursuit and forced Howard to continue his Nez Perce campaign for six more weeks.

I-15 (Dubois Rest Area, Near Exit 167) MP 167

Source: Idaho Transportation Department / Idaho State Historical Society (#427)</desc><type>Native American</type><sym>Flag, Blue</sym><cmt>ID-427</cmt></wpt>
<wpt lat="43.528221" lon="-112.713949"><name>Three Buttes</name><desc>Rising above this level plain of lava flows and windblown soils, these high landmarks are recent additions to Idaho's landscape.

East Butte (farthest east) flowed up and cooled quickly about 600,000 years ago, while Big Southern Butte (south of here) emerged about 300,000 years ago. Although East Butte and Middle Butte have a similar general appearance, they were formed in different ways. A dome of melted rock called rhyolite that rose up through a volcanic fissure became East Butte. Middle Butte, however, is a block of hard lava (basalt) pushed up by volcanic activity from below.

US-20 MP 272.8

Source: Idaho Transportation Department / Idaho State Historical Society (#428)</desc><type>Geology / natural history</type><sym>Flag, Blue</sym><cmt>ID-428</cmt></wpt>
<wpt lat="44.332768" lon="-113.082047"><name>Cote's Defile</name><desc>A French Canadian who came to southern Idaho in 1818, Joseph Cote found this valley while trapping beaver.

Though he was thousands of miles from his Canadian base in Montreal, he had years of experience in Pacific Northwest exploration. With Michel Bourdon, who also discovered valleys near here, he had joined David Thompson's 1811 Columbia River explorers. Early trappers knew this valley as Cote's Defile because of his contribution to regional fur trade.

SH-28 MP 61.04

Source: Idaho Transportation Department / Idaho State Historical Society (#429)</desc><type>Pioneer / settlement</type><sym>Flag, Blue</sym><cmt>ID-429</cmt></wpt>
<wpt lat="42.378118" lon="-111.713885"><name>Range Wars</name><desc>Armed cattle ranchers delayed farm settlement here for six years before a permanent farm community was organized in 1872.

This kind of conflict occurred in widely scattered western areas when farm crops displaced rangeland. Families of early farm pioneers still occupy holdings here that are well over a century old, although many of them finally have shifted from planting crops to raising cattle after winning their battle against early stock herders.

SH-34 MP 31.45

Source: Idaho Transportation Department / Idaho State Historical Society (#431)</desc><type>Pioneer / settlement</type><sym>Flag, Blue</sym><cmt>ID-431</cmt></wpt>
<wpt lat="42.164089" lon="-111.831872"><name>Old Delta Sediments</name><desc>Diverted into this valley by lava flows, Bear River deposited a huge, mostly red clay, delta here where it entered a vast inland sea that covered much of Utah.

Some 14,500 years ago, its shoreline suddenly went down about 80 feet following an enormous discharge into Snake River. From then on, it gradually receded to become Salt Lake. Bear River then had to cut through and erode its old delta, forming the steep sides and gullies you see here today.

SH-34 MP 12.87

Source: Idaho Transportation Department / Idaho State Historical Society (#432)</desc><type>Geology / natural history</type><sym>Flag, Blue</sym><cmt>ID-432</cmt></wpt>
<wpt lat="42.977129" lon="-111.377110"><name>Cariboo Mountain</name><desc>Rising to an elevation of more than 9,800 feet, Cariboo Mountain--visible north of here--has two of Idaho's highest gold camps.

Jesse "Cariboo Jack" Fairchild discovered gold high on Cariboo Mountain in August 1870, and a mining rush from Utah followed in September. Production continued for two decades before the gold ran out. Millions of dollars worth of gold were taken from the gravels during that long period of successful mining.

SH-34 MP 93.66

Source: Idaho Transportation Department / Idaho State Historical Society (#433)</desc><type>Mining / industry</type><sym>Flag, Blue</sym><cmt>ID-433</cmt></wpt>
<wpt lat="44.471774" lon="-114.215533"><name>Bison Jump</name><desc>Before settlers came to Idaho in 1860, buffalo used to roam through this valley. Most of them had left here by 1840.

After they acquired Spanish horses, eighteenth century Shoshoni buffalo hunters could drive a small herd over a cliff to make their work easier. Directly north of here, an old buffalo jump, used before mining commenced in this region, can be seen clearly. Archaeologists also have found stone weapon factories near it.

SH-75 MP 243.92

Source: Idaho Transportation Department / Idaho State Historical Society (#434)</desc><type>Native American</type><sym>Flag, Blue</sym><cmt>ID-434</cmt></wpt>
<wpt lat="44.173478" lon="-115.249733"><name>Emile Grandjean</name><desc>An immigrant from Denmark, where he had studied forestry, he came to this part of Idaho in 1883 to mine, hunt, and trap.

Before Idaho became a state in 1890, he built a winter cabin below Grandjean Peak at a site later occupied by Grandjean Ranger Station. Because of his European studies, he became a professional forester here. Then he served as supervisor of the Boise National Forest from 1906 to 1922.

SH-21 MP 95.18

Source: Idaho Transportation Department / Idaho State Historical Society (#435)</desc><type>Pioneer / settlement</type><sym>Flag, Blue</sym><cmt>ID-435</cmt></wpt>
<wpt lat="43.528207" lon="-112.714002"><name>Big Butte</name><desc>Towering 2,500 feet high, two overlapping rock domes form a 300,000 year-old butte that dominates this lava plain.

After a hot flow of molten rhyolite (acidic rock) boiled up through older lava, a second rhyolite dome pushed up a block of earlier basalt on its northwest side. They took many thousands of years to reach their present shape, but geologically they are very recent structures.

US-20 MP 272.8

Source: Idaho Transportation Department / Idaho State Historical Society (#436)</desc><type>Geology / natural history</type><sym>Flag, Blue</sym><cmt>ID-436</cmt></wpt>
<wpt lat="44.072279" lon="-115.528842"><name>Emma Edwards</name><desc>A talented artist, Emma Edwards went to work in 1890 to design Idaho's state seal when she was only 18 years old.

Although her father had moved to California after serving as governor of Missouri (1844-1848), Emma preferred to spend much of her time in Idaho. After her marriage to John G. Green, a Boise Basin miner, they took up a land claim along Emma Creek and Green Creek in 1906 and lived here for many summers. Her seal design designated Syringa, which blooms on these hills, as Idaho's State Flower.

SH-21 MP 77.64

Source: Idaho Transportation Department / Idaho State Historical Society (#442)</desc><type>Pioneer / settlement</type><sym>Flag, Blue</sym><cmt>ID-442</cmt></wpt>
<wpt lat="44.082398" lon="-115.610020"><name>Lowman</name><desc>In 1907, Nathaniel W. Lowman settled here, and four years later, when he started a post office in his large log house, this community was named for him.

Only a few scattered settlers lived here then. Lowman got all its supplies once a year from a large freight wagon over a state road built in 1894 to provide access to North Idaho. This highway followed in 1939. Eventually a one-room schoolhouse was moved here from Garden Valley. It still serves Lowman.

SH-21 MP 72.84

Source: Idaho Transportation Department / Idaho State Historical Society (#444)</desc><type>Pioneer / settlement</type><sym>Flag, Blue</sym><cmt>ID-444</cmt></wpt>
<wpt lat="42.317749" lon="-111.308005"><name>Bank Robbers</name><desc>On Aug. 13, 1896, Butch Cassidy and his infamous Wild Bunch of gunmen invaded Montpelier's bank and scooped up more than $16,500 in gold, silver and currency.

Leaving a surprised cashier and his terrified customers, they calmly rode away. A deputy sheriff who borrowed a bicycle to pursue them up Montpelier Canyon was quickly outdistanced. Cassidy never was caught, but Bob Meeks was imprisoned until 1912 for helping in Montpelier's great bank robbery.

US-89 MP 25.46

Source: Idaho Transportation Department / Idaho State Historical Society (#446)</desc><type>Pioneer / settlement</type><sym>Flag, Blue</sym><cmt>ID-446</cmt></wpt>
<wpt lat="43.844070" lon="-116.468136"><name>Pearl</name><desc>Gold mines high on a ridge above here maintained an industrial community at pearl from 1894 to 1910 when ore ran out.

Now a silent reminder of Gem County's major gold rush, Pearl once boasted of 3 mercantile stores, a butcher shop, 4 saloons, 2 hotels, one church, one school, a fire station, and an Odd Fellows Lodge. Although Pearl has deteriorated slowly since 1910, the lure of gold has continued to spark interest there as recently as 1982.

SH-16 MP 110.95

Source: Idaho Transportation Department / Idaho State Historical Society (#447)</desc><type>Mining / industry</type><sym>Flag, Blue</sym><cmt>ID-447</cmt></wpt>
<wpt lat="45.484203" lon="-113.979389"><name>Nez Perce Trail</name><desc>Following high ridges, buffalo hunters cut an old Indian trail along a direct route from Lewiston past here to Lemhi Valley.

This trail was not available to Lewis and Clark in 1805, but an early missionary--Samuel Parker--crossed it with a Nez Perce trading party 30 years later. During an 1862 Montana gold rush, eager miners joined Lewiston merchants who sent pack trains over it with supplies for new gold camps. But bandits and robbers made wilderness travel unsafe along it.

US-93 MP 331.91

Source: Idaho Transportation Department / Idaho State Historical Society (#448)</desc><type>Transportation</type><sym>Flag, Blue</sym><cmt>ID-448</cmt></wpt>
<wpt lat="42.414029" lon="-113.399054"><name>Idahome</name><desc>After wheat crops flourished in this dry farm area, Idahome sprang up here in 1916 as a railroad terminal. Irrigation projects boosted its economy.

When wheat farms disappeared and highway traffic replaced rail service here, Idahome became a ghost town. Its grain elevators, lumberyards, stores, airport, oil company, school, newspaper, and people are only past memories. An elevator and a few building foundations mark its site.

SH-81 MP 7.77

Source: Idaho Transportation Department / Idaho State Historical Society (#449)</desc><type>Pioneer / settlement</type><sym>Flag, Blue</sym><cmt>ID-449</cmt></wpt>
<wpt lat="44.614000" lon="-111.335695"><name>Pierre J. DeSmet</name><desc>Roman Catholic missionary services began in Idaho on Sunday, July 10, 1840, in Teton Valley, followed by a mass held near here at Henry's Lake, July 23.

Pierre J. DeSmet, a Belgian Jesuit leader, accompanied a Pend d'Oreille - Flathead band on their way northwest to their homeland. Climbing a mountain here, along streams "descending from dizzy heights, leaping from rock to rock with a deafening noise," he invoked divine thanks for his successful tour into Idaho and Montana.

US-20 MP 400.76

Source: Idaho Transportation Department / Idaho State Historical Society (#452)</desc><type>Pioneer / settlement</type><sym>Flag, Blue</sym><cmt>ID-452</cmt></wpt>
<wpt lat="43.158652" lon="-116.509009"><name>Diamond Gulch</name><desc>In December, 1865, Idaho's governor -- Caleb Lyon of Lyonsdale -- set off a wild rush to Diamond Gulch, visible a few miles west of here, with a story that was too good to be true.

He told miners in Silver City that a prospector had given him some priceless diamonds from that area. Enough gems of interest to rock hounds were found there to maintain a diamond frenzy that winter. A similar excitement followed in 1892, but no actual diamonds ever were recovered in Diamond Gulch.

SH-78 MP 34.09

Source: Idaho Transportation Department / Idaho State Historical Society (#454)</desc><type>Mining / industry</type><sym>Flag, Blue</sym><cmt>ID-454</cmt></wpt>
<wpt lat="43.688279" lon="-116.688284"><name>Emigrant Crossing</name><desc>After reaching Boise River, emigrant wagons had to travel 30 miles to find a good crossing about 1/4 mile north of here.

They had to avoid a wide zone of shifting channels, so they descended Canyon Hill where the route is still visible. In 1853 Maria Belshaw "...crossed Boise River at ford, 15 rods wide 3 feet deep, beautiful river, gravel bottom, very clear, large salmon in it." After crossing, the road headed westward along a route that became US 20.

I-84 (Old Highway 30, Near Exit 26) MP 26

Source: Idaho Transportation Department / Idaho State Historical Society (#455)</desc><type>Oregon / California Trail</type><sym>Flag, Blue</sym><cmt>ID-455</cmt></wpt>
<wpt lat="42.236009" lon="-111.233131"><name>McAuley's Road</name><desc>Coming west with Ezra Meeker in 1852, Thomas McAuley decided to build a road to let emigrants bypass Big Hill.

Worst of all Oregon Trail descents, Big Hill needed replacement. Eliza McAuley reported that her brother Tom "fished awhile, then took a ramble...and discovered a pass by which the mountain can be avoided by doing a little road building." With an emigrant crew, he opened a wagon toll road that followed current Highway 30. After 1852 no one maintained the new route and it fell into disuse.

US-30 MP 441.72

Source: Idaho Transportation Department / Idaho State Historical Society (#456)</desc><type>Oregon / California Trail</type><sym>Flag, Blue</sym><cmt>ID-456</cmt></wpt>
<wpt lat="44.355454" lon="-111.414781"><name>Harriman Wildlife Refuge</name><desc>Henry's Fork meanders through a 16,000 acre wildlife refuge that retains diverse habitats for many kinds of birds and animals.

Lodgepole pine forests and open meadows provide many opportunities to enjoy wildlife here, and fly fishing still is allowed in this region of scenic beauty. Moose, deer, and elk find plenty of food and shelter, while eagles, hawks, and owls thrive in open hunting grounds. Access is through Harriman State Park.

US-20 (Last Chance Fisherman Access) MP 382.2

Source: Idaho Transportation Department / Idaho State Historical Society (#461)</desc><type>Geology / natural history</type><sym>Flag, Blue</sym><cmt>ID-461</cmt></wpt>
<wpt lat="44.308568" lon="-111.455184"><name>Harriman State Park</name><desc>Started in 1902 as a large cattle ranch, Railroad Ranch soon became a summer retreat for wealthy Easterners and eventually Idaho's largest state park.

Railroad magnate and diplomat W. Averell Harriman and his brother Roland donated the ranch to Idaho in 1977, thus preserving the area's remarkable wildlife and prompting development of a professionally managed state parks system.

US-20 MP 377.98

Source: Idaho Transportation Department / Idaho State Historical Society (#462)</desc><type>Geology / natural history</type><sym>Flag, Blue</sym><cmt>ID-462</cmt></wpt>
<wpt lat="46.379706" lon="-116.177693"><name>Gold Rush Ferry</name><desc>An old ferry near here took thousands of eager fortune hunters to a trail that climbed out of this canyon to rich gold fields discovered at Pierce in 1860.

You still can follow their spectacular route to Weippe Prairie, where in 1805 Lewis and Clark met a Nez Perce band that helped save their expedition. Continuing on, you can reach Idaho's oldest public building - Pierce Courthouse, built in 1862. Take State Highway 11.

US-12 MP 52.44

Source: Idaho Transportation Department / Idaho State Historical Society (#466)</desc><type>Mining / industry</type><sym>Flag, Blue</sym><cmt>ID-466</cmt></wpt>
<wpt lat="43.970087" lon="-116.819215"><name>New Plymouth</name><desc>In 1894, the National Irrigation Congress designed a model town and canal system. New Plymouth was founded to demonstrate it, and farming began here in 1896.

Organizers and settlers came from: Cleveland, Boston, and Chicago to try out their plan for locating all their farmhouses in a central town. New Plymouth streets and parks still reflect that plan, but small, adjacent farms here have grown into a much larger irrigated tract.

US-30 MP 26.53

Source: Idaho Transportation Department / Idaho State Historical Society (#483)</desc><type>Pioneer / settlement</type><sym>Flag, Blue</sym><cmt>ID-483</cmt></wpt>
<wpt lat="43.870861" lon="-114.654525"><name>Galena</name><desc>After Warren P. Callahan located a rich lead-silver mine here, April 26, 1879, thousands of eager treasure-hunters joined in a rush to Wood River in 1880.

Successful prospectors discovered valuable lodes from here to Bellevue. Galena had a hotel, four general stores, a livery stable, several saloons and dining halls, a shoe store, and daily stage service to Hailey. After a ruinous decline in silver prices in 1888, its mines were shut down. But Galena continued as a recreation center.

SH-75 MP 151.74

Source: Idaho Transportation Department / Idaho State Historical Society (#484)</desc><type>Mining / industry</type><sym>Flag, Blue</sym><cmt>ID-484</cmt></wpt>
<wpt lat="46.506391" lon="-116.552804"><name>Lenore Tram</name><desc>In 1898, after rail service from Lewiston reached Lenore, a tramway was begun to ship grain from Camas Prairie (1600 feet above) to a new freight stop directly across the river.

Previously, grain wagons descended a long steep hill from the prairie. Gravity moved full tram buckets down, sending empty buckets back up the cable loop. By 1903, the completed system carried up to 100,000 bushels of grain each year. In 1937 a fire destroyed the entire system.

US-12 MP 28.24

Source: Idaho Transportation Department / Idaho State Historical Society (#486)</desc><type>Railroad</type><sym>Flag, Blue</sym><cmt>ID-486</cmt></wpt>
<wpt lat="44.254489" lon="-116.957736"><name>11,000 Years of Indian Occupation</name><desc>The Weiser Valley provided an abundant environment for early hunters and food gatherers.

Archaeological excavation along Monroe Creek in conjunction with US-95 realignment yielded one of the most significant prehistoric sites in the region. Spear and arrow points and radiocarbon dates suggest the site was occupied for 11,000 years. Inhabitants hunted deer, mountain goat, and rabbit and gathered salmon, roots, berries, and seeds. Artifacts were found 10 feet below the ground surface.

US-95 MP 82.38

Source: Idaho Transportation Department / Idaho State Historical Society (#487)</desc><type>Native American</type><sym>Flag, Blue</sym><cmt>ID-487</cmt></wpt>
<wpt lat="46.026564" lon="-116.327639"><name>Lewis and Clark</name><desc>On May 31, 1806, Sgt. John Ordway and Pvts. Frazer and Weiser began the return trip from Lewis's River (Snake River) with salmon for Camp Chopunnish (Kamiah).

The men crossed the Camas Prairie near here on their way to rejoin the Corps of Discovery, waiting in Camp Chopunnish for mountain snows to recede before attempting to cross the Bitterroots. At about noon on June 2, the small group arrived with seventeen salmon and some roots they had purchased. Most of the fish were spoiled, but Lewis described those that were sound as "extremely delicious."

US-95 MP 252.88

Source: Idaho Transportation Department / Idaho State Historical Society (#488)</desc><type>Lewis &amp; Clark</type><sym>Flag, Blue</sym><cmt>ID-488</cmt></wpt>
<wpt lat="46.200723" lon="-116.415243"><name>Lewis and Clark</name><desc>On May 27, 1806, Sgt. John Ordway and Pvts. Frazer and Weiser were dispatched from Camp Chopunnish (Kamiah) to Lewis' River (Snake River) to obtain salmon.

Guided by Nez Perce Indians, the men crossed the Camas Prairie near here. On May 29, at a Salmon River Indian village, Frazer traded an "old razer" to an Indian woman for two Spanish mill dollars. They reached the Snake River after descending "the worst hills we ever saw a road made down." They were welcomed by Nez Perce and purchased a number of salmon.

US-95 MP 268.62

Source: Idaho Transportation Department / Idaho State Historical Society (#489)</desc><type>Lewis &amp; Clark</type><sym>Flag, Blue</sym><cmt>ID-489</cmt></wpt>
<wpt lat="46.026624" lon="-116.327670"><name>Nez Perce War - Foster's Gravesite</name><desc>"I will not hide anything. That part of the fight was not long." Yellow Wolf, Nez Perce Warrior.

On July 3, 1877, 2nd Lt. Sevier M. Rains, civilian scout William Foster, and ten 1st cavalerymen rode from Norton's ranch (Cottonwood) in search of Nez Perce. Six miles northwest of here warriors attacked and killed the detachment. Foster's grave is three miles west on Cottonwood Butte road. The soldiers' remains were reinterred at Fort Walla Walla.

US-95 MP 252.88

Source: Idaho Transportation Department / Idaho State Historical Society (#500)</desc><type>Native American</type><sym>Flag, Blue</sym><cmt>ID-500</cmt></wpt>
<wpt lat="43.305518" lon="-112.269826"><name>Lava Formations</name><desc>Molten rock, forced upward for 30 to 50 miles through fissures in the earth, has cooled into the hard lava found here.

Continued pressure from below has made great cracks in the contorted surface. This lava solidified only a few thousand years ago, and not very much soil covers it yet. But vegetation is getting a start and unless new flows intervene, windblown soils will cover these rock layers. Then the surface here will look the same as the surrounding plains, which also are layers of lava and windblown soils.

I-15 (N Blackfoot Rest Area SB) MP 101.3

Source: Idaho Transportation Department / Idaho State Historical Society (#287)</desc><type>Geology / natural history</type><sym>Flag, Blue</sym><cmt>ID-287-561</cmt></wpt>
<wpt lat="46.492327" lon="-115.799675"><name>Pierce Courthouse</name><desc>Shoshone County's original courthouse--and Idaho's earliest public building--still stands in Pierce, where it was built in 1862.

Although Pierce gained a large population for a year after gold was discovered here in 1860, most miners soon moved on to other camps. By 1880, Shoshone County had only 469 people left, of whom 296 were Chinese. When a new gold rush 80 miles farther north led to removal of county government to Murray in 1885, Pierce's courthouse became a private home. Eventually preserved by Mrs. Henry Spencer Lawson, it now is a component of Nez Perce National Historical Park.

SH-11 MP 29.65

Source: Idaho Transportation Department / Idaho State Historical Society (#346)</desc><type>Pioneer / settlement</type><sym>Flag, Blue</sym><cmt>ID-346</cmt></wpt>
<wpt lat="46.240260" lon="-116.470995"><name>Craigmont</name><desc>Not long before Camas Prairie railroad service started here in 1908, rival towns were started on each side of the track.

Vollmer began as a rail and business center on the east, and Ilo (an older town a mile away) moved to an adjacent site on the west. Each had separate schools, churches, stores, newspapers, banks, and other businesses. After 12 years of sharp competition, they finally merged into a united community in 1920.

US-95 (Railroad St, Craigmont) MP 272.55

Source: Idaho Transportation Department / Idaho State Historical Society (#331)</desc><type>Railroad</type><sym>Flag, Blue</sym><cmt>ID-331-564</cmt></wpt>
<wpt lat="45.986914" lon="-115.963386"><name>Harpster</name><desc>During the mining boom Harpster boasted a hotel, a livery barn, a harness shop, four saloons, two general stores, a drug store, and a blacksmith shop.

William Jackson built a toll bridge here across the South Fork of the Clearwater River to meet the needs of travelers and packers. The area was known previously as Brownsville, Riverside, and Bridgeport. In 1895 the town was named Harpster in honor of early settler Abraham Harpster. An expected railroad never reached here, but while they were active, local mines helped the area grow.

SH-13 MP 13.28

Source: Idaho Transportation Department / Idaho State Historical Society (#441)</desc><type>Mining / industry</type><sym>Flag, Blue</sym><cmt>ID-441</cmt></wpt>
<wpt lat="45.986886" lon="-115.963404"><name>Elk City Wagon Road</name><desc>A scenic 1895 wagon road frm Harpster to Elk City gave freighters and travelers better access across high ridges and rugged terrain to isolated mining camps

Sections of the steep, narrow road run close to a much older Nez Perce trail that led to Montana's buffalo country and the Snake River Plain. Nez Perce travelers have utilized the route since obtaining horses, which made long distance hunting and other excursions possible. Missionary Samuel Parker was guided over portions of the route in 1835 by the Nez Perce.

SH-13 MP 13.28

Source: Idaho Transportation Department / Idaho State Historical Society (#485)</desc><type>Transportation</type><sym>Flag, Blue</sym><cmt>ID-485</cmt></wpt>
<wpt lat="42.413176" lon="-113.582751"><name>Albion State Normal School</name><desc>Established in March, 1893, by the second Idaho State Legislature.

Residents of Albion erected and furnished a two-story stone building on five acres of donated land, and the very successful teacher-training school opened on September 11, 1894. They soon donated additional land and more buildings were erected. In 1947 the institution became known as Southern Idaho College of Education. It closed in 1951. Magic Valley Christian College occupied the campus between 1958 and 1969. The original building now houses a museum.

SH-77 MP 18.68

Source: Idaho Transportation Department / Idaho State Historical Society (#490)</desc><type>Education</type><sym>Flag, Blue</sym><cmt>ID-490</cmt></wpt>
<wpt lat="43.054352" lon="-116.301052"><name>The Utter Disaster</name><desc>On September 9 &amp; 10, 1860, the Utter wagon train engaged in a life-and-death struggle with attacking Indians.

The assault on the wagon train of forty-four emigrants led by Elijah P. Utter just north of here resulted in the deaths of six men, two women, and three children. Indian casulaties were estimated at between 25 and 30. Survivors followed the Snake River to near the mouth of the Owyhee River. When rescued by the Army 45 days later, only fifteen had survived the ordeal of hunger and deprivation. No other Oregon Trail wagon train suffered greater losses.

SH-78 MP 47.76

Source: Idaho Transportation Department / Idaho State Historical Society (#493)</desc><type>Oregon / California Trail</type><sym>Flag, Blue</sym><cmt>ID-493</cmt></wpt>
<wpt lat="46.422708" lon="-117.032323"><name>Lewiston's Chinese Community</name><desc>The discovery of gold in 1860 and the founding of Lewiston in 1861 attracted many Chinese to the area.

By 1870 approximately 1500 Chinese lived here. They worked as merchants, laborers, laundrymen, and vegetable farmers. Exhausted gold fields, restrictive immigration laws, and an aging male population reduced their numbers to around 100 in the early 1900s. Their descendants continue to be important contributors to the community.

US-12 MP 0.27

Source: Idaho Transportation Department / Idaho State Historical Society (#494)</desc><type>Pioneer / settlement</type><sym>Flag, Blue</sym><cmt>ID-494</cmt></wpt>
<wpt lat="46.423109" lon="-117.031886"><name>Tsceminicum</name><desc>"Meeting of the Waters" When the Nez Perce named this site, they viewed a desolate yet beautiful landscape.

Near a large island at the confluence, crystal waters from the Clearwater joined the murky flow of the Snake. Scattered willows grew along the broad river banks. Grass-covered, treeless hills defined the perimeter. Today, a dam to the west elevates the rivers forty feet above their natural beds.

US-12 MP 0.27

Source: Idaho Transportation Department / Idaho State Historical Society (#495)</desc><type>Geology / natural history</type><sym>Flag, Blue</sym><cmt>ID-495</cmt></wpt>
<wpt lat="44.281214" lon="-116.079511"><name>Splash Dams</name><desc>Prior to the arrival of the railroad in 1912, the North Fork of the Payette River provided an avenue for logs destined to downstream mills in Horseshoe Bend and Emmett.

In 1903, $100,000 was spent to dynamite open a clear channel in the river. Splash Dams were built to store logs. During the winter of 1903-04, logs were held in a 36-acre pond. In April, the logs were blasted loose when the main dam was opened. Less then half of the logs made it to the mills and four men lost their lives during the log drive. Later, the dams were utilized to float railroad ties. Timber interests were instrumental in the founding of Smiths Ferry and Long Valley.

SH-55 MP 95.7

Source: Idaho Transportation Department / Idaho State Historical Society (#496)</desc><type>Engineering / technology</type><sym>Flag, Blue</sym><cmt>ID-496</cmt></wpt>
<wpt lat="42.476156" lon="-111.370331"><name>First Public Building</name><desc>In 1870, Brigham Young appointed Ezra T. Clark, David Hess, and Nicholas Barkdull to colonize this area.

Originally known as Twin Creeks, Joseph C. Rich surveyed the site in 1871. In 1872, the new settlement was named Georgetown in honor of George Q. Cannon. The first public building, used as a church, school and community center, is situated 1 block south and 1/2 block west of here. In 1966, the building was given to the Daughters of Utah Pioneers and is now a pioneer Relic Hall.

US-30 MP 423.3

Source: Idaho Transportation Department / Idaho State Historical Society (#499)</desc><type>Pioneer / settlement</type><sym>Flag, Blue</sym><cmt>ID-499</cmt></wpt>
<wpt lat="46.424715" lon="-117.025092"><name>18th St. Bridge</name><desc>Lewiston's first bridge across the Clearwater River was constructed in 1913. It was replaced in 1951.

Early efforts for a bridge were opposed by ferryboat owners, but other business leaders recognized the need for a link to northern communities. Spanning 780 feet, its steel girders and railing were painted green and red. The wooden deck was 19 feet wide to accommodate large wagons. Automobiles and heavy trucks soon challenged the design.

US-12 (Lewiston Levee Park) MP 1.05

Source: Idaho Transportation Department / Idaho State Historical Society (#501)</desc><type>Engineering / technology</type><sym>Flag, Blue</sym><cmt>ID-501</cmt></wpt>
<wpt lat="46.424717" lon="-117.025155"><name>John Silcott</name><desc>Pioneer businessman and politician. He owned and operated ferries in the Lewiston and Spokane areas.

Early in the 1860s, John Silcott ran a ferryboat across the Snake River at Lewiston. He soon put in a ferry across the Clearwater River and initiated operations on the Snake at Alpowa and on the Spokane River. His wife Jane was the daughter of Nez Perce leader Chief Timothy. A Silcott ferry tie post is still visible at the north end of 5th Street.

US-12 (Lewiston Levee Park) MP 1.05

Source: Idaho Transportation Department / Idaho State Historical Society (#502)</desc><type>Pioneer / settlement</type><sym>Flag, Blue</sym><cmt>ID-502</cmt></wpt>
<wpt lat="42.846301" lon="-112.420721"><name>Chief Pocatello</name><desc>In an era of emigrants, Mormon settlers and the military, Pocatello emerged as a strong leader of the Hukenduka Shoshone.

Born after 1810, Pocatello claimed this area and surrounding territories as his homeland. He soon watched his people endure brutality, disease and starvation. For retaliating, he was nearly hanged until President Lincoln intervened. After 1875, he lived a reservation life until his death around 1884. He was buried in a bottomless spring with 18 horses.

I-15B Pocatello (Rose Garden Park) MP 0.79

Source: Idaho Transportation Department / Idaho State Historical Society (#503)</desc><type>Native American</type><sym>Flag, Blue</sym><cmt>ID-503</cmt></wpt>
<wpt lat="46.925007" lon="-116.902819"><name>Company Town</name><desc>Built as a model town, Potlatch was owned by Weyerhaeuser's Potlatch Lumber Company.

Spokane architect C. Ferris White designed the new community in 1905. Workers' housing stood close to the mill. Managers' homes were built away from the plant's noise and smoke. The railroad depot separated town from industry. All company owned. Potlatch was complete with churches, school, gym, hospital, opera house, and company store.

SH-6 (Scenic Six Park) MP 1.55

Source: Idaho Transportation Department / Idaho State Historical Society (#505)</desc><type>Pioneer / settlement</type><sym>Flag, Blue</sym><cmt>ID-505</cmt></wpt>
<wpt lat="46.925033" lon="-116.902847"><name>World's Largest Mill</name><desc>Potlatch Lumber Company's sawmill, built here in 1906, was one of the largest in the world.

Expanding operations to the West, Weyerhaeuser timber barons invested in Idaho's prime white pine stands. By 1920, their mill was cutting 175 million board feet each year. Logs and lumber were moved by the Washington, Idaho and Montana Railway through stations uniquely named for eastern colleges: Yale, Princeton, Harvard, Cornell, Purdue.

SH-6 (Scenic Six Park) MP 1.55

Source: Idaho Transportation Department / Idaho State Historical Society (#504)</desc><type>Mining / industry</type><sym>Flag, Blue</sym><cmt>ID-504</cmt></wpt>
<wpt lat="42.605324" lon="-113.883896"><name>Camp Rupert 1943-1946</name><desc>Camp Rupert was the largest prisoner of war camp in Idaho, housing some 4000 POWs. Most were German and Italian.

The Camp was built at an initial cost of $500,000 and maintained by nearly 1000 army personnel and civilians. Over 170 buildings were constructed on 300 acres including a field house, hospital, mess halls, barracks, chapel, commissaries, large warehouses and recreation centers. It also served as a base camp for 24 branch camps in Idaho, Oregon and Montana.

SH-25 MP 40.9

Source: Idaho Transportation Department / Idaho State Historical Society (#506)</desc><type>Military</type><sym>Flag, Blue</sym><cmt>ID-506</cmt></wpt>
<wpt lat="44.904315" lon="-113.958668"><name>Idaho Hermits</name><desc>Living for more than 60 years in hand-built "dugouts" across the Salmon River from this site, Richard "Dugout Dick" Zimmerman (1916-2010) came to symbolize the Idaho hermit.

With colorful names like Buckskin Bill and Hank the Hermit, these men (and a few women) eked out lonely existences, many along the Salmon River. Dugout Dick built multiple dugout caves during his time on the Salmon and eventually died here at age 94. By the 1980s, Dick's dugouts had become a local landmark, easily visible across the Salmon River. After Dicks death, the BLM reclaimed the dugouts, citing safety concerns. A cabin built by Dick remains on the site, which includes interpretive signs. The site can accessed by crossing the one-lane bridge a short drive north of here by following the directional signage.

US-93 MP 483.48

Source: Idaho Transportation Department / Idaho State Historical Society (#507)</desc><type>Pioneer / settlement</type><sym>Flag, Blue</sym><cmt>ID-507</cmt></wpt>
<wpt lat="43.915367" lon="-113.613136"><name>Mount McCaleb</name><desc>Mt. McCaleb, named for Civil War veteran and local merchant, Jesse McCaleb, is the prominent 11,682 ft. peak visible North of Mackay.

In 1878, while helping to escort supply wagons and arms to Challis, McCaleb and 13 others were attacked by Indians near present-day Mackay. Creating a barricade of the wagons, the small group held off over 100 Indians in a two-day battle. In the end, Jesse McCaleb was the only casualty: the moutain bears his name in memorial.

US-93 MP 109.17

Source: Idaho Transportation Department / Idaho State Historical Society (#508)</desc><type>Pioneer / settlement</type><sym>Flag, Blue</sym><cmt>ID-508</cmt></wpt>
<wpt lat="43.915261" lon="-113.612984"><name>Ghost Towns of Mackay, Idaho</name><desc>Cliff City and White Knob were bustling mining towns established west of Mackay in the late 1800s.

After copper was discovered in the White Knob Mountains in 1879, Cliff City and White Knob sprang up to support the mines. The boomtowns were home to hundreds of miners, and boasted stores, saloons, a post office, school and theater. Both towns died out in the early 20th century, as Mackay became the regional mining center and the copper industry waned.

US-93 MP 109.18

Source: Idaho Transportation Department / Idaho State Historical Society (#509)</desc><type>Mining / industry</type><sym>Flag, Blue</sym><cmt>ID-509</cmt></wpt>
<wpt lat="46.232500" lon="-116.240670"><name>Lewis and Clark</name><desc>On their eastbound journey, the Corps of Discovery and several Nez Perce reached the Nez Perce Prairie from present-day Peck on May 8, 1806, and camped on "a Small handsom Stream".

On May 9 the party arrived at the root-digging camp of Twisted Hair on the Nezperce Prairie. From there Pvt. Willard accompanied Twisted Hair and two of his young men to the Clearwater River to retrieve saddles, gunpowder, and horses left the previous October. On May 10, the Corps traveled southeast 16 miles across an open and snowy prairie, passing within a mile of Nezperce, before descending into Lawyer's Canyon en route to Chief Broken Arm's camp near Kamiah. St. Ordway and Privates Frazer and Weiser passed within a mile south of Nezperce on May 27 on their way to Salmon River to obtain fish.

SH-162 MP 0.16

Source: Idaho Transportation Department / Idaho State Historical Society (#492)</desc><type>Lewis &amp; Clark</type><sym>Flag, Blue</sym><cmt>ID-492</cmt></wpt>
<wpt lat="47.460509" lon="-115.735781"><name>The Big Blowup</name><desc>“I was blind, my hands were burned. Shoes burned off our feet.”
- Edward Pulaski

Devastating fires swept through here in 1910, culminating in August’s Big Blowup. An area the size of Connecticut burned in two days, killing 72 Idaho firefighters. Forest ranger Edward Pulaski saved 40 men, sheltering in a tunnel west of here. He later invented the Pulaski, a tool firefighters still use.

America has had larger fires, but none as consequential. After 1910, the Forest Service determined to extinguish every wildfire, resulting in biomass buildup and ever-larger blazes. In the 1970s, that policy changed, allowing some wildfires to burn.

I-90 MP 71.4

Source: Idaho Transportation Department / Idaho State Historical Society (#1001)</desc><type>Historical marker</type><sym>Flag, Blue</sym><cmt>ID-1001</cmt></wpt>
<wpt lat="47.972715" lon="-116.567228"><name>Bayview Limekilns</name><desc>Limestone never brought the excitement of a gold rush. But Lake Pend Oreille lime, a key ingredient in plaster and mortar, aided in the construction of Spokane buildings.

Prospectors staked the lake’s first limestone claims in 1881. In 1904, the Washington Brick and Lime Company constructed four kilns near Bayview, the largest such operation in Idaho. Workers alternated layers of wood and limestone, then fired the kilns. The extremely high heat reduced limestone to lime. Railroads then carried the lime to Spokane. 

The 1930s depression stifled the demand for lime, but Bayview’s kilns operated sporadically until 1941.

SH-54 MP 14.76

Source: Idaho Transportation Department / Idaho State Historical Society (#1002)</desc><type>Historical marker</type><sym>Flag, Blue</sym><cmt>ID-1002</cmt></wpt>
<wpt lat="47.518498" lon="-115.825122"><name>Burke</name><desc>Established in 1885, Burke was home to some of the Silver Valley’s most successful mines—including the Hecla and Hercules—as well as actress Lana Turner, a childhood resident.

Located in a narrow canyon, builders in Burke faced unique challenges. When S.S. Glidden built a hotel, he named it for his nearby Tiger-Poorman Mine. Confined by the steep topography, the Tiger Hotel had to span both railroad tracks and Canyon Creek.  Locals claimed it was the only such hotel in the world.

The hotel’s last owner razed it in 1954. The last Burke mine closed in 1991.

SH-4 MP 7.07

Source: Idaho Transportation Department / Idaho State Historical Society (#1004)</desc><type>Historical marker</type><sym>Flag, Blue</sym><cmt>ID-1004</cmt></wpt>
<wpt lat="47.618284" lon="-116.651838"><name>Coeur d'Alene Lake</name><desc>Between 18,000 and 13,000 years ago, the Inland Northwest witnessed some of the greatest floods in geological history.

An ice dam at Lake Pend Oreille blocked the Clark Fork River, creating Lake Missoula, larger than the state of Delaware. It ruptured periodically, releasing torrents of water carrying boulders and gravel that sometimes formed smaller dams downstream, turning valleys into lakes. Here, the Coeur d’Alene and St. Joe Rivers flooded a former valley, creating Coeur d’Alene Lake. At 32,000 acres, with 109 miles of shoreline, many consider it one of the world’s most beautiful lakes.

SH-97 MP 95.94

Source: Idaho Transportation Department / Idaho State Historical Society (#1005)</desc><type>Historical marker</type><sym>Flag, Blue</sym><cmt>ID-1005</cmt></wpt>
<wpt lat="48.652723" lon="-116.345352"><name>David Thompson (1770-1857)</name><desc>The renowned mapmaker and fur trader for Canada’s North West Company explored this area in 1808.

On May 8, 1808, Thompson’s famished party met ten lodges of Kootenai people near here. Short of food themselves, the Kootenai nonetheless offered fish and “moss bread,” made from tree lichens. Thompson termed the bread “slightly bitter…but acceptable to the hungry.” He called the place Camp Providence.

Thompson left on an established Indian trail, the same route US Highway 95 now follows. In 1809, he returned to Camp Providence. Kootenai people guided him to Lake Pend Oreille, where he established Idaho’s first fur-trading post.

US-95 MP 503.69

Source: Idaho Transportation Department / Idaho State Historical Society (#1006)</desc><type>Historical marker</type><sym>Flag, Blue</sym><cmt>ID-1006</cmt></wpt>
<wpt lat="47.149145" lon="-116.910951"><name>DeSmet (‘l’lkhwi’lus)</name><desc>After the US government drew boundaries leaving the mission at Cataldo outside the Schitsu’umsh (Coeur d’Alene) reservation, Jesuits moved here in 1877.

Nineteenth century federal policy sought to assimilate Indians into white culture. Christian mission boarding schools like the one at DeSmet helped accomplish this, but at a cost. Children were separated from families and had to relinquish traditional clothing, religious practices, and native language. The original DeSmet mission and school buildings are gone. The Schitsu’umsh, a sovereign nation with an elected government, replaced the boarding school with a tribal school in the 1990s.

US-95 MP 381.15

Source: Idaho Transportation Department / Idaho State Historical Society (#1007)</desc><type>Historical marker</type><sym>Flag, Blue</sym><cmt>ID-1007</cmt></wpt>
<wpt lat="47.951281" lon="-116.603183"><name>Farragut</name><desc>In 1942, the US Navy opened a training station here named for Civil War admiral David Farragut.

Built inland to protect against possible Japanese coastal invasions, it became Idaho’s largest community and America’s second-largest naval training center. Nearly 300,000 sailors prepared here. It also served briefly as a German prisoner of war camp, and from 1946-49, Farragut College and Technical Institute. In 1965, it became Farragut State Park. With 4,000 acres, it has hosted jamborees attracting thousands of Boy and Girl Scouts from around the world, as well as visitors who enjoy its stunning lakeshore setting.

SH-54 MP 12.43

Source: Idaho Transportation Department / Idaho State Historical Society (#1008)</desc><type>Historical marker</type><sym>Flag, Blue</sym><cmt>ID-1008</cmt></wpt>
<wpt lat="47.512281" lon="-115.859326"><name>Mining Wars</name><desc>The Coeur d’Alene mining wars started in this canyon on July 11, 1892.

After mine owners increased work hours and cut wages, a gunfight erupted between workers and company guards. Miners blew up the Frisco Mill near here. Five men died. Federal troops incarcerated miners. Grievances lingered. On April 29, 1899, miners hijacked a train. Loading it with dynamite here, they destroyed Wardner’s Bunker Hill mill. Two more died. Governor Frank Stuenenberg declared martial law. Federal troops again incarcerated miners. 

The conflict fostered formation of the Western Federation of Miners union, Idaho’s eight-hour workday, and former Governor Steunenberg’s 1905 assassination.

SH-4 MP 5.13

Source: Idaho Transportation Department / Idaho State Historical Society (#1009)</desc><type>Historical marker</type><sym>Flag, Blue</sym><cmt>ID-1009</cmt></wpt>
<wpt lat="47.460474" lon="-115.735659"><name>25th Infantry Regiment</name><desc>In 1910, President William Taft ordered soldiers to fight fires then raging through the Northern West. The 25th Infantry, a regiment of Black troops, went into action.

In Wallace, the 25th maintained order as flames descended on the town, then evacuated women and children on outbound trains. In Avery, the troops helped residents escape and lit backfires that saved the community. The regiment also built trails for fire crews and retrieved bodies from burned areas. “The soldiers of the 25th Infantry have done heroic service and saved many lives and much property,” reported the Seattle Times.

I-90 MP 71.4

Source: Idaho Transportation Department / Idaho State Historical Society (#1010)</desc><type>Historical marker</type><sym>Flag, Blue</sym><cmt>ID-1010</cmt></wpt>
<wpt lat="47.318290" lon="-116.587150"><name>John Mullan (1830-1909) (After the Road)</name><desc>John Mullan won acclaim as a young Army lieutenant. His 625-mile road, the Northwest’s first engineered highway, is a National Historic Civil Engineering Landmark. Towns, schools, and streets in three states bear his name.

After roadbuilding, Mullan’s life proved less gratifying. In 1863, he resigned from the Army and attempted unsuccessfully to gain President Lincoln’s appointment as Idaho’s first territorial governor. He then failed as a Walla Walla businessman and as partner in a Boise-to-California stage line. He finally found success as a California lawyer, but eventually lost his fortune. He died penniless in 1909, the year automobiles first traveled his road.

SH-5 MP 17.87

Source: Idaho Transportation Department / Idaho State Historical Society (#1011)</desc><type>Historical marker</type><sym>Flag, Blue</sym><cmt>ID-1011</cmt></wpt>
<wpt lat="47.546121" lon="-116.131908"><name>Bunker Hill Mine</name><desc>In 1885, prospector Noah Kellogg’s wandering jackass found a spectacular galena outcropping two miles from here. Kellogg—and his jackass—had discovered what would evolve into the Bunker Hill Mine.

Bunker Hill produced more than 30 million tons of lead, silver, and zinc, built the world’s largest smelter, and employed thousands. The smelter also released sulfur and lead dioxides into the air, while Bunker Hill and other mines discharged wastes into streams. In 1983, the Environmental Protection Agency began supervising the cleanup around Bunker Hill, with mining companies adapting to new environmental regulations.

I-90 (Near Exit 49) MP 49.71

Source: Idaho Transportation Department / Idaho State Historical Society (#1012)</desc><type>Historical marker</type><sym>Flag, Blue</sym><cmt>ID-1012</cmt></wpt>
<wpt lat="48.701404" lon="-116.314707"><name>Kootenai Tribe of Idaho</name><desc>You are traveling through the traditional homelands of the Kootenai Tribe of Idaho.

An ancient and unique culture, the Kootenai speak a language unlike any other in the world and are known for their sturgeon-nose canoes and flat bows made of yew. Despite several attempts at removal, the Kootenai Tribe of Idaho refused to leave their homes near Bonners Ferry and move to a reservation, resulting in years of hardship. In 1974, the population of the Kootenai Tribe of Idaho was 67 people. In desperation, they declared war against the United States and successfully secured a land base and federal recognition.

US-2 MP 507.8

Source: Idaho Transportation Department / Idaho State Historical Society (#1013)</desc><type>Historical marker</type><sym>Flag, Blue</sym><cmt>ID-1013</cmt></wpt>
<wpt lat="48.220385" lon="-116.266882"><name>Kullyspel House</name><desc>In 1809, David Thompson oversaw construction of the earliest fur-trading post in what became the American Pacific Northwest.

Located 2 ½ miles from here, Kullyspel House (Thompson’s spelling for Kalispel) was the first structure built by non-Indians in Idaho. A geographer and surveyor of rare skill, Thompson explored and documented vast regions for the North West Company of Montreal. Reaching south from present-day British Columbia, he extended his company’s trade influence to north Idaho. Thompson first mapped the route that Idaho Highway 200 now follows. The North West Company abandoned Kullyspel House in 1811.

SH-200 MP 48.07

Source: Idaho Transportation Department / Idaho State Historical Society (#1014)</desc><type>Historical marker</type><sym>Flag, Blue</sym><cmt>ID-1014</cmt></wpt>
<wpt lat="47.056006" lon="-116.861350"><name>McCroskey State Park</name><desc>Virgil McCroskey had patience.

A local pharmacist and conservationist, McCroskey often hiked these woods. In the 1930s, he began purchasing property to prevent logging. He stitched together a narrow strip of land and constructed a road he called Skyline Drive, with expansive views of farms and mountains. Twice he offered it to Idaho as a park. The legislature declined. In 1955, the state finally accepted his 4,400-acre donation, provided he maintain it for 15 years. McCroskey did, even purchasing additional park property. He died in 1970 at age 93. Mary Minerva McCroskey State Park honors his mother.

US-95 MP 371.76

Source: Idaho Transportation Department / Idaho State Historical Society (#1015)</desc><type>Historical marker</type><sym>Flag, Blue</sym><cmt>ID-1015</cmt></wpt>
<wpt lat="47.647994" lon="-116.735811"><name>Lake Steamers</name><desc>More steamboats once plied these waters than any lake west of the Great Lakes.

It began in 1880, when the Army launched the Amelia Wheaton to carry supplies for Fort Coeur d’Alene (later named Fort Sherman). Many other steamers followed, hauling freight, towing logs, and carrying passengers. Docks lined the City of Coeur d’Alene’s lakefront. 

In 1927, officials burned the Georgie Oakes, “Queen of the Lake,” as part of Coeur d’Alene’s July 4th celebration. Although a few steamers operated into the 1940s, Coeur d’Alene’s steamboat era had reached its turning point.

E Coeur D'Alene Lake Dr (S of Coeur D'Alene)

Source: Idaho Transportation Department / Idaho State Historical Society (#1016)</desc><type>Historical marker</type><sym>Flag, Blue</sym><cmt>ID-1016</cmt></wpt>
<wpt lat="47.462592" lon="-115.710547"><name>Schitsu'umsh</name><desc>The original people of this land call themselves Schitsu’umsh, “those who were found here.”

French fur traders called them “Coeur d’Alene,” meaning “heart of the awl,” for their shrewd bartering skills—a name the Tribe also proudly recognizes. That keen business sense has carried on to the present. The Tribe is one of the region’s largest employers, involved in gaming, recreation, agriculture, and technology. 

The Schitsu’umsh of today are the sum of untold generations that have lived in this land of abundant beauty, rich in resources. They are who they always were and who they will always be.

I-90 MP 72.65

Source: Idaho Transportation Department / Idaho State Historical Society (#1017)</desc><type>Historical marker</type><sym>Flag, Blue</sym><cmt>ID-1017</cmt></wpt>
<wpt lat="48.271682" lon="-116.544124"><name>Long Bridges</name><desc>Travel between Sagle and Sandpoint proved challenging to early residents. They could row. Or they could walk over the railroad trestle—a hike requiring nimble feet and a good knowledge of train schedules.

In 1910, contractors sank 1,540 pilings to support a two-mile-long wagon bridge. Locals claimed it the longest wooden bridge in the world. A new automobile bridge replaced the wagon structure in the 1930s, and in the 1950s a concrete and steel span connected the two towns. That bridge remains, a popular walking and biking path that parallels the latest Long Bridge, completed in 1981.

On pedestrian underpass path (US-95) MP 473.95

Source: Idaho Transportation Department / Idaho State Historical Society (#1018)</desc><type>Historical marker</type><sym>Flag, Blue</sym><cmt>ID-1018</cmt></wpt>
<wpt lat="47.149101" lon="-116.910917"><name>Dawes Act</name><desc>A Schitsu’umsh (Coeur d’Alene) agricultural community once thrived here. Some farms were a thousand acres or larger. The 1887 Dawes Act changed that.

Schitsu’umsh in the DeSmet area grew wheat, potatoes, oats, and hay—among the most successful Northwest Indian farmers. The Dawes Act, which sought to encourage farming by allotting land to individual tribal members, actually failed the Schitsu’umsh. 

Implementation began here in 1909. Federal agents assigned 160 acres to tribal members, shrinking many Schitsu’umsh farms to economically inviable sizes. Non-Indians purchased the “surplus” property. Schitsu’umsh lost thousands of acres. The Tribe now works now to buy back lost lands.

US-95 MP 381.15

Source: Idaho Transportation Department / Idaho State Historical Society (#1019)</desc><type>Historical marker</type><sym>Flag, Blue</sym><cmt>ID-1019</cmt></wpt>
<wpt lat="47.621135" lon="-116.519751"><name>Mullan Road</name><desc>Walk the Mullan Road, one of the Northwest's most significant routes. Take the side road to your left.

From 1858-62, John Mullan's Army road crew built the Northwest's first engineered highway, connecting Fort Benton with Fort Walla Walla, 625 miles long. Idaho’s portion of Interstate 90—the “Captain John Mullan Highway”—roughly follows that road. Mullan's crew spent Independence Day 1861 here, giving Fourth of July Summit its name. They carved that date into a white pine. The famed Mullan Tree became a popular tourist stop before foresters removed the diseased tree in 1988.

I-90 (E Alder Creek Rd, Near Exit 28) MP 28

Source: Idaho Transportation Department / Idaho State Historical Society (#1020)</desc><type>Historical marker</type><sym>Flag, Blue</sym><cmt>ID-1020</cmt></wpt>
<wpt lat="47.462573" lon="-115.710591"><name>Land of the Schitsu'umsh (Schitsu'umshu'lmkhw)</name><desc>You are traveling through Schitsu’umshu’lmkhw, the traditional homelands of the Schitsu’umsh (Coeur d’Alene Tribe).

Schitsu’umshu’lmkhw spanned from eastern Washington, across Idaho’s panhandle, to western Montana. In 1873, President Ulysses Grant created the Coeur d’Alene Reservation. Smaller than the Tribe’s ancestral lands, it was still huge. The discovery of gold in the Silver Valley brought widespread trespassing onto the reservation. In the 1880s, Congress opened hundreds of square miles of formerly reserved lands to white settlement, shrinking the reservation to its current size.

Schitsu’umsh still hunt the forests, travel the rivers, and camp on land that has been theirs since time immemorial.

I-90 MP 72.65

Source: Idaho Transportation Department / Idaho State Historical Society (#1021)</desc><type>Historical marker</type><sym>Flag, Blue</sym><cmt>ID-1021</cmt></wpt>
<wpt lat="47.551144" lon="-116.358145"><name>Old Mission of the Sacred Heart (sq’wt’u)</name><desc>Opened in 1853, this is Idaho’s oldest standing building.

Schitsu’umsh (Coeur d’Alene) tribal members undertook most of the construction for this Jesuit mission church. They quarried local fieldstone for the foundation, felled trees for beams and posts, and, using traditional techniques, wove grass through willow saplings for the walls. The site also included a barn, stable, flourmill, houses, and shops. Schitsu’umsh lodges stood near the river. 

President Ulysses Grant created the Schitsu’umsh reservation in 1873. Its boundaries excluded the mission, so Schitsu’umsh and Jesuits moved south to DeSmet. In 2001, the Boise Diocese deeded the mission to the Schitsu’umsh.

I-90 (Old Mission State Park, Near Exit 39) MP 38.8

Source: Idaho Transportation Department / Idaho State Historical Society (#1022)</desc><type>Historical marker</type><sym>Flag, Blue</sym><cmt>ID-1022</cmt></wpt>
<wpt lat="47.947639" lon="-116.686276"><name>Pen d'Oreille City</name><desc>In 1866, gold rushes brought steamboat service to Lake Pend Oreille. Five miles east of here on Buttonhook Bay, Pen d'Oreille City became the home port.

The Oregon Steam Navigation Company (OSN) launched the steamboat Mary Moody, providing an alternative to the difficult land route to mines in Canada and Montana. Operating from Pen d’Oreille City, the boat shortened miners’ trips by a couple days. At its peak, the “city” had 25 residents, a store, and a saloon. Soon, the population shrank to one boat tender. When OSN dismantled the Mary Moody in 1876, Pen d’Oreille City disappeared altogether.

SH-54 MP 8.47

Source: Idaho Transportation Department / Idaho State Historical Society (#1023)</desc><type>Historical marker</type><sym>Flag, Blue</sym><cmt>ID-1023</cmt></wpt>
<wpt lat="47.739263" lon="-117.033437"><name>Rathdrum Prairie</name><desc>The greatest floods in geological history once swept across the Rathdrum Prairie.

Some 15,000 years ago, a lobe of the Cordilleran ice sheet crept south from Canada to Sandpoint. The ice formed a dam creating glacial Lake Missoula, containing as much water as Lakes Erie and Ontario combined. As the climate warmed, the dam failed multiple times, repeatedly emptying the lake. Torrents of water rushed through here. The Missoula Floods shaped much of the Northwest.

Following those deluges, this lowland became a natural transportation corridor. People traveled along the valley at least 10,000 years ago. Today, highways run through it.

SH-53 MP 0.45

Source: Idaho Transportation Department / Idaho State Historical Society (#1024)</desc><type>Historical marker</type><sym>Flag, Blue</sym><cmt>ID-1024</cmt></wpt>
<wpt lat="47.366751" lon="-116.680427"><name>Saint Joseph Mission (St'uts'te'wes)</name><desc>For millennia, Schitsu’umsh (Coeur d’Alene Tribe) trapped fish at this location.

In 1842, Jesuits established Idaho’s first Catholic mission here. To encourage Schitsu’umsh to farm, the Jesuits prohibited fish trapping. Ignoring Schitsu’umsh advice, the Jesuits constructed a small church and other buildings near the river. As tribal members had predicted, spring floods ravaged the structures and destroyed much of the farmland. After subsisting a winter on barley soup, the Jesuits relented, collaborating with Schitsu’umsh to build a new fish trap utilizing construction methods from both cultures. 

In 1846, Jesuits left this challenging location and established a new mission at today’s Cataldo.

SH-3 MP 92.61

Source: Idaho Transportation Department / Idaho State Historical Society (#1025)</desc><type>Historical marker</type><sym>Flag, Blue</sym><cmt>ID-1025</cmt></wpt>
<wpt lat="47.447966" lon="-116.775337"><name>Submerged Valley</name><desc>Glacial activity 20,000 to 14,000 years ago created Lake Coeur d’Alene out of what previously had been a river valley.

North of here near Sandpoint, the Cordilleran ice sheet blocked valleys and formed large ice-dammed lakes. Repeated failures of the dams drained the lakes. Waters rushed across the outlet of this valley, beyond modern Coeur d’Alene. Sand and gravel deposited there raised the level of the land and blocked the old river channel. This backed up the river, submerged the valley before you, and produced one of Idaho’s lovely landscapes.

SH-97 MP 67.36

Source: Idaho Transportation Department / Idaho State Historical Society (#1027)</desc><type>Historical marker</type><sym>Flag, Blue</sym><cmt>ID-1027</cmt></wpt>
<wpt lat="48.161628" lon="-116.753990"><name>Seneacquoteen</name><desc>For thousands of years, Kalispel Indians forded ntxwe (Pend Oreille River) near here. They called it Seneacquoteen, “the crossing.”

In 1811, Canadian fur trader David Thompson crossed ntxwe  here, and in 1860-61, international boundary survey teams established base camps on the river’s banks. Gold rushes in Montana and Canada later brought thousands of miners. Starting in 1864, a ferry provided transport. By then, Seneacquoteen had a couple saloons and stores. For a time, it was the seat of Kootenai County government. When the Northern Pacific Railroad bypassed Seneacquoteen, its brief boom faded, but the ferry operated until 1957.

Parking area at end of Laclede Ferry Rd (off SH-2) MP 14.55

Source: Idaho Transportation Department / Idaho State Historical Society (#1026)</desc><type>Historical marker</type><sym>Flag, Blue</sym><cmt>ID-1026</cmt></wpt>
<wpt lat="47.527797" lon="-116.047660"><name>Sunshine Mine Disaster</name><desc>In 1972, America’s richest silver mine witnessed one of the nation’s deadliest mine accidents.

On May 2, fire broke out a half mile underground at the nearby Sunshine Mine. Heat, smoke, and gas spread quickly through the intricate system of underground workings. Of the 173 workers who entered the mine that day, 91 died—all from carbon monoxide poisoning.

This Idaho tragedy helped transform the nation’s mining industry, prompting passage of the federal Mine Safety and Health Act of 1977. The act brought stricter safety regulations—including rescue training and evacuation drills—that continue to govern hard-rock mining.

I-90 (Near Exit 54) MP 54.2

Source: Idaho Transportation Department / Idaho State Historical Society (#1028)</desc><type>Historical marker</type><sym>Flag, Blue</sym><cmt>ID-1028</cmt></wpt>
<wpt lat="47.399390" lon="-116.661426"><name>Mullan Road</name><desc>In 1858, Schitsu’umsh (Coeur d’Alene) learned Lieutenant John Mullan would build a road through their land. They vowed to stop him.

In an Army display of power, Colonel Edward Steptoe marched 158 troops out of Fort Walla Walla. Schitsu’umsh and other warriors routed him at today’s Rosalia, Washington. Later, Colonel George Wright brutally avenged Steptoe’s defeat and forced tribes to accept road construction. 

Mullan initially built his road nearby in 1859. After it flooded, he charted a different route northwest of here. Completed in 1862, Mullan’s road connected the Missouri and Columbia Rivers. It brought settlers to the Northwest while transforming tribal lifeways.

US-3 MP 95.83

Source: Idaho Transportation Department / Idaho State Historical Society (#1029)</desc><type>Historical marker</type><sym>Flag, Blue</sym><cmt>ID-1029</cmt></wpt>
<wpt lat="47.714361" lon="-116.951352"><name>Treaty Rock (q’emiln)</name><desc>In 1871, Frederick Post negotiated with Moses Seltice and other Schitsu’umsh (Coeur d’Alenes) here. Post acquired rights to a nearby waterfall.

Despite popular legend, Post and Seltice never signed a treaty here. Some of the markings on nearby Treaty Rock might pre-date 1871; others probably came later to commemorate the negotiations. But undisputed is the enduring legacy of Post and the Seltice family. The waterfall Post acquired powered his sawmill—this region’s first. He also platted this town bearing his name. Numerous place names in Washington, Idaho, and Montana—Seltice or Saltese—bear witness to that family’s significance.

N Compton, Post Falls (Treaty Rock Park, off I-90) MP 4.62

Source: Idaho Transportation Department / Idaho State Historical Society (#1030)</desc><type>Historical marker</type><sym>Flag, Blue</sym><cmt>ID-1030</cmt></wpt>
<wpt lat="47.477252" lon="-115.933448"><name>Wallace</name><desc>In 1884, William R. Wallace built a cabin at a site he called Placer Center. A community grew, took the name Wallace, and became the commercial hub of the nation’s richest silver-mining district.

Wallace has retained a large number of historic buildings reflecting its mining past. As engineers designed the Interstate 90 expansion, the original plan took the highway through town, requiring the removal of much of the pristine architecture. The community successfully argued for an alternative. In 1991, Wallace ceremonially retired the last stoplight on the 3,000-mile Interstate 90—as the new freeway bypassed the town.

I-90B (Near Exit 61) MP 61

Source: Idaho Transportation Department / Idaho State Historical Society (#1031)</desc><type>Historical marker</type><sym>Flag, Blue</sym><cmt>ID-1031</cmt></wpt>
<wpt lat="48.652755" lon="-116.345334"><name>Bonners Ferry</name><desc>Edwin Bonner established a ferry across the Kootenai River to transport prospectors. It gave a future town and county their names.

In 1864, British Columbia’s Kootenay gold rush drew miners to Canada. Steamboats began working the river in the 1880s; railroads arrived in the 1890s. Area forests attracted lumber companies, and the fertile river valley brought farmers. Bonners Ferry—then in Bonner County—became a commercial hub. 

In 1915, Idaho’s legislature carved Boundary County out of Bonner County. Ironically, the county named for Ed Bonner’s ferry now lies south of here, and Bonners Ferry is the governmental seat of Boundary County.

US-2 MP 503.7

Source: Idaho Transportation Department / Idaho State Historical Society (#1032)</desc><type>Historical marker</type><sym>Flag, Blue</sym><cmt>ID-1032</cmt></wpt>
<wpt lat="47.460491" lon="-115.735717"><name>Willow Creek Slide</name><desc>On February 10, 1903, a spectacular avalanche swept down a narrow gorge near here, destroying a 300-foot-long Northern Pacific Railway trestle and wrecking a train.

The engine plunged 80 feet, sinking into 30 feet of snow. A passenger car dangled precariously over the open gap. The caboose tumbled into a deep snowbank. Though it took 11 hours to free injured workers, everyone aboard the train miraculously survived the terror-stricken trip. A new, less hazardous grade replaced the demolished trestle.

I-90 MP 71.4

Source: Idaho Transportation Department / Idaho State Historical Society (#1033)</desc><type>Historical marker</type><sym>Flag, Blue</sym><cmt>ID-1033</cmt></wpt>
<wpt lat="48.256920" lon="-116.324866"><name>Chinese Railroad Workers</name><desc>“Take all the Chinese who will come.”
- Adna Anderson, Chief Engineer

In 1881-82, nearly 6,000 workers laid Northern Pacific Railroad track along northern Lake Pend Oreille, the most difficult and costly construction on the entire route. They worked here in winter, removing up to seven feet of snow just to reach ground level. 

Chinese immigrants accounted for two-thirds of the labor force. They lived and worked separately from others, often undertaking the most arduous and dangerous tasks. Following construction, some Chinese remained as section crews. The nearby town of Hope had a Chinese community well into the 20th century.

SH-200 MP 44.3

Source: Idaho Transportation Department / Idaho State Historical Society (#1034)</desc><type>Historical marker</type><sym>Flag, Blue</sym><cmt>ID-1034</cmt></wpt>
<wpt lat="48.652788" lon="-116.345314"><name>Mary Allen Wright (1868-1948)</name><desc>In 1896, Idaho became the fourth state to grant women the vote—24 years before national suffrage. Two years later, voters sent Mary Allen Wright to the legislature.

Wright, an ardent suffragist, moved from Washington to Rathdrum in 1890. In 1898, Idahoans elected three women legislators, a Republican, a Democrat, and Populist Mary Wright. She chaired the Populist Caucus, the first woman nationally to lead a state legislative party. 

Wright served one term, divorced, and moved to Bonners Ferry in 1912, where she managed Wright’s Loan and Investment Company. One of America’s trailblazing women politicians, she died here in 1948.

US-95 MP 503.7

Source: Idaho Transportation Department / Idaho State Historical Society (#1035)</desc><type>Historical marker</type><sym>Flag, Blue</sym><cmt>ID-1035</cmt></wpt>
<wpt lat="47.947640" lon="-116.686240"><name>Gladys Buroker (1914-2002)</name><desc>Gladys Buroker parachuted from planes, piloted gliders, and instructed hundreds of World War II servicemen.

During the war, Gladys and husband Herb operated from Coeur d’Alene’s Weeks Field. Gladys trained military pilots; Herb maintained the planes. In the 1970s, the Burokers, along with partner Clay Henley, opened Henley Aerodrome near Athol. Gladys gave flying lessons and entertained visitors with hot-air balloon rides. Gary Norton purchased the Aerodrome in 1981. It gradually evolved into Silverwood Theme Park. Gladys stayed on, managing the airfield for Silverwood’s acclaimed air shows. She retired in 1990 but continued flying well into her 80s.

SH-54 MP 8.47

Source: Idaho Transportation Department / Idaho State Historical Society (#1036)</desc><type>Historical marker</type><sym>Flag, Blue</sym><cmt>ID-1036</cmt></wpt>
<wpt lat="47.972743" lon="-116.567191"><name>Submarine Testing</name><desc>Landlocked Idaho has contributed significantly to American submarine technology.

During World War II, the Farragut Naval Training Station prepared nearly 300,000 sailors for duty. Following the war, the Navy retained a 25-acre parcel of the former training center for its Acoustic Research Detachment (ARD). As the nation’s fifth-deepest lake, Pend Oreille proved an ideal submarine testing environment. With a fleet of reduced-scale submarines, ARD undertakes trials here at a fraction of the expense of ocean research, aiding the Navy’s development of efficient, quiet submarines. The ARD’s Bayview base has supported nearly every major post-World War II submarine design.

SH-54 MP 14.76

Source: Idaho Transportation Department / Idaho State Historical Society (#1037)</desc><type>Historical marker</type><sym>Flag, Blue</sym><cmt>ID-1037</cmt></wpt>
<wpt lat="47.518486" lon="-115.825144"><name>Levi and May Hutton</name><desc>Burke’s Hercules Mine brought great wealth to its investors—including May and Levi Hutton.

May Arkwright owned a Wardner boarding house. Levi Hutton, a locomotive engineer, dined there regularly. After marrying in 1887, they invested their modest savings in the Hercules. In 1901, the partners struck a fabulously rich silver vein. 

May devoted much of her new prosperity to supporting women’s suffrage. The Huttons also donated generously to philanthropy. After May died in 1915, Levi purchased 111 acres east of Spokane and founded the Hutton Settlement for orphans. He died in 1928, bequeathing his fortune to the Settlement, which still exists.

SH-4 MP 7.07

Source: Idaho Transportation Department / Idaho State Historical Society (#1038)</desc><type>Historical marker</type><sym>Flag, Blue</sym><cmt>ID-1038</cmt></wpt>
<wpt lat="47.618196" lon="-116.651951"><name>Restoring the Lake</name><desc>Idaho’s Silver Valley, east of here, is one of the world’s richest silver-producing regions. It created jobs and wealth. But for more than a century, mining wastes flowed downstream to Lake Coeur d’Alene.

This beautiful lake has always been a center of Schitsu’umsh (Coeur d’Alene) life. In 1991, the Tribe filed one of the largest natural resource lawsuits in American history in an effort to compel a lake cleanup. A far-reaching legal victory resulted in mining companies paying millions of dollars to mitigate damages. The Tribe, along with federal and state agencies, began the long-term project of restoring the lake.

SH-97 MP 95.94

Source: Idaho Transportation Department / Idaho State Historical Society (#1039)</desc><type>Historical marker</type><sym>Flag, Blue</sym><cmt>ID-1039</cmt></wpt>
<wpt lat="47.399337" lon="-116.661389"><name>Joseph Garry (1910-1975)</name><desc>In the 1950s, the federal government sought to terminate Indian tribal governments. Joseph Garry fought back.

Garry served on the Schitsu’umsh (Coeur d’Alene) Tribal Council for 25 years, and was the first Indian elected to the Idaho House of Representatives (1956) and Senate (1966). In 1953, the National Congress of American Indians elected him president. That year, Congress resolved to terminate federal tribal recognition and assimilate Indians by moving them off reservations. Garry rallied tribes throughout the country to Washington, DC, “the biggest demonstration by Indians ever” in that city. Garry’s gathering triggered a successful, multi-year effort to defeat termination.

US-3 MP 95.83

Source: Idaho Transportation Department / Idaho State Historical Society (#1040)</desc><type>Historical marker</type><sym>Flag, Blue</sym><cmt>ID-1040</cmt></wpt>
<wpt lat="42.938793" lon="-115.510878"><name>Bannock War</name><desc>Charging through a fringe of trees, U.S. troops on Aug. 9, 1878, ended a four hour skirmish with a hundred Bannock Indians on an island in Bennett Creek nearby.

The war had begun in June on Camas Prairie and had swung clear to central Oregon. Now the Indians were returning to their reservation at Fort Hall. Harried from the island, they soon lost the pursuing troops in rough country north of here. This was the last battle of the war.

SH-78 MP 95.93

Source: Idaho Transportation Department / Idaho State Historical Society (#196)</desc><type>Native American</type><sym>Flag, Blue</sym><cmt>ID-196</cmt></wpt>
</gpx>