<?xml version="1.0" encoding="UTF-8"?>
<gpx version="1.1" creator="Roadside (github: roadside-markers)" xmlns="http://www.topografix.com/GPX/1/1">
<metadata><name>Roadside — Montana &amp; Idaho highway markers</name><desc>Official roadside historical and geological markers. Compilation CC BY 4.0; texts © issuing agency.</desc></metadata>
<wpt lat="46.748368" lon="-112.299758"><name>Marysville Montana</name><desc>Sign text not yet published online by the state.

Source: Montana Department of Transportation (#1)</desc><type>History</type><sym>Flag, Blue</sym><cmt>MT-1</cmt></wpt>
<wpt lat="45.598088" lon="-109.065075"><name>Park City, Ho! for the States!</name><desc>Sign text not yet published online by the state.

Source: Montana Department of Transportation (#2)</desc><type>History</type><sym>Flag, Blue</sym><cmt>MT-2</cmt></wpt>
<wpt lat="45.319997" lon="-112.076496"><name>Garnets, Vigilantes and Gold Dredges</name><desc>Sign text not yet published online by the state.

Source: Montana Department of Transportation (#3)</desc><type>History</type><sym>Flag, Blue</sym><cmt>MT-3</cmt></wpt>
<wpt lat="46.089857" lon="-107.660028"><name>Buffalo Country</name><desc>Sign text not yet published online by the state.

Source: Montana Department of Transportation (#4)</desc><type>History</type><sym>Flag, Blue</sym><cmt>MT-4</cmt></wpt>
<wpt lat="45.914617" lon="-112.377208"><name>The Divide Trophy</name><desc>Sign text not yet published online by the state.

Source: Montana Department of Transportation (#5)</desc><type>OTHER</type><sym>Flag, Blue</sym><cmt>MT-5</cmt></wpt>
<wpt lat="46.055871" lon="-105.571211"><name>Beebe</name><desc>Sign text not yet published online by the state.

Source: Montana Department of Transportation (#6)</desc><type>History</type><sym>Flag, Blue</sym><cmt>MT-6</cmt></wpt>
<wpt lat="45.307448" lon="-111.968634"><name>Nevada City</name><desc>Sign text not yet published online by the state.

Source: Montana Department of Transportation (#7)</desc><type>History</type><sym>Flag, Blue</sym><cmt>MT-7</cmt></wpt>
<wpt lat="48.433446" lon="-112.703153"><name>Old Agency 1880 - 1894</name><desc>Sign text not yet published online by the state.

Source: Montana Department of Transportation (#9)</desc><type>History</type><sym>Flag, Blue</sym><cmt>MT-9</cmt></wpt>
<wpt lat="46.089837" lon="-107.660074"><name>The Great Highway of the Northwest: the Yell Tr</name><desc>Sign text not yet published online by the state.

Source: Montana Department of Transportation (#10)</desc><type>History</type><sym>Flag, Blue</sym><cmt>MT-10</cmt></wpt>
<wpt lat="46.748387" lon="-112.299751"><name>A Booming Little Place</name><desc>Sign text not yet published online by the state.

Source: Montana Department of Transportation (#11)</desc><type>History</type><sym>Flag, Blue</sym><cmt>MT-11</cmt></wpt>
<wpt lat="46.218426" lon="-107.249405"><name>Jedediah Smith</name><desc>Sign text not yet published online by the state.

Source: Montana Department of Transportation (#12)</desc><type>History</type><sym>Flag, Blue</sym><cmt>MT-12</cmt></wpt>
<wpt lat="46.898601" lon="-105.019434"><name>The Spring Creek Battle</name><desc>Sign text not yet published online by the state.

Source: Montana Department of Transportation (#14)</desc><type>History</type><sym>Flag, Blue</sym><cmt>MT-14</cmt></wpt>
<wpt lat="47.409129" lon="-114.096661"><name>Fort Connah</name><desc>Sign text not yet published online by the state.

Source: Montana Department of Transportation (#15)</desc><type>History</type><sym>Flag, Blue</sym><cmt>MT-15</cmt></wpt>
<wpt lat="45.667769" lon="-110.807379"><name>Bozeman Pass</name><desc>Sign text not yet published online by the state.

Source: Montana Department of Transportation (#16)</desc><type>History</type><sym>Flag, Blue</sym><cmt>MT-16</cmt></wpt>
<wpt lat="45.712365" lon="-111.064194"><name>Fort Ellis</name><desc>Sign text not yet published online by the state.

Source: Montana Department of Transportation (#18)</desc><type>Lewis &amp; Clark</type><sym>Flag, Blue</sym><cmt>MT-18</cmt></wpt>
<wpt lat="46.269054" lon="-106.306452"><name>The Hell Creek Formation</name><desc>(west-bound) View/Download a PDF of the Road Sign Dinosaurs once ruled the Earth. Fossils of fierce Tyrannosaurus rex, three-horned Triceratops and many other dinosaur species can be found in the rocks of the Hell Creek Formation in eastern Montana. In the early years of the 20th century, cross-country travel by automobile was still an adventure comparable to the covered wagon days of the Old West. Instead of hostile Indians and buffalo stampedes, motorists contended with gumbo mud and rutted dirt tracks that could only marginally be called roads. In May 1916, a group of Spokane businessmen formed the National Parks Highway Association to promote an automobile route between Chicago and Seattle and designated a 3,100-mile route between the two cities as the National Parks Highway. The highway was little more than a patchwork of interconnected and unimproved county roads. In June 1916, Frank Guilbert set out with three companions in two Mitchell Six automobiles to blaze the route. For a month, the expedition battled its way across the northern tier of states, including a very rainy trip across Montana, before arriving in Seattle. The mission proved the feasibility of the National Parks Highway and its potential for tourism and commerce. By 1926, the road was known as U.S. Highway 10 and, in 1971, Interstate 94 superseded the old route.

Source: Montana Department of Transportation (#19)</desc><type>Geology / natural history</type><sym>Flag, Blue</sym><cmt>MT-19</cmt></wpt>
<wpt lat="45.177702" lon="-109.247586"><name>Red Lodge Country</name><desc>Sign text not yet published online by the state.

Source: Montana Department of Transportation (#20)</desc><type>History</type><sym>Flag, Blue</sym><cmt>MT-20</cmt></wpt>
<wpt lat="44.853497" lon="-112.795186"><name>The Montana - Utah Road</name><desc>Sign text not yet published online by the state.

Source: Montana Department of Transportation (#21)</desc><type>History</type><sym>Flag, Blue</sym><cmt>MT-21</cmt></wpt>
<wpt lat="46.261286" lon="-106.279585"><name>The Hell Creek Formation</name><desc>(west-bound) View/Download a PDF of the Road Sign Dinosaurs once ruled the Earth. Fossils of fierce Tyrannosaurus rex, three-horned Triceratops and many other dinosaur species can be found in the rocks of the Hell Creek Formation in eastern Montana. In the early years of the 20th century, cross-country travel by automobile was still an adventure comparable to the covered wagon days of the Old West. Instead of hostile Indians and buffalo stampedes, motorists contended with gumbo mud and rutted dirt tracks that could only marginally be called roads. In May 1916, a group of Spokane businessmen formed the National Parks Highway Association to promote an automobile route between Chicago and Seattle and designated a 3,100-mile route between the two cities as the National Parks Highway. The highway was little more than a patchwork of interconnected and unimproved county roads. In June 1916, Frank Guilbert set out with three companions in two Mitchell Six automobiles to blaze the route. For a month, the expedition battled its way across the northern tier of states, including a very rainy trip across Montana, before arriving in Seattle. The mission proved the feasibility of the National Parks Highway and its potential for tourism and commerce. By 1926, the road was known as U.S. Highway 10 and, in 1971, Interstate 94 superseded the old route.

Source: Montana Department of Transportation (#22)</desc><type>Geology / natural history</type><sym>Flag, Blue</sym><cmt>MT-22</cmt></wpt>
<wpt lat="45.836593" lon="-112.685628"><name>The Divide Valley</name><desc>Sign text not yet published online by the state.

Source: Montana Department of Transportation (#23)</desc><type>Geology / natural history</type><sym>Flag, Blue</sym><cmt>MT-23</cmt></wpt>
<wpt lat="45.823319" lon="-111.857859"><name>A Passage Through Time: the Jefferson River Canyon</name><desc>The four-mile long Jefferson River Canyon was cut into the Tobacco Root Mountains between LaHood Park and Lewis and Clark Caverns State Park relatively recently in geologic time. The canyon exposes rocks that span over a billion years of geologic history. The rocks indicate times when the area was covered by shallow seas in which fine-grained sediment was deposited, and other times when rocks were exposed and eroded. The rocks also record times of volcanic activity and when stresses in the earth caused rocks to contort into folds or break into complex and significant faults. Entering the canyon from the east will take you backward in time. Most of the rocks at the east end of the canyon are sedimentary and volcanic rocks from the age of dinosaurs and younger. Gray cliffs of Madison limestone mark the entrance to the canyon, and form its walls for about a mile and a half to the west. Lewis and Clark Caverns developed in this limestone. A short distance beyond a northward bend in the highway, a steeper canyon is developed in dark-colored rocks of the La- Hood Formation that are much older than a billion years. In the outcrops of the LaHood Formation, chunks of a lighter-colored rock as much as 100-feet long are apparent within the dark rock of the canyon walls. They are boulders that broke off an ancient cliff produced by a major fault. A Brief History: After much political wrangling and public comments by citizens in Three Forks and Whitehall, the Montana Department of Transportation rerouted US Highway 10 through the Jefferson Canyon in 1928. Prior to that, the old highway bypassed the canyon. The new road was difficult to build and engineers used dynamite to blast a route for it through the rocks. When completed in 1930, the highway was one of the most scenic routes in Montana. Bypassed by Interstate 90 in 1968, this highway still retains many of the design features common to Great Depression-era roads and is a unique driving experience.

Source: Montana Department of Transportation (#24)</desc><type>Geology / natural history</type><sym>Flag, Blue</sym><cmt>MT-24</cmt></wpt>
<wpt lat="45.836280" lon="-113.979293"><name>Join the Voyage of Discovery</name><desc>Sign text not yet published online by the state.

Source: Montana Department of Transportation (#25)</desc><type>Lewis &amp; Clark</type><sym>Flag, Blue</sym><cmt>MT-25</cmt></wpt>
<wpt lat="48.369957" lon="-106.792630"><name>The Ice Ages</name><desc>For thousands of years, northern Montana was covered under a massive ice sheet. Glaciologists aren't sure why the ice ages began, but the process of glaciation is known because of the mark it leaves on the landscape. About 190,000 years ago, glaciers pushed their way onto the northern Great Plains of Montana from the north and northeast. This area was near the southern extent of the glacial ice sheet, so the ice depth was thinner than it was further to the north. As the glacier moved south, it blocked the Missouri River, forcing it to seek an ice-free channel farther to the south. The ice sheet lasted until about 130,000 years ago when it melted away. The ice left behind a radically changed landscape, dotted with small ponds and glacial till. Large boulders, called erratics, now litter the plains in this area along with extensive gravel beds. The glacier deposited the material as it moved across the landscape or it was deposited after the ice sheets melted. Some of the erratics came from as far away as northern Manitoba or were torn from rock outcrops west of Lake Winnipeg. The Missouri River never returned to its original channel, instead it is now occupied by the Milk River between Havre and Wolf Point. About 25,000 years ago, the Wisconsin ice sheet pushed south into northeastern Montana, but the highlands to the northwest diverted the glaciers to the east and west, leaving a large ice-free pocket between Glasgow and Hinsdale. The Wisconsin ice sheet retreated from Montana about 11,000 to 8,000 years ago. A Brief History : In 1919, motorists called US 2 the Theodore Roosevelt International Highway. Promoted as "the most wonderful Highway in all America," the road in Montana was a series of interconnected rutted county roads that became gumbo mud when wet. Despite the hazards, the route was a popular one with motorists in the early days of automobile travel.

Source: Montana Department of Transportation (#26)</desc><type>Geology / natural history</type><sym>Flag, Blue</sym><cmt>MT-26</cmt></wpt>
<wpt lat="48.385595" lon="-114.102560"><name>Berne Roadside Park</name><desc>Sign text not yet published online by the state.

Source: Montana Department of Transportation (#27)</desc><type>History</type><sym>Flag, Blue</sym><cmt>MT-27</cmt></wpt>
<wpt lat="45.735777" lon="-109.756346"><name>The Cattle Drive of 1866</name><desc>Sign text not yet published online by the state.

Source: Montana Department of Transportation (#28)</desc><type>History</type><sym>Flag, Blue</sym><cmt>MT-28</cmt></wpt>
<wpt lat="46.005681" lon="-110.662716"><name>Shields River Valley</name><desc>Sign text not yet published online by the state.

Source: Montana Department of Transportation (#29)</desc><type>History</type><sym>Flag, Blue</sym><cmt>MT-29</cmt></wpt>
<wpt lat="48.770992" lon="-104.540126"><name>The Fort Union Formation and the Ice Age</name><desc>The Fort Union Formation was deposited not long after the dinosaur extinction, about 65 million years ago. Rivers originating in mountains to the west and south carried abundant sediment to the nearby shallow inland sea to the east, crossing the subtropical, swampy coastal plain of eastern Montana on their way. As the rivers shifted, the swamp vegetation and peat were covered with thick deposits of sand, silt, and clay. In time, it compacted to form coal. The sand, silt, and clay cemented and compacted into sandstone, siltstone, and mudstone. Eastern Montana has an estimated 200 billion tons of coal that developed from the vegetation of these swamps. Geologists classify much of the coal buried in northeastern Montana as lignite, which has a low energy content. Most of the coal is buried under layers of the soft rock in the Fort Union Formation, but is locally exposed in hills and road cuts. The scattered red rock of the Fort Union Formation is clinker. Clinker forms when lightning strikes, wildfires, or spontaneous combustion causes the coal to ignite and burn. The intense heat of the burning coal bakes the adjacent sedimentary layers creating the dense, hard red rock.

Source: Montana Department of Transportation (#30)</desc><type>Geology / natural history</type><sym>Flag, Blue</sym><cmt>MT-30</cmt></wpt>
<wpt lat="48.564924" lon="-109.548032"><name>Hurry, Honyucker, Hurry!</name><desc>Sign text not yet published online by the state.

Source: Montana Department of Transportation (#31)</desc><type>History</type><sym>Flag, Blue</sym><cmt>MT-31</cmt></wpt>
<wpt lat="46.219176" lon="-107.251620"><name>Jedediah Smith</name><desc>Sign text not yet published online by the state.

Source: Montana Department of Transportation (#32)</desc><type>History</type><sym>Flag, Blue</sym><cmt>MT-32</cmt></wpt>
<wpt lat="48.469733" lon="-107.549303"><name>The Long, Long Trail</name><desc>Sign text not yet published online by the state.

Source: Montana Department of Transportation (#33)</desc><type>History</type><sym>Flag, Blue</sym><cmt>MT-33</cmt></wpt>
<wpt lat="47.137090" lon="-114.043537"><name>The Salish and Pend D'oreille People and</name><desc>Sign text not yet published online by the state.

Source: Montana Department of Transportation (#34)</desc><type>Native American</type><sym>Flag, Blue</sym><cmt>MT-34</cmt></wpt>
<wpt lat="45.177624" lon="-109.247697"><name>The Beartooth Plateau</name><desc>The Beartooth Plateau contains some of the oldest exposed rocks on Earth and provides a unique window into the history of our planet. About 55 million years ago, this massive block of metamorphic basement rock pushed its way upward nearly two miles along steep faults that extend deep into the Earth. The exposed rock consists of coarse-grained gray and pink granites, gneisses, and schists that formed about 3.3 billion years ago when older sedimentary and volcanic rocks were heated and recrystallized deep in the Earth at extremely high temperatures. The plateau contains the oldest exposed rocks in Montana and they are among the oldest on Earth. The Stillwater Complex on the plateau's northern flank is one of the world's major sources of chromite, platinum, and palladium. During the ice ages, about 100,000 years ago, the Beartooth Plateau collected enough snow for glaciers to form and cover most of the plateau to a depth of several thousand feet. The spreading glaciers wore down the plateau's upper surface to leave the distinctively rounded rock outcrops, along with hundreds of lakes, ponds, and depressions. They flowed down old stream valleys, leaving them deepened and straightened, with vertical canyon walls and jagged peaks. The summit of the plateau is alpine tundra. A Brief History: Although these mountains were crisscrossed by trails used by Native Americans since prehistory, it was not until the 20th century that many sought a permanent route over the mountains from Red Lodge to Yellowstone National Park. As the Red Lodge coal mines closed, Red Lodge businessmen lobbied Montana's congressional delegation to construct a road between their community and the Park. In 1931, President Herbert Hoover signed the Park Approach Act into law, which funded the construction of scenic routes to the country's national parks through federally-owned land. Construction of the $2.5 million project began in 1932. Some 100 workers employed by five companies blasted their way up the side of the 11,000-foot plateau. The workmen gave names to many features of the road that are still used today, including Lunch Meadow, Mae West Curve and High Lonesome Ridge. The road officially opened on June 14, 1936. Today, the road looks much as it did in 1936 and provides motorists an excellent opportunity to experience one of the few North American highways reaching such spectacular high-elevation alpine scenery.

Source: Montana Department of Transportation (#35)</desc><type>OTHER</type><sym>Flag, Blue</sym><cmt>MT-35</cmt></wpt>
<wpt lat="45.421768" lon="-105.397079"><name>Big Sky Country</name><desc>Sign text not yet published online by the state.

Source: Montana Department of Transportation (#36)</desc><type>History</type><sym>Flag, Blue</sym><cmt>MT-36</cmt></wpt>
<wpt lat="46.576840" lon="-112.280735"><name>Over a Billion Ayears of Montana’s Geologichistory</name><desc>Sign text not yet published online by the state.

Source: Montana Department of Transportation (#37)</desc><type>Geology / natural history</type><sym>Flag, Blue</sym><cmt>MT-37</cmt></wpt>
<wpt lat="48.321391" lon="-112.542377"><name>The 564th Missile Squadron</name><desc>Sign text not yet published online by the state.

Source: Montana Department of Transportation (#38)</desc><type>History</type><sym>Flag, Blue</sym><cmt>MT-38</cmt></wpt>
<wpt lat="48.507494" lon="-109.798633"><name>Fort Assiniboine</name><desc>Sign text not yet published online by the state.

Source: Montana Department of Transportation (#39)</desc><type>History</type><sym>Flag, Blue</sym><cmt>MT-39</cmt></wpt>
<wpt lat="48.368969" lon="-107.965274"><name>Early Day Outlaws</name><desc>Sign text not yet published online by the state.

Source: Montana Department of Transportation (#40)</desc><type>History</type><sym>Flag, Blue</sym><cmt>MT-40</cmt></wpt>
<wpt lat="45.595536" lon="-112.317359"><name>The Jefferson Valley</name><desc>Sign text not yet published online by the state.

Source: Montana Department of Transportation (#42)</desc><type>History</type><sym>Flag, Blue</sym><cmt>MT-42</cmt></wpt>
<wpt lat="45.836272" lon="-113.979362"><name>Survival</name><desc>Sign text not yet published online by the state.

Source: Montana Department of Transportation (#43)</desc><type>Lewis &amp; Clark</type><sym>Flag, Blue</sym><cmt>MT-43</cmt></wpt>
<wpt lat="46.525807" lon="-114.113107"><name>Fort Owen</name><desc>Sign text not yet published online by the state.

Source: Montana Department of Transportation (#44)</desc><type>History</type><sym>Flag, Blue</sym><cmt>MT-44</cmt></wpt>
<wpt lat="46.280204" lon="-106.474976"><name>Rosebud Creek</name><desc>Sign text not yet published online by the state.

Source: Montana Department of Transportation (#45)</desc><type>History</type><sym>Flag, Blue</sym><cmt>MT-45</cmt></wpt>
<wpt lat="45.392662" lon="-112.146491"><name>Robber's Roost</name><desc>Sign text not yet published online by the state.

Source: Montana Department of Transportation (#46)</desc><type>History</type><sym>Flag, Blue</sym><cmt>MT-46</cmt></wpt>
<wpt lat="46.746313" lon="-114.172550"><name>The Flight of the Nez Perce</name><desc>Sign text not yet published online by the state.

Source: Montana Department of Transportation (#47)</desc><type>Native American</type><sym>Flag, Blue</sym><cmt>MT-47</cmt></wpt>
<wpt lat="45.600722" lon="-109.065734"><name>Columbus, Ho! for the States!</name><desc>Sign text not yet published online by the state.

Source: Montana Department of Transportation (#48)</desc><type>History</type><sym>Flag, Blue</sym><cmt>MT-48</cmt></wpt>
<wpt lat="48.179412" lon="-110.111641"><name>An Island on the Plains</name><desc>Fifty-five to thirty-four million years ago, volcanoes erupted in several areas of central Montana. The upwelling of magma which fed these volcanoes was largely responsible for the Bears Paw Uplift and for several other isolated mountain ranges in central Montana. In some places, as the molten rock pushed its way upward toward the surface, it up-arched the layered rocks above it to form a magma dome called a laccolith. In other places, the magma rose vertically to form dikes. The dikes now look like old fallen-down stone walls protruding up through the grass of the ranchlands. Some of the magma crystallized into shonkinite, a rare rock, named for exposures near the town of Shonkin, Montana. Some of the laccoliths eroded to form large buttes, the most prominent are Square Butte northeast of Box Elder and Centennial Mountain northeast of Big Sandy. While the mountains were rising, an east-west rift developed near the crest, and rocks slid both to the north and south on Cretaceous marine shales. The sliding produced many faults in the adjacent Great Plains. The faults south of the mountains are especially prominent; while most of those to the north are covered by glacial deposits. A Brief History: It is not known how the mountain range got its name. According to one legend, many generations ago, an Indian man killed a deer while hunting in the mountains. Before he could return to his camp, he encountered a bear, which knocked him down and pinned him to the ground. The hunter appealed to the Great Spirit for help, who answered by filling the heavens with lightning and thunder, which killed the bear and severed its paw, releasing the hunter. Or perhaps one of the range's mountains resembles a bear's paw and gave the mountain range its name. Another tale states that to Indians looking down from the summit of one of the peaks, the ridges spread out below them resembled a bear's paw.

Source: Montana Department of Transportation (#49)</desc><type>Geology / natural history</type><sym>Flag, Blue</sym><cmt>MT-49</cmt></wpt>
<wpt lat="46.875036" lon="-113.885511"><name>Many Cultures Forged Strong Communities</name><desc>Sign text not yet published online by the state.

Source: Montana Department of Transportation (#51)</desc><type>History</type><sym>Flag, Blue</sym><cmt>MT-51</cmt></wpt>
<wpt lat="46.261300" lon="-106.279370"><name>Cattle Brands</name><desc>Sign text not yet published online by the state.

Source: Montana Department of Transportation (#52)</desc><type>History</type><sym>Flag, Blue</sym><cmt>MT-52</cmt></wpt>
<wpt lat="46.063268" lon="-107.709038"><name>The Great Highway of the Northwest: the Yell Tr</name><desc>Sign text not yet published online by the state.

Source: Montana Department of Transportation (#53)</desc><type>History</type><sym>Flag, Blue</sym><cmt>MT-53</cmt></wpt>
<wpt lat="47.726013" lon="-109.634713"><name>Camp Cooke First Military Post in Montana</name><desc>Sign text not yet published online by the state.

Source: Montana Department of Transportation (#54)</desc><type>History</type><sym>Flag, Blue</sym><cmt>MT-54</cmt></wpt>
<wpt lat="45.335463" lon="-110.770106"><name>Emigrant Gulch</name><desc>Sign text not yet published online by the state.

Source: Montana Department of Transportation (#55)</desc><type>History</type><sym>Flag, Blue</sym><cmt>MT-55</cmt></wpt>
<wpt lat="47.302523" lon="-105.767928"><name>Brockway Montana</name><desc>Sign text not yet published online by the state.

Source: Montana Department of Transportation (#56)</desc><type>History</type><sym>Flag, Blue</sym><cmt>MT-56</cmt></wpt>
<wpt lat="47.795716" lon="-108.633421"><name>The Little Rocky Mountains</name><desc>Sign text not yet published online by the state.

Source: Montana Department of Transportation (#58)</desc><type>History</type><sym>Flag, Blue</sym><cmt>MT-58</cmt></wpt>
<wpt lat="48.452740" lon="-115.768942"><name>Kootenai River and the Belt Supergroup</name><desc>The canyon along the Kootenai River exposes rocks of the Belt Supergroup, which consists of sandstones, called quartzites, and thin layers of hard mudstones or shales. These rocks form most of the outcrops along the highway from east of Libby to the Idaho border. In this area, the rocks are slightly folded so that the river cascades over the inclined hard quartzite beds in the stair-step-like falls. Individual folds may be seen in the north-facing road cut just south of Highway 2, southwest of the parking lot. Another fold may be seen north of the river. These folds resulted from east-west tectonic compression that caused north-to-south trending folds and faults throughout western Montana about 50 to 100 million years ago. When the rocks belonging to the Belt Supergroup were deposited about 1.5 billion years ago during the Precambrian Era, much of western Montana was covered by shallow seas or lakes surrounded by very flat shores. Sediments in the water deposited thin beds of sand, mud, and calcium carbonate. The surfaces of the rocks often display mud cracks, ripple marks, and the spatter marks of raindrops. These structures can be found in outcrops along the Kootenai River, and indicate that the water covering the area was shallow, and occasionally, completely dried up. Algae mats often trapped fine particles of calcium carbonate to form rounded structures called stromatolites. Near the river below Swinging Bridge are wonderful examples of stromatolites. Belt rocks dominate the mountains of northwestern Montana. The rocks along US Highway 2 between the Idaho border and the Continental Divide south of Glacier National Park consist almost entirely of the Belt Supergroup. The rocks next to the highway are brown, gray, red, green, purple, and yellow colors; dramatic cliffs occur where resistant, well-cemented sandstones are exposed.

Source: Montana Department of Transportation (#59)</desc><type>Geology / natural history</type><sym>Flag, Blue</sym><cmt>MT-59</cmt></wpt>
<wpt lat="46.756915" lon="-114.085246"><name>The Lolo Trail</name><desc>Sign text not yet published online by the state.

Source: Montana Department of Transportation (#60)</desc><type>Lewis &amp; Clark</type><sym>Flag, Blue</sym><cmt>MT-60</cmt></wpt>
<wpt lat="46.989821" lon="-107.859415"><name>Fort Musselshell</name><desc>Sign text not yet published online by the state.

Source: Montana Department of Transportation (#61)</desc><type>History</type><sym>Flag, Blue</sym><cmt>MT-61</cmt></wpt>
<wpt lat="46.446228" lon="-109.938697"><name>Paleocene Mammals and Albert Silberling</name><desc>The town of Harlowton is located in the Fort Union Geological Formation, which was created about 65 million years ago, shortly after the dinosaur extinction. This once shallow inland sea was formed from rivers originating in the southwestern mountain slopes of Montana. These rivers transferred and deposited sediment collected from the swampy, subtropical eastern coastal plains into the shallow sea. As the rivers shifted over time, swamp vegetation and peat were covered with thick deposits of sand, silt, and clay, which would later form coal. These deposits cemented and compacted into sandstone, siltstone, and mudstone—soft materials that easily erode—leaving few outcrops of more weather-resistant rocks. The area surrounding Harlowton is also famous for its Paleocene fossils. In 1902, Princeton University paleontologist Earl Douglass and Albert Silberling, a local homesteader and self-taught paleontologist, discovered the fossil remains of primitive mammals in a quarry southwest of Harlowton. Paleontologists excavated that quarry and three others over the next four decades and these sites yielded the remains of at least 23 species, including a squirrel-like animal called Ptilodus, the most successful of all mammals. Ptilodus first appeared during the middle Jurassic Age about 160 million years ago and became extinct about 35 million years ago. It coexisted with massive sauropods, such as the Apatosaurus and Diplodocus, as well as the meat-eating Allosaurus. During Paleozoic time, Montana’s climate was warm, humid, and possibly densely forested. With its dexterous feet, legs, and tail, Ptilodus was a good climber with a well-developed sense of smell. Teeth recovered in the quarries indicate that it was herbivorous. Other fossils found by Douglass and Silberling include a primitive species of ungulate called Phenacodus, and a primate-like animal called a Plesiadapis, all of which co-existed with the Ptilodus and were preyed upon by Creodonts, the dominant carnivorous animals of the time. Albert Silberling’s excavation of thousands of fossils and his discoveries from quarries in the Harlowton area have greatly contributed to scientists’ knowledge about life in the Paleozoic Era.

Source: Montana Department of Transportation (#62)</desc><type>Geology / natural history</type><sym>Flag, Blue</sym><cmt>MT-62</cmt></wpt>
<wpt lat="48.556595" lon="-109.704630"><name>The Wahkpa Chu'gn Buffalo Jump</name><desc>Sign text not yet published online by the state.

Source: Montana Department of Transportation (#63)</desc><type>Native American</type><sym>Flag, Blue</sym><cmt>MT-63</cmt></wpt>
<wpt lat="45.920053" lon="-111.499055"><name>Colter’s Run</name><desc>Sign text not yet published online by the state.

Source: Montana Department of Transportation (#64)</desc><type>History</type><sym>Flag, Blue</sym><cmt>MT-64</cmt></wpt>
<wpt lat="47.105306" lon="-104.740852"><name>Glendive</name><desc>Sign text not yet published online by the state.

Source: Montana Department of Transportation (#65)</desc><type>History</type><sym>Flag, Blue</sym><cmt>MT-65</cmt></wpt>
<wpt lat="47.020830" lon="-114.520165"><name>Glacial Lake Missoula</name><desc>(west-bound) View/Download a PDF of the Road Sign During the last ice age about 15,000 years ago, an enormous glacier pushed down from British Columbia and blocked the Clark Fork River in northern Idaho. The glacier functioned as an ice dam creating the largest glacial lake known to have existed, Glacial Lake Missoula. The lake's waters backed up into the river's drainage in western Montana, creating a body of water comparable to today's Lake Ontario. As the lake filled and water at the ice dam deepened, it caused the lighter glacial ice to float and eventually break up, triggering floods of epic proportions. The water flushed through the Clark Fork drainage west of here enroute to the Pacific Ocean. The torrent scarred the landscape of eastern Washington, creating scablands that still define the landscape. The geologic record indicates that Glacial Lake Missoula filled and emptied on a cyclical basis over a period of about two thousand years. Indeed, the large road cut where the Interstate 90 bridge crosses the Clark Fork River at Nine Mile, ten miles east of here, preserves the record of at least 36 separate fillings of the lake. Other evidence of the glacial floods include ancient ice age shorelines on the mountains around Missoula. A Brief History: In 1860, 150 men under the command of Lieutenant John Mullan carved a wagon road through the colorful Precambrian mudstones on the mountainside north of here. The road took six weeks to construct and required the use of explosives to blast a route through the rocks. Called the Point of Rocks Segment of the Mullan Road, the road still traces its way across the mountainside above here. In 1908, the Chicago, Milwaukee, St. Paul &amp; Pacific (Milwaukee Road) Railroad constructed its transcontinental line through the Clark Fork canyon enroute to Seattle. The railroad also excavated tons of rock to cut its way through these mountains to St. Paul Pass. The old railroad grade, later known as the Route of the Hiawatha for the celebrated passenger train that once used the line, is still evident along the north side of Interstate 90. In 1914, the Yellowstone Trail, blazed by distinctive chrome yellow signs with black arrows, passed through this canyon. The trail became U.S. Highway 10 in 1926. Interstate 90 bypassed it here in 1963.

Source: Montana Department of Transportation (#66)</desc><type>Geology / natural history</type><sym>Flag, Blue</sym><cmt>MT-66</cmt></wpt>
<wpt lat="47.742773" lon="-109.627052"><name>The Judith River Formation</name><desc>In 1855, geologist Ferdinand V. Hayden explored the upper Missouri River for the United States Geological Service. At that time, the area was the hunting ground of the Lakota, Blackfeet, Atsina, and River Crow Indians. A lone white man in Indian Country was often fair game to the tribes, but Hayden's passion for rocks and fossils earned him the name "He Who Picks Up Stones While Running" and a reputation for madness. The Indians left him alone. Hayden explored what would later become known as the Judith River Formation, a large area of sedimentary materials deposited in the lowland areas bordering the Colorado Sea during the Late Cretaceous Period 78 to 74 million years ago. During his exploration near the mouth of the Judith River, Hayden collected many fossilized teeth, bones, and shells from the Judith River Formation. He took them to anatomy Professor Joseph Leidy in Philadelphia for identification, who classified the teeth as belonging to a new species of hadrosaur. The teeth and bones were the first dinosaur fossils found in North America. Hayden's discovery drew paleontologists to Montana in search of dinosaur fossils and to the Judith River Formation making it a significant paleontological destination.

Source: Montana Department of Transportation (#67)</desc><type>Geology / natural history</type><sym>Flag, Blue</sym><cmt>MT-67</cmt></wpt>
<wpt lat="46.089828" lon="-107.660213"><name>Junction of Bighorn and Yellowstone Rivers</name><desc>Sign text not yet published online by the state.

Source: Montana Department of Transportation (#68)</desc><type>History</type><sym>Flag, Blue</sym><cmt>MT-68</cmt></wpt>
<wpt lat="44.631151" lon="-112.588583"><name>The Montana-Utah Road</name><desc>Sign text not yet published online by the state.

Source: Montana Department of Transportation (#69)</desc><type>History</type><sym>Flag, Blue</sym><cmt>MT-69</cmt></wpt>
<wpt lat="46.269645" lon="-112.270102"><name>Jib Mill</name><desc>Sign text not yet published online by the state.

Source: Montana Department of Transportation (#70)</desc><type>History</type><sym>Flag, Blue</sym><cmt>MT-70</cmt></wpt>
<wpt lat="48.993280" lon="-112.788223"><name>Landslide Butte</name><desc>In 1912 Smithsonian geologist Eugene Stebinger and paleontologist Charles Gilmore came to Blackfeet Country looking for dinosaur remains. Their search took them to a badland area near Landslide Butte, a prominent landform near the Milk River to the east of here. Stebinger named the sandstone and mudstone rock unit the Two Medicine Formation, and determined that it was nearly 2000 feet thick, representing a geological time span from 74 to 80 million years ago. From this formation, Gilmore collected and named 3 new species of dinosaurs. A second paleontological group from the Museum of the Rockies here in Montana, led by Jack Horner, explored this same area from 1985 through 1987, and discovered an additional 4 new species of dinosaurs, including one of the largest dinosaur nesting grounds on earth, covering nearly 6 square miles. In addition, enormous bone beds of duck-billed dinosaurs and horned dinosaurs supported theories that these kinds of dinosaurs traveled in gigantic herds, and may have migrated along the eastern front of the ancient Rocky Mountains. Three of the dinosaurs, known exclusively from this one area, are the horned dinosaurs Rubeosaurus, Einiosaurus, and Achelousaurus, hypothesized to represent an evolutionary sequence of transitional species.

Source: Montana Department of Transportation (#71)</desc><type>Geology / natural history</type><sym>Flag, Blue</sym><cmt>MT-71</cmt></wpt>
<wpt lat="45.391926" lon="-108.906379"><name>A Monument to Carbon County: the Fromberg Bridge</name><desc>Sign text not yet published online by the state.

Source: Montana Department of Transportation (#72)</desc><type>History</type><sym>Flag, Blue</sym><cmt>MT-72</cmt></wpt>
<wpt lat="45.853154" lon="-111.922052"><name>Lahood Park</name><desc>Sign text not yet published online by the state.

Source: Montana Department of Transportation (#73)</desc><type>History</type><sym>Flag, Blue</sym><cmt>MT-73</cmt></wpt>
<wpt lat="45.177644" lon="-109.247665"><name>The Beartooth Plateau</name><desc>The Beartooth Plateau contains some of the oldest exposed rocks on Earth and provides a unique window into the history of our planet. About 55 million years ago, this massive block of metamorphic basement rock pushed its way upward nearly two miles along steep faults that extend deep into the Earth. The exposed rock consists of coarse-grained gray and pink granites, gneisses, and schists that formed about 3.3 billion years ago when older sedimentary and volcanic rocks were heated and recrystallized deep in the Earth at extremely high temperatures. The plateau contains the oldest exposed rocks in Montana and they are among the oldest on Earth. The Stillwater Complex on the plateau's northern flank is one of the world's major sources of chromite, platinum, and palladium. During the ice ages, about 100,000 years ago, the Beartooth Plateau collected enough snow for glaciers to form and cover most of the plateau to a depth of several thousand feet. The spreading glaciers wore down the plateau's upper surface to leave the distinctively rounded rock outcrops, along with hundreds of lakes, ponds, and depressions. They flowed down old stream valleys, leaving them deepened and straightened, with vertical canyon walls and jagged peaks. The summit of the plateau is alpine tundra. A Brief History: Although these mountains were crisscrossed by trails used by Native Americans since prehistory, it was not until the 20th century that many sought a permanent route over the mountains from Red Lodge to Yellowstone National Park. As the Red Lodge coal mines closed, Red Lodge businessmen lobbied Montana's congressional delegation to construct a road between their community and the Park. In 1931, President Herbert Hoover signed the Park Approach Act into law, which funded the construction of scenic routes to the country's national parks through federally-owned land. Construction of the $2.5 million project began in 1932. Some 100 workers employed by five companies blasted their way up the side of the 11,000-foot plateau. The workmen gave names to many features of the road that are still used today, including Lunch Meadow, Mae West Curve and High Lonesome Ridge. The road officially opened on June 14, 1936. Today, the road looks much as it did in 1936 and provides motorists an excellent opportunity to experience one of the few North American highways reaching such spectacular high-elevation alpine scenery.

Source: Montana Department of Transportation (#75)</desc><type>Geology / natural history</type><sym>Flag, Blue</sym><cmt>MT-75</cmt></wpt>
<wpt lat="48.059623" lon="-106.018438"><name>In Memoriam</name><desc>Sign text not yet published online by the state.

Source: Montana Department of Transportation (#76)</desc><type>Native American</type><sym>Flag, Blue</sym><cmt>MT-76</cmt></wpt>
<wpt lat="46.494014" lon="-104.234545"><name>Wagon Road</name><desc>Sign text not yet published online by the state.

Source: Montana Department of Transportation (#77)</desc><type>History</type><sym>Flag, Blue</sym><cmt>MT-77</cmt></wpt>
<wpt lat="47.055308" lon="-109.459371"><name>The Judith Basin Country</name><desc>Sign text not yet published online by the state.

Source: Montana Department of Transportation (#78)</desc><type>History</type><sym>Flag, Blue</sym><cmt>MT-78</cmt></wpt>
<wpt lat="46.561748" lon="-112.308727"><name>The Frenchwoman's Road</name><desc>Sign text not yet published online by the state.

Source: Montana Department of Transportation (#81)</desc><type>History</type><sym>Flag, Blue</sym><cmt>MT-81</cmt></wpt>
<wpt lat="45.991066" lon="-112.475250"><name>Meaderville</name><desc>Sign text not yet published online by the state.

Source: Montana Department of Transportation (#83)</desc><type>History</type><sym>Flag, Blue</sym><cmt>MT-83</cmt></wpt>
<wpt lat="45.823321" lon="-111.857852"><name>A Passage Through Time</name><desc>The four-mile long Jefferson River Canyon was cut into the Tobacco Root Mountains between LaHood Park and Lewis and Clark Caverns State Park relatively recently in geologic time. The canyon exposes rocks that span over a billion years of geologic history. The rocks indicate times when the area was covered by shallow seas in which fine-grained sediment was deposited, and other times when rocks were exposed and eroded. The rocks also record times of volcanic activity and when stresses in the earth caused rocks to contort into folds or break into complex and significant faults. Entering the canyon from the east will take you backward in time. Most of the rocks at the east end of the canyon are sedimentary and volcanic rocks from the age of dinosaurs and younger. Gray cliffs of Madison limestone mark the entrance to the canyon, and form its walls for about a mile and a half to the west. Lewis and Clark Caverns developed in this limestone. A short distance beyond a northward bend in the highway, a steeper canyon is developed in dark-colored rocks of the La- Hood Formation that are much older than a billion years. In the outcrops of the LaHood Formation, chunks of a lighter-colored rock as much as 100-feet long are apparent within the dark rock of the canyon walls. They are boulders that broke off an ancient cliff produced by a major fault. A Brief History: After much political wrangling and public comments by citizens in Three Forks and Whitehall, the Montana Department of Transportation rerouted US Highway 10 through the Jefferson Canyon in 1928. Prior to that, the old highway bypassed the canyon. The new road was difficult to build and engineers used dynamite to blast a route for it through the rocks. When completed in 1930, the highway was one of the most scenic routes in Montana. Bypassed by Interstate 90 in 1968, this highway still retains many of the design features common to Great Depression-era roads and is a unique driving experience.

Source: Montana Department of Transportation (#84)</desc><type>Geology / natural history</type><sym>Flag, Blue</sym><cmt>MT-84</cmt></wpt>
<wpt lat="48.307440" lon="-106.824474"><name>The Old Milk River Bridge and Tampico</name><desc>Sign text not yet published online by the state.

Source: Montana Department of Transportation (#85)</desc><type>History</type><sym>Flag, Blue</sym><cmt>MT-85</cmt></wpt>
<wpt lat="47.907961" lon="-106.178090"><name>The Hell Creek Formation</name><desc>Dinosaurs once ruled the Earth. Fossils of fierce Tyrannosaurus rex, three-horned Triceratops and many other dinosaur species can be found in the rocks of the Hell Creek Formation in eastern Montana. In the early years of the 20th century, cross-country travel by automobile was still an adventure comparable to the covered wagon days of the Old West. Instead of hostile Indians and buffalo stampedes, motorists contended with gumbo mud and rutted dirt tracks that could only marginally be called roads. In May 1916, a group of Spokane businessmen formed the National Parks Highway Association to promote an automobile route between Chicago and Seattle and designated a 3,100-mile route between the two cities as the National Parks Highway. The highway was little more than a patchwork of interconnected and unimproved county roads. In June 1916, Frank Guilbert set out with three companions in two Mitchell Six automobiles to blaze the route. For a month, the expedition battled its way across the northern tier of states, including a very rainy trip across Montana, before arriving in Seattle. The mission proved the feasibility of the National Parks Highway and its potential for tourism and commerce. By 1926, the road was known as U.S. Highway 10 and, in 1971, Interstate 94 superseded the old route.

Source: Montana Department of Transportation (#88)</desc><type>Geology / natural history</type><sym>Flag, Blue</sym><cmt>MT-88</cmt></wpt>
<wpt lat="48.514236" lon="-110.960422"><name>A Pleistocene Wonderland</name><desc>Imagine you are a time traveler and have the opportunity to visit this area 25,000 years ago. You would recognize the Rocky Mountains to the west. The igneous and heavily glaciated Sweetgrass Hills loom on the horizon far to the north. The last of the great continental glaciers had retreated, leaving behind a hummocky grassland with ponds, swamps, and erratic boulders. The grasslands support an abundance of animal life, much of which would be recognizable as still inhabiting the northern Great Plains today. However, there would also be many animals that have long been extinct. Almost all of them would be much larger and adapted to a colder post-glacial climate. Great herds of horses, pronghorn antelope, elk, camels, and giant bison would be a common site on the plains. They milled around with groups of blond-haired Shasta ground sloths, and shaggy Musk and Shrub oxen. Columbian mammoths with long, curving tusks roamed the plains in small groups. Dire and Gray wolves and short-faced bears followed the herds in search of easy meals. At 10-feet in length and more than 2,000 pounds, the bears dwarfed today's Grizzlies in size and ferocity. Perhaps the most famous of all Pleistocene predators were the fearsome saber-toothed cats. Relatively small and compact, the cats may have ambushed their prey and slashed at them with their 7-inch long canine teeth. Perhaps even more deadly, however, was the long-legged American Lion, a killing machine bigger than the Bengal tiger. Climatic changes, limited food supplies, and, possibly, over-hunting by paleo-Indians caused many species once common to the northern Great Plains to become extinct about 11,000 years ago. The American bison, gray wolf, elk, and pronghorn antelope are descendants of that primeval ecology.

Source: Montana Department of Transportation (#90)</desc><type>Geology / natural history</type><sym>Flag, Blue</sym><cmt>MT-90</cmt></wpt>
<wpt lat="45.734330" lon="-109.757938"><name>The Great Highway of the Northwest: the Yellowston</name><desc>Sign text not yet published online by the state.

Source: Montana Department of Transportation (#91)</desc><type>History</type><sym>Flag, Blue</sym><cmt>MT-91</cmt></wpt>
<wpt lat="45.734158" lon="-109.757586"><name>Montana’s Jurassic Park</name><desc>Sign text not yet published online by the state.

Source: Montana Department of Transportation (#92)</desc><type>Geology / natural history</type><sym>Flag, Blue</sym><cmt>MT-92</cmt></wpt>
<wpt lat="45.598191" lon="-109.064618"><name>The March of the Montana Column</name><desc>Sign text not yet published online by the state.

Source: Montana Department of Transportation (#93)</desc><type>History</type><sym>Flag, Blue</sym><cmt>MT-93</cmt></wpt>
<wpt lat="48.480078" lon="-111.795257"><name>The Baker Massacre</name><desc>Sign text not yet published online by the state.

Source: Montana Department of Transportation (#94)</desc><type>Native American</type><sym>Flag, Blue</sym><cmt>MT-94</cmt></wpt>
<wpt lat="47.325182" lon="-106.171129"><name>Dinosaurs</name><desc>Sign text not yet published online by the state.

Source: Montana Department of Transportation (#96)</desc><type>History</type><sym>Flag, Blue</sym><cmt>MT-96</cmt></wpt>
<wpt lat="47.130793" lon="-111.901706"><name>Cliffs High and Steep</name><desc>(south-bound) View/Download a PDF of the Road Sign The Lewis and Clark Expedition passed through this canyon of "nearly perpendicular rocks" during its journey up the Missouri River in July 1805. Although the men grumbled about mosquitoes and prickly pear cactus, the Corps of Discovery was clearly impressed by the Adel Mountain Volcanics, the eroded remains of a pile of volcanic rocks more than 40 miles long and 20 miles wide. The volcanics consist mostly of fragments—blocks, cinders, ash—from violent, explosive eruptions that blasted magma out of the earth and into the air. The eruptions occurred about 75 million years ago and continued for several million years. Erosion has exposed some of the underground "plumbing" for the volcanic center. Magma rose up along cracks and had enough pressure to push the walls of cracks apart for tens of feet, forming dikes. At several places in the canyon, you'll notice the dark ridges— dikes—going up the mountainsides. Some magma squirted in along the bottom of the pile of volcanics forming horizontal intrusions called laccoliths. Square Butte, Shaw Butte, and Cascade Butte are prominent laccoliths with high, vertical cliffs that can be seen between Ulm and Cascade. This great eruption of magma occurred on the Great Falls Tectonic Zone—a collision zone between two continental plates which collided more than a billion years ago. It left a zone of weakness that resulted in the Adel Mountain Volcanics. A Brief History: Native Americans frequently camped in this area on their way to and from the buffalo hunting grounds. The rugged landscape, however, largely prevented the non-Indian settlement of the area until late in the 19th century. Montana's first modern road-builder, John Mullan, skirted the mountains for a route far to the northwest. The canyon's residents were mostly cattle ranchers who sold their animals in Helena or Great Falls. The arrival of the Montana Central Railroad in 1887 did much to open this region to settlement, but it was not until the early 1930s that a modern paved highway connected Helena and Great Falls through this area. U.S. Highway 91 wound its way along the Missouri River through the volcanic outcrops of the canyon, crossing the river over two large steel truss bridges that still carry traffic in the vicinity of Hardy and Wolf Creek. Though bypassed by Interstate 15 in the 1960s, old U.S. 91 provides motorists a unique opportunity to experience a Great Depression era road through one of the most spectacular landscapes in Montana.

Source: Montana Department of Transportation (#97)</desc><type>Geology / natural history</type><sym>Flag, Blue</sym><cmt>MT-97</cmt></wpt>
<wpt lat="46.415685" lon="-112.006455"><name>Elkhorn Mtn Volcanoes and the Boulder Batholith</name><desc>(south-bound) View/Download a PDF of the Road Sign The story of the Elkhorn Mountains Volcanics and the Boulder Batholith is the story of how molten magma or melted rock rising up through the crust of the earth just kept coming and coming and coming—from about 81 to about 74 million years ago. Magma that reached the surface created violent explosions, hurling chunks of rock, cinders, and volcanic ash into the air. At times it "rained" droplets of melted rock. Great clouds of volcanic ash were carried by the wind to the east and buried many animals. The dinosaur fossils in the Two Medicine Formation near Choteau owe their preservation to eruptions of the Elkhorn Mountains Volcanics. The volcanic field was enormous-about 100 miles in diameter and up to 3 miles thick. After the pile of volcanic rocks got so thick, magma stopped going all the way to the surface and just accumulated near the bottom of the pile. So much magma intruded at this level that it formed a body of granitic rock that now extends from Helena to Butte and is known as the Boulder Batholith. You are now in the middle of the Boulder Batholith and the Elkhorn Mountains Volcanics. The magma was generated because one of the tectonic plates under the Pacific Ocean was subducted under Western North America. Approximately 10,000 miles of the Farallon Plate moved under Montana. This is one of places where it was easy for magma to reach the surface. A Brief History: The magma contained many metals. As the granite formed cooling cracks, hot solutions squirted into the cracks to form veins with copper (near Butte) and gold (in this area). Millions of years later weathering of the granite allowed gold in the veins to wash down to the gravels in the valley floor. A gold dredge chewed through the gravels of Prickly Pear Creek beginning in 1938. Mounted on a barge floating on a 30-foot deep pond, the machinery consisted of a chain of buckets that dumped the gravel on a maze of screens and sluices inside the dredge. In its wake, the dredge left behind a "churned up" landscape. In some places scrub brush holding the gravel piles together is still the only vegetation. Although the dredge shut down permanently in the mid-1960's, it was not until the early 1970's that a South American mining company purchased it and moved it to Bolivia.

Source: Montana Department of Transportation (#98)</desc><type>Geology / natural history</type><sym>Flag, Blue</sym><cmt>MT-98</cmt></wpt>
<wpt lat="46.290690" lon="-107.042673"><name>The Yellowstone Valley</name><desc>Sign text not yet published online by the state.

Source: Montana Department of Transportation (#99)</desc><type>History</type><sym>Flag, Blue</sym><cmt>MT-99</cmt></wpt>
<wpt lat="47.012331" lon="-114.542907"><name>Flying High Across the Big Sky</name><desc>Sign text not yet published online by the state.

Source: Montana Department of Transportation (#101)</desc><type>OTHER</type><sym>Flag, Blue</sym><cmt>MT-101</cmt></wpt>
<wpt lat="45.798605" lon="-108.507827"><name>The Shore of an Ancient Sea</name><desc>About 80 million years ago this area was near the shore of the Western Interior Seaway that stretched from the present-day Gulf of Mexico to the Arctic Ocean. Rivers draining highlands to the west carried sediment into the seaway and near-shore currents concentrated the sand creating barrier islands. As the sea level alternately rose and fell, the barrier islands migrated, forming an extensive layer of finegrained sand across much of central Montana. The sand was eventually buried, compacted, and cemented into the rocks that now compose the rims and that geologists have named Eagle Sandstone. When observed from the south, the rimrocks reveal cross beds called accretion surfaces. These surfaces record the deposition of sand washed over the barrier and deposited on the other side by waves, causing the sand bar to grow shoreward. The seaway was shallow, warm, and probably no more than a few hundred feet deep. Oysters lived in dense banks along the shore, while ammonites fed on clams that lived in the shallow water offshore; sharks cruised the shallows preying on whatever animals appeared tasty to them. For several million years, two predators were at the top of the food chain in the sea: the long necked Plesiosaurs and the snakelike Mosasaurs. Neither were dinosaurs, but were air-breathing reptiles adapted to living in the oceans. A Brief History: The rims near the confluence of the Yellowstone River and Alkali Creek is one of Montana's historic hot spots. Native Americans utilized the area for at least 8,000 years before William Clark passed through here in July 1806. Near here in May 1823, Blackfeet warriors ambushed and killed seven Missouri Fur Company trappers led by Michael Immel and Robert Jones. The rims were later a spectacular backdrop for the rip-roaring riverside settlement of Coulson in the 1870s and for Billings beginning in the early 1880s.

Source: Montana Department of Transportation (#102)</desc><type>Geology / natural history</type><sym>Flag, Blue</sym><cmt>MT-102</cmt></wpt>
<wpt lat="47.132522" lon="-111.901308"><name>Cliffs High and Steep</name><desc>(south-bound) View/Download a PDF of the Road Sign The Lewis and Clark Expedition passed through this canyon of "nearly perpendicular rocks" during its journey up the Missouri River in July 1805. Although the men grumbled about mosquitoes and prickly pear cactus, the Corps of Discovery was clearly impressed by the Adel Mountain Volcanics, the eroded remains of a pile of volcanic rocks more than 40 miles long and 20 miles wide. The volcanics consist mostly of fragments—blocks, cinders, ash—from violent, explosive eruptions that blasted magma out of the earth and into the air. The eruptions occurred about 75 million years ago and continued for several million years. Erosion has exposed some of the underground "plumbing" for the volcanic center. Magma rose up along cracks and had enough pressure to push the walls of cracks apart for tens of feet, forming dikes. At several places in the canyon, you'll notice the dark ridges— dikes—going up the mountainsides. Some magma squirted in along the bottom of the pile of volcanics forming horizontal intrusions called laccoliths. Square Butte, Shaw Butte, and Cascade Butte are prominent laccoliths with high, vertical cliffs that can be seen between Ulm and Cascade. This great eruption of magma occurred on the Great Falls Tectonic Zone—a collision zone between two continental plates which collided more than a billion years ago. It left a zone of weakness that resulted in the Adel Mountain Volcanics. A Brief History: Native Americans frequently camped in this area on their way to and from the buffalo hunting grounds. The rugged landscape, however, largely prevented the non-Indian settlement of the area until late in the 19th century. Montana's first modern road-builder, John Mullan, skirted the mountains for a route far to the northwest. The canyon's residents were mostly cattle ranchers who sold their animals in Helena or Great Falls. The arrival of the Montana Central Railroad in 1887 did much to open this region to settlement, but it was not until the early 1930s that a modern paved highway connected Helena and Great Falls through this area. U.S. Highway 91 wound its way along the Missouri River through the volcanic outcrops of the canyon, crossing the river over two large steel truss bridges that still carry traffic in the vicinity of Hardy and Wolf Creek. Though bypassed by Interstate 15 in the 1960s, old U.S. 91 provides motorists a unique opportunity to experience a Great Depression era road through one of the most spectacular landscapes in Montana.

Source: Montana Department of Transportation (#103)</desc><type>Geology / natural history</type><sym>Flag, Blue</sym><cmt>MT-103</cmt></wpt>
<wpt lat="46.559919" lon="-112.385713"><name>The Mullan Road</name><desc>Sign text not yet published online by the state.

Source: Montana Department of Transportation (#104)</desc><type>History</type><sym>Flag, Blue</sym><cmt>MT-104</cmt></wpt>
<wpt lat="46.898680" lon="-105.018959"><name>The Yellowstone River</name><desc>Sign text not yet published online by the state.

Source: Montana Department of Transportation (#105)</desc><type>History</type><sym>Flag, Blue</sym><cmt>MT-105</cmt></wpt>
<wpt lat="46.989888" lon="-107.859590"><name>Kerchival City</name><desc>Sign text not yet published online by the state.

Source: Montana Department of Transportation (#106)</desc><type>History</type><sym>Flag, Blue</sym><cmt>MT-106</cmt></wpt>
<wpt lat="45.914627" lon="-112.377231"><name>Homestake Pass</name><desc>Sign text not yet published online by the state.

Source: Montana Department of Transportation (#107)</desc><type>Geology / natural history</type><sym>Flag, Blue</sym><cmt>MT-107</cmt></wpt>
<wpt lat="45.895533" lon="-111.552146"><name>Thunder Horses</name><desc>Sign text not yet published online by the state.

Source: Montana Department of Transportation (#108)</desc><type>Geology / natural history</type><sym>Flag, Blue</sym><cmt>MT-108</cmt></wpt>
<wpt lat="46.953068" lon="-112.108329"><name>A Perfect Defile</name><desc>(south-bound) View/Download a PDF of the Road Sign Here nestled deep in the Big Belt Mountains, is one of the most spectacular canyons in Montana. More than a billion years ago, during the Precambrian Era, an ancient inland seaway deposited these shales and sands, which over time, became these vibrant red and green mudstones called "Spokane Shale" for the Spokane Hills east of Helena. The Big Belts themselves consist primarily of Spokane Shale. They contrast with the magnificent white cliffs of Madison Limestone exposed in the nearby Gates of the Mountains and the drab gravels of Confederate Gulch to the southeast. The greenish colors in the mudstones are provided by tiny amounts of iron minerals that formed on mudflats that were low in oxygen; the intervening pinkish layers oxidized in contact with slightly greater amounts of oxygen. Like most sedimentary rocks, there were originally laid down as horizontal layers. About 70 million years ago these rocks were crumpled, folded, and faulted during formation of the Rocky Mountains. As the floor of the Pacific Ocean slowly collided with the western margin of North America the horizontal layers became bent, broken, and tilted as you see them now. The most pronounced crumpling is here in the "overthrust belt" near the eastern edge of the Rockies. The Precambrian sedimentary rocks thin eastward in this area where they overlie the hard granite-like "basement" rocks of the central part of the continent. A Brief History: Although this multi-hued and rugged canyon was well-known to Native Americans for thousands of years, it was first recorded by road-builder John Mullan in 1859. He called this rocky canyon "a perfect defile" and "by far the most difficult of any point along the [road], from Hell's Gate to Fort Benton." In 1865, the Territorial Legislature granted a license to the Little Prickly Pear Wagon Road Company to build a toll road through the canyon. A year later, in 1866, Helena merchants James King and Warren Gillette bought the road and spent $40,000 upgrading it. By then traffic on it between Fort Benton and Helena had become so heavy, that the men were able to recoup their expenditure within two years. By the early 1870s, it was part of the Benton Road, an important freight and passenger route in the territory. Thereafter, other roads and a railroad were constructed through the Prickly Pear Canyon, culminating in the completion of Interstate 15 in 1967. Montana's first Interstate rest area, here at Lyons' Creek, was built in 1965.

Source: Montana Department of Transportation (#109)</desc><type>Geology / natural history</type><sym>Flag, Blue</sym><cmt>MT-109</cmt></wpt>
<wpt lat="46.092105" lon="-112.807253"><name>Anaconda</name><desc>Sign text not yet published online by the state.

Source: Montana Department of Transportation (#110)</desc><type>History</type><sym>Flag, Blue</sym><cmt>MT-110</cmt></wpt>
<wpt lat="46.994908" lon="-113.023964"><name>The Bob Marshall Wilderness Country</name><desc>Sign text not yet published online by the state.

Source: Montana Department of Transportation (#111)</desc><type>History</type><sym>Flag, Blue</sym><cmt>MT-111</cmt></wpt>
<wpt lat="45.600780" lon="-109.066215"><name>The March of the Montana Column</name><desc>Sign text not yet published online by the state.

Source: Montana Department of Transportation (#112)</desc><type>History</type><sym>Flag, Blue</sym><cmt>MT-112</cmt></wpt>
<wpt lat="45.598039" lon="-109.065235"><name>The Great Inland Seaway</name><desc>(west-bound) View/Download a PDF of the Road Sign For over sixty million years during the Cretaceous Period, much of eastern Montana was underwater, covered by an vast inland sea. As the Rocky Mountains formed to the west, it created a broad, flat coastal plain that was home to many different species of dinosaurs. Indeed, the long life of the sea saw the rise and extinction of many dinosaur species until it finally receded from Montana about 65 million years ago at the end of the Cretaceous Period. The sediments deposited underwater or along the sea's coast formed the spectacular sandstone rimrocks in the Yellowstone River valley between Columbus and Billings. The sea was shallow and warm, probably no more than a few hundred feet deep. But it was home to a wide variety of aquatic life. Oysters lived in dense banks along the shore, while tentacled ammonites fed on monster clams that lived in the shallow water offshore; sharks also cruised the shallows preying on whatever animals appeared tasty to them. For several million years, two predators, synonymous with prehistoric sea creatures, were at the top of the food chain in the sea: the long-necked Plesiosaurs and the snakelike Mosasaurs. Neither animals were dinosaurs, but were air-breathing reptiles who had adapted to living in the oceans. Both were carnivores that ate just about anything they could seize and swallow. Fossils of Plesiosaurs and Mosasaurs have been found throughout eastern Montana. A Brief History: For centuries, the sandstone rimrocks along the Yellowstone River guided travelers between the mountains and the buffalo country to the east. In 1912, regional Good Roads enthusiasts and county officials created one of the first interstate highways in the United States, the Yellowstone Trail, an interconnected network of county roads blazed by distinctive chrome yellow signs with black arrows. The 4,000-mile highway connected Plymouth Rock, Massachusetts and Seattle, Washington with a branch to Yellowstone National Park. Later re-designated U.S. Highway 10, Interstate 90 bypassed it in 1971.

Source: Montana Department of Transportation (#113)</desc><type>Geology / natural history</type><sym>Flag, Blue</sym><cmt>MT-113</cmt></wpt>
<wpt lat="47.928917" lon="-110.513847"><name>The Manitoba Railroad</name><desc>Sign text not yet published online by the state.

Source: Montana Department of Transportation (#114)</desc><type>History</type><sym>Flag, Blue</sym><cmt>MT-114</cmt></wpt>
<wpt lat="45.125688" lon="-112.747121"><name>Old Trail to the Gold Diggin's</name><desc>Sign text not yet published online by the state.

Source: Montana Department of Transportation (#115)</desc><type>History</type><sym>Flag, Blue</sym><cmt>MT-115</cmt></wpt>
<wpt lat="46.356405" lon="-111.545005"><name>Thar's Gold in Them Thar Hills</name><desc>Sign text not yet published online by the state.

Source: Montana Department of Transportation (#116)</desc><type>Geology / natural history</type><sym>Flag, Blue</sym><cmt>MT-116</cmt></wpt>
<wpt lat="47.325029" lon="-106.909465"><name>Evidence of a Catastrophic Event</name><desc>Rocks in a small area near Jordan have something in common with the moon. In 1969, Apollo 11 astronauts collected samples that contained a titanium-rich mineral called Armalcolite. The mineral has since been found in a few places on Earth, including in the igneous rocks at Smoky Butte eight miles west of here. The magma that produced the igneous rock was hot enough to bake and harden the layers of sedimentary rock it intruded. The igneous rock and baked sediments are more resistant to erosion, resulting in formation of the butte. The Fort Union Formation and the underlying Hell Creek Formation which is exposed to the south and west of Jordan, record important world-wide events that contributed to the extinction of the dinosaurs. About 75 million years ago the shallow sea that extended from the Arctic to the Gulf of Mexico, receded from this area. The western shoreline of the sea migrated eastward as mountains rose to the west, creating the coastal-plain dinosaur habitat of the Hell Creek Formation. Dinosaur fossils found in the formation include Triceratops, hadrosaurs called Edmontosaurus, the fierce Tyrannosaurus rex, and many others. The top of the Hell Creek Formation includes a layer containing unusual amounts of iridium, an element more abundant in meteorites and asteroids than in terrestrial rocks. Quartz grains in this layer have a distinctive pattern of fractures that could only have come from tremendous shock waves, the kind that a major impact to the earth can produce. Dinosaur fossils are found below this layer in the Hell Creek Formation, but not above it in the Fort Union Formation. Some scientists think that the dinosaur extinction may have been caused by a large extraterrestrial object that crashed into what is now the Yucatan Peninsula of Mexico. The impact engulfed the earth in a massive shroud of dust and debris that blackened the skies, produced widespread fires, and perhaps increased volcanic activity.

Source: Montana Department of Transportation (#117)</desc><type>Geology / natural history</type><sym>Flag, Blue</sym><cmt>MT-117</cmt></wpt>
<wpt lat="46.272119" lon="-112.249582"><name>Mining Country</name><desc>Sign text not yet published online by the state.

Source: Montana Department of Transportation (#118)</desc><type>History</type><sym>Flag, Blue</sym><cmt>MT-118</cmt></wpt>
<wpt lat="47.012581" lon="-114.542944"><name>Glacial Lake Missoula</name><desc>(west-bound) View/Download a PDF of the Road Sign During the last ice age about 15,000 years ago, an enormous glacier pushed down from British Columbia and blocked the Clark Fork River in northern Idaho. The glacier functioned as an ice dam creating the largest glacial lake known to have existed, Glacial Lake Missoula. The lake's waters backed up into the river's drainage in western Montana, creating a body of water comparable to today's Lake Ontario. As the lake filled and water at the ice dam deepened, it caused the lighter glacial ice to float and eventually break up, triggering floods of epic proportions. The water flushed through the Clark Fork drainage west of here enroute to the Pacific Ocean. The torrent scarred the landscape of eastern Washington, creating scablands that still define the landscape. The geologic record indicates that Glacial Lake Missoula filled and emptied on a cyclical basis over a period of about two thousand years. Indeed, the large road cut where the Interstate 90 bridge crosses the Clark Fork River at Nine Mile, ten miles east of here, preserves the record of at least 36 separate fillings of the lake. Other evidence of the glacial floods include ancient ice age shorelines on the mountains around Missoula. A Brief History: In 1860, 150 men under the command of Lieutenant John Mullan carved a wagon road through the colorful Precambrian mudstones on the mountainside north of here. The road took six weeks to construct and required the use of explosives to blast a route through the rocks. Called the Point of Rocks Segment of the Mullan Road, the road still traces its way across the mountainside above here. In 1908, the Chicago, Milwaukee, St. Paul &amp; Pacific (Milwaukee Road) Railroad constructed its transcontinental line through the Clark Fork canyon enroute to Seattle. The railroad also excavated tons of rock to cut its way through these mountains to St. Paul Pass. The old railroad grade, later known as the Route of the Hiawatha for the celebrated passenger train that once used the line, is still evident along the north side of Interstate 90. In 1914, the Yellowstone Trail, blazed by distinctive chrome yellow signs with black arrows, passed through this canyon. The trail became U.S. Highway 10 in 1926. Interstate 90 bypassed it here in 1963.

Source: Montana Department of Transportation (#120)</desc><type>Geology / natural history</type><sym>Flag, Blue</sym><cmt>MT-120</cmt></wpt>
<wpt lat="45.545116" lon="-112.334811"><name>Road Agent Trail</name><desc>Sign text not yet published online by the state.

Source: Montana Department of Transportation (#121)</desc><type>History</type><sym>Flag, Blue</sym><cmt>MT-121</cmt></wpt>
<wpt lat="48.147794" lon="-104.503975"><name>Coal, Oil, and Natural Gas</name><desc>Northeastern Montana is part of the Williston Basin, a slightly irregular, round depression centered in North Dakota that slowly subsided over hundreds of millions of years. Sediment that accumulated in the depression is now up to 16,000 feet deep in the basin. The Williston Basin is a major oil and natural gas province because it has all the right components and conditions for oil and gas formation: organic-rich deposits such as black shale to generate the oil and gas, reservoir rocks where it accumulated such as porous sandstone, and geologic traps. The traps are faults, folds, and lateral changes in the rock that keep the oil and gas from moving out of the area of accumulation.

Source: Montana Department of Transportation (#122)</desc><type>Geology / natural history</type><sym>Flag, Blue</sym><cmt>MT-122</cmt></wpt>
<wpt lat="45.834754" lon="-112.684009"><name>Plutons and the Humbug Spires</name><desc>Sign text not yet published online by the state.

Source: Montana Department of Transportation (#123)</desc><type>Geology / natural history</type><sym>Flag, Blue</sym><cmt>MT-123</cmt></wpt>
<wpt lat="47.485602" lon="-114.096292"><name>The Mission Mountain Wilderness</name><desc>Sign text not yet published online by the state.

Source: Montana Department of Transportation (#124)</desc><type>History</type><sym>Flag, Blue</sym><cmt>MT-124</cmt></wpt>
<wpt lat="46.420686" lon="-105.074644"><name>After the Roundup</name><desc>Sign text not yet published online by the state.

Source: Montana Department of Transportation (#125)</desc><type>History</type><sym>Flag, Blue</sym><cmt>MT-125</cmt></wpt>
<wpt lat="47.795745" lon="-108.633494"><name>The Little Rocky Mountains</name><desc>Sign text not yet published online by the state.

Source: Montana Department of Transportation (#126)</desc><type>History</type><sym>Flag, Blue</sym><cmt>MT-126</cmt></wpt>
<wpt lat="45.734328" lon="-109.757969"><name>The Great Highway of the Northwest:</name><desc>Sign text not yet published online by the state.

Source: Montana Department of Transportation (#127)</desc><type>History</type><sym>Flag, Blue</sym><cmt>MT-127</cmt></wpt>
<wpt lat="45.836252" lon="-113.980766"><name>Ross’ Hole</name><desc>Sign text not yet published online by the state.

Source: Montana Department of Transportation (#128)</desc><type>History</type><sym>Flag, Blue</sym><cmt>MT-128</cmt></wpt>
<wpt lat="46.555084" lon="-110.497998"><name>The Carroll Trail</name><desc>Sign text not yet published online by the state.

Source: Montana Department of Transportation (#129)</desc><type>History</type><sym>Flag, Blue</sym><cmt>MT-129</cmt></wpt>
<wpt lat="48.146610" lon="-104.172983"><name>An Imposing and Elaborate Establishment</name><desc>Sign text not yet published online by the state.

Source: Montana Department of Transportation (#130)</desc><type>History</type><sym>Flag, Blue</sym><cmt>MT-130</cmt></wpt>
<wpt lat="45.295411" lon="-110.834588"><name>The Absaroka - Beartooth Wilderness</name><desc>Sign text not yet published online by the state.

Source: Montana Department of Transportation (#131)</desc><type>History</type><sym>Flag, Blue</sym><cmt>MT-131</cmt></wpt>
<wpt lat="46.269078" lon="-106.305948"><name>Cattle Brands</name><desc>Sign text not yet published online by the state.

Source: Montana Department of Transportation (#132)</desc><type>History</type><sym>Flag, Blue</sym><cmt>MT-132</cmt></wpt>
<wpt lat="44.631121" lon="-112.588737"><name>Howdy Everyone! Glad to See You</name><desc>Sign text not yet published online by the state.

Source: Montana Department of Transportation (#134)</desc><type>History</type><sym>Flag, Blue</sym><cmt>MT-134</cmt></wpt>
<wpt lat="47.742803" lon="-109.627087"><name>Fort Chardon</name><desc>Sign text not yet published online by the state.

Source: Montana Department of Transportation (#136)</desc><type>History</type><sym>Flag, Blue</sym><cmt>MT-136</cmt></wpt>
<wpt lat="45.836256" lon="-113.979396"><name>First Impressions</name><desc>Sign text not yet published online by the state.

Source: Montana Department of Transportation (#137)</desc><type>Lewis &amp; Clark</type><sym>Flag, Blue</sym><cmt>MT-137</cmt></wpt>
<wpt lat="47.278640" lon="-114.194862"><name>The Flathead Indian Reservation</name><desc>Sign text not yet published online by the state.

Source: Montana Department of Transportation (#139)</desc><type>Native American</type><sym>Flag, Blue</sym><cmt>MT-139</cmt></wpt>
<wpt lat="45.991112" lon="-112.475216"><name>Butte</name><desc>Sign text not yet published online by the state.

Source: Montana Department of Transportation (#140)</desc><type>History</type><sym>Flag, Blue</sym><cmt>MT-140</cmt></wpt>
<wpt lat="45.145657" lon="-109.010793"><name>Belfry</name><desc>Sign text not yet published online by the state.

Source: Montana Department of Transportation (#141)</desc><type>History</type><sym>Flag, Blue</sym><cmt>MT-141</cmt></wpt>
<wpt lat="47.839531" lon="-110.685223"><name>Fort Benton and the Mullan Road</name><desc>Sign text not yet published online by the state.

Source: Montana Department of Transportation (#142)</desc><type>History</type><sym>Flag, Blue</sym><cmt>MT-142</cmt></wpt>
<wpt lat="45.421663" lon="-105.396974"><name>The Hell Creek Formation</name><desc>Dinosaurs once ruled the Earth. Fossils of fierce Tyrannosaurus rex, three-horned Triceratops and many other dinosaur species can be found in the rocks of the Hell Creek Formation in eastern Montana. In the early years of the 20th century, cross-country travel by automobile was still an adventure comparable to the covered wagon days of the Old West. Instead of hostile Indians and buffalo stampedes, motorists contended with gumbo mud and rutted dirt tracks that could only marginally be called roads. In May 1916, a group of Spokane businessmen formed the National Parks Highway Association to promote an automobile route between Chicago and Seattle and designated a 3,100-mile route between the two cities as the National Parks Highway. The highway was little more than a patchwork of interconnected and unimproved county roads. In June 1916, Frank Guilbert set out with three companions in two Mitchell Six automobiles to blaze the route. For a month, the expedition battled its way across the northern tier of states, including a very rainy trip across Montana, before arriving in Seattle. The mission proved the feasibility of the National Parks Highway and its potential for tourism and commerce. By 1926, the road was known as U.S. Highway 10 and, in 1971, Interstate 94 superseded the old route.

Source: Montana Department of Transportation (#143)</desc><type>Geology / natural history</type><sym>Flag, Blue</sym><cmt>MT-143</cmt></wpt>
<wpt lat="47.293914" lon="-114.160807"><name>The Mission Valley</name><desc>Sign text not yet published online by the state.

Source: Montana Department of Transportation (#144)</desc><type>History</type><sym>Flag, Blue</sym><cmt>MT-144</cmt></wpt>
<wpt lat="48.369926" lon="-106.792612"><name>Liquid Gold</name><desc>Sign text not yet published online by the state.

Source: Montana Department of Transportation (#145)</desc><type>History</type><sym>Flag, Blue</sym><cmt>MT-145</cmt></wpt>
<wpt lat="45.904551" lon="-104.538448"><name>Ekalaka</name><desc>Sign text not yet published online by the state.

Source: Montana Department of Transportation (#146)</desc><type>Native American</type><sym>Flag, Blue</sym><cmt>MT-146</cmt></wpt>
<wpt lat="48.452769" lon="-115.769092"><name>Kootenai Falls</name><desc>The canyon along the Kootenai River exposes rocks of the Belt Supergroup, which consists of sandstones, called quartzites, and thin layers of hard mudstones or shales. These rocks form most of the outcrops along the highway from east of Libby to the Idaho border. In this area, the rocks are slightly folded so that the river cascades over the inclined hard quartzite beds in the stair-step-like falls. Individual folds may be seen in the north-facing road cut just south of Highway 2, southwest of the parking lot. Another fold may be seen north of the river. These folds resulted from east-west tectonic compression that caused north-to-south trending folds and faults throughout western Montana about 50 to 100 million years ago. When the rocks belonging to the Belt Supergroup were deposited about 1.5 billion years ago during the Precambrian Era, much of western Montana was covered by shallow seas or lakes surrounded by very flat shores. Sediments in the water deposited thin beds of sand, mud, and calcium carbonate. The surfaces of the rocks often display mud cracks, ripple marks, and the spatter marks of raindrops. These structures can be found in outcrops along the Kootenai River, and indicate that the water covering the area was shallow, and occasionally, completely dried up. Algae mats often trapped fine particles of calcium carbonate to form rounded structures called stromatolites. Near the river below Swinging Bridge are wonderful examples of stromatolites. Belt rocks dominate the mountains of northwestern Montana. The rocks along US Highway 2 between the Idaho border and the Continental Divide south of Glacier National Park consist almost entirely of the Belt Supergroup. The rocks next to the highway are brown, gray, red, green, purple, and yellow colors; dramatic cliffs occur where resistant, well-cemented sandstones are exposed.

Source: Montana Department of Transportation (#147)</desc><type>Geology / natural history</type><sym>Flag, Blue</sym><cmt>MT-147</cmt></wpt>
<wpt lat="47.531172" lon="-111.203758"><name>From Water Comes Power</name><desc>Sign text not yet published online by the state.

Source: Montana Department of Transportation (#148)</desc><type>Lewis &amp; Clark</type><sym>Flag, Blue</sym><cmt>MT-148</cmt></wpt>
<wpt lat="45.712277" lon="-111.064351"><name>Valley of Opportunity</name><desc>Sign text not yet published online by the state.

Source: Montana Department of Transportation (#149)</desc><type>History</type><sym>Flag, Blue</sym><cmt>MT-149</cmt></wpt>
<wpt lat="47.931330" lon="-108.723995"><name>Battle of Bull Creek</name><desc>Sign text not yet published online by the state.

Source: Montana Department of Transportation (#150)</desc><type>History</type><sym>Flag, Blue</sym><cmt>MT-150</cmt></wpt>
<wpt lat="48.659523" lon="-112.759083"><name>The Place Now Called Camp Disappointment</name><desc>Sign text not yet published online by the state.

Source: Montana Department of Transportation (#152)</desc><type>Lewis &amp; Clark</type><sym>Flag, Blue</sym><cmt>MT-152</cmt></wpt>
<wpt lat="47.002357" lon="-113.368901"><name>Souvenirs of the Ice Ages</name><desc>Highway 200 near this rest area passes through one of the most spectacular ice-age landscapes in Montana. Glaciers advanced out of the Mission and Swan ranges, and the mountains in the Bob Marshall-Scapegoat wildernesses, forming an ice cap that nearly filled in the valleys to the peaks from Salmon Lake to the Flathead Valley, about eighty miles north of here. Glaciers sculpted the rugged mountain peaks of the mountain ranges you can see from the rest area. This ice cap was connected to the vast Cordilleran Ice Sheet that extended into the United States from the Canadian Rockies. Glaciers formed in this area multiple times over about 300,000 years during two ice ages: the Bull Lake and Pinedale. During the Bull Lake Ice Age, about 140,000 years ago, the glaciers flowed farther south into the valleys south of Ovando and Helmville. Between 60,000 and 15,000 years ago the ice cap formed again. Southward spreading glaciers carried gravel and sand into the Ovando area, about one to two miles south of Highway 200. Melting glaciers left behind mounds of rock and soil debris, called moraines. The low areas between the moraines mark places where the glacial till wasn’t deposited, leaving hollows that filled with water. Many of the ancient hollows can still be seen today as wetlands, shallow ponds and small lakes. Large depressions north of the rest area along Highway 83 are called kettles. Masses of ice buried in the outwash gravels melted forming the depressions. The smooth broad plains to the north and east of here are glacial outwash plains. They were once the location of raging streams that carried meltwater loaded with mud, sand, gravel from the front of melting glaciers. These valleys are now the agricultural land along the Clearwater and Blackfoot rivers.

Source: Montana Department of Transportation (#154)</desc><type>Geology / natural history</type><sym>Flag, Blue</sym><cmt>MT-154</cmt></wpt>
<wpt lat="46.591014" lon="-112.656975"><name>The Valley of a Thousand Haystacks</name><desc>Sign text not yet published online by the state.

Source: Montana Department of Transportation (#155)</desc><type>History</type><sym>Flag, Blue</sym><cmt>MT-155</cmt></wpt>
<wpt lat="48.911066" lon="-115.056756"><name>The Rocky Mountain Trench</name><desc>Eureka is situated in a 1000-mile long valley called the Rocky Mountain Trench. This gigantic rift valley stretches all the way from the British Columbia-Yukon border south to the St. Ignatius area and averages about 15-miles wide. The high mountains on both sides of the trench are composed of Precambrian sedimentary rocks that were deposited in an inland sea more than 1.4 billion years ago. But the mountains themselves did not begin forming until about 110 million years ago when the North American tectonic plate overrode the Pacific plate far to the west. This collision shoved enormous pieces of the earth’s crust eastward, where they rode up and over the rocks to the east along thrust faults and stacked up "like shingles on a roof" to create the Rocky Mountains. Then about 55 million years ago, the tectonic setting changed and the earth’s crust in this region began to pull apart, reversing the movement on some of the "shingles" and dropping them back down along normal faults. The rounded hills along the highway north of Eureka are called drumlins. The elongated hills consist of glacial till that form near the lower ends of glaciers where the ice is thin. The hills are oriented parallel to the movement of the ice with the higher blunt end facing into the glacial movement and the thin tails trailing off in the downflow direction. Drumlins are whale-shaped in profile and like schools of monstrous tadpoles from the air. The hills usually occur in groups called a drumlin field.

Source: Montana Department of Transportation (#156)</desc><type>Geology / natural history</type><sym>Flag, Blue</sym><cmt>MT-156</cmt></wpt>
<wpt lat="48.543319" lon="-110.858893"><name>The Sweet Grass Hills</name><desc>The three distinctive buttes on the horizon to the east are called collectively the Sweet Grass Hills. West Butte, the closest and highest, rises 3,000 feet above the plains. Middle Butte, farther in the distance and a little to the south, is grass covered and East Butte is the most distant. Together these three buttes make this range the most prominent in north central Montana. Like many of the mountain ranges on Montana’s great plains, the Sweet Grass Hills are the result of igneous activity about 50 million years ago when molten rock intruded Cretaceous sedimentary rocks. The surrounding sedimentary rocks were more rapidly eroded than the hard igneous rock leaving these three buttes and two much smaller buttes jutting up above the plains. At approximately the same time, similar igneous activity occurred in what are now the Highwood and Bears Paw Mountains and other mountains in central Montana. A continental glacier that flowed south from Canada covered this area with an estimated thickness of more than a 1,000 feet of ice, leaving the upper third of these buttes sticking up above the ice. Because the Sweet Grass Hills were not completely ice covered, they do not have the rugged sculpted appearance that characterizes many Montana mountain ranges. Katoyisiks is the Blackfeet word for the Sweet Grass Hills and means "Sweet Pine Hills." Some of Blackfeet’s oldest stories and traditions involve the hills. According to Blackfeet tradition, Old Man made the Sweet Grass Hills with rocks he carried with him after creating the earth. Long ago the Blackfeet surrounded a party of Crow Indians on the Middle Butte. As night came and throughout the night, the Blackfeet pushed the Crow further up the hill. As this was occurring, the Crow would sing a particular song. With the first light of morning, the Blackfeet closed off their circle at the top. The Crow were gone. The Blackfeet still use this song in their ceremonies, such as the Sundance.

Source: Montana Department of Transportation (#157)</desc><type>History</type><sym>Flag, Blue</sym><cmt>MT-157</cmt></wpt>
<wpt lat="47.715045" lon="-109.624920"><name>Claggett Hill Trail</name><desc>Sign text not yet published online by the state.

Source: Montana Department of Transportation (#158)</desc><type>History</type><sym>Flag, Blue</sym><cmt>MT-158</cmt></wpt>
<wpt lat="46.741921" lon="-114.081228"><name>Lewis and Clark in Salish Territory</name><desc>Sign text not yet published online by the state.

Source: Montana Department of Transportation (#160)</desc><type>Lewis &amp; Clark</type><sym>Flag, Blue</sym><cmt>MT-160</cmt></wpt>
<wpt lat="46.874917" lon="-113.885430"><name>Brave New World</name><desc>Sign text not yet published online by the state.

Source: Montana Department of Transportation (#161)</desc><type>History</type><sym>Flag, Blue</sym><cmt>MT-161</cmt></wpt>
<wpt lat="46.170239" lon="-113.171344"><name>Atlantic Cable Quartz Node</name><desc>Sign text not yet published online by the state.

Source: Montana Department of Transportation (#162)</desc><type>History</type><sym>Flag, Blue</sym><cmt>MT-162</cmt></wpt>
<wpt lat="47.787187" lon="-104.111028"><name>Old Fort Gilbert</name><desc>Sign text not yet published online by the state.

Source: Montana Department of Transportation (#163)</desc><type>History</type><sym>Flag, Blue</sym><cmt>MT-163</cmt></wpt>
<wpt lat="46.217942" lon="-107.250054"><name>Yellowstone River Trading Posts</name><desc>Sign text not yet published online by the state.

Source: Montana Department of Transportation (#164)</desc><type>History</type><sym>Flag, Blue</sym><cmt>MT-164</cmt></wpt>
<wpt lat="46.933173" lon="-110.735602"><name>The Little Belt Mountains</name><desc>Sign text not yet published online by the state.

Source: Montana Department of Transportation (#165)</desc><type>Geology / natural history</type><sym>Flag, Blue</sym><cmt>MT-165</cmt></wpt>
<wpt lat="47.532166" lon="-111.206378"><name>Finding the Falls</name><desc>Sign text not yet published online by the state.

Source: Montana Department of Transportation (#166)</desc><type>Lewis &amp; Clark</type><sym>Flag, Blue</sym><cmt>MT-166</cmt></wpt>
<wpt lat="48.113025" lon="-105.192251"><name>Fort Peck Indian Reservation</name><desc>Sign text not yet published online by the state.

Source: Montana Department of Transportation (#167)</desc><type>Native American</type><sym>Flag, Blue</sym><cmt>MT-167</cmt></wpt>
<wpt lat="47.014491" lon="-114.506707"><name>The Natural Pier Bridge</name><desc>Sign text not yet published online by the state.

Source: Montana Department of Transportation (#168)</desc><type>History</type><sym>Flag, Blue</sym><cmt>MT-168</cmt></wpt>
<wpt lat="44.662625" lon="-111.100897"><name>The 1959 Earthquake</name><desc>Sign text not yet published online by the state.

Source: Montana Department of Transportation (#169)</desc><type>History</type><sym>Flag, Blue</sym><cmt>MT-169</cmt></wpt>
<wpt lat="45.712088" lon="-111.063896"><name>Trail Through Time</name><desc>Sign text not yet published online by the state.

Source: Montana Department of Transportation (#170)</desc><type>Lewis &amp; Clark</type><sym>Flag, Blue</sym><cmt>MT-170</cmt></wpt>
<wpt lat="47.199276" lon="-109.399190"><name>The Queen of the Judith Basin</name><desc>Sign text not yet published online by the state.

Source: Montana Department of Transportation (#171)</desc><type>History</type><sym>Flag, Blue</sym><cmt>MT-171</cmt></wpt>
<wpt lat="46.583118" lon="-107.375738"><name>Ingomar</name><desc>Sign text not yet published online by the state.

Source: Montana Department of Transportation (#173)</desc><type>History</type><sym>Flag, Blue</sym><cmt>MT-173</cmt></wpt>
<wpt lat="45.712063" lon="-111.064100"><name>First People in the Gallatin Valley</name><desc>Sign text not yet published online by the state.

Source: Montana Department of Transportation (#175)</desc><type>Lewis &amp; Clark</type><sym>Flag, Blue</sym><cmt>MT-175</cmt></wpt>
<wpt lat="47.014725" lon="-109.872625"><name>Yogo Sapphires</name><desc>Sign text not yet published online by the state.

Source: Montana Department of Transportation (#177)</desc><type>History</type><sym>Flag, Blue</sym><cmt>MT-177</cmt></wpt>
<wpt lat="45.712107" lon="-111.064297"><name>Lewis &amp; Clark</name><desc>Sign text not yet published online by the state.

Source: Montana Department of Transportation (#178)</desc><type>Lewis &amp; Clark</type><sym>Flag, Blue</sym><cmt>MT-178</cmt></wpt>
<wpt lat="44.852166" lon="-112.796674"><name>The Montana - Utah Road</name><desc>Sign text not yet published online by the state.

Source: Montana Department of Transportation (#180)</desc><type>History</type><sym>Flag, Blue</sym><cmt>MT-180</cmt></wpt>
<wpt lat="46.446225" lon="-109.938628"><name>The Crazy Mountains</name><desc>Sign text not yet published online by the state.

Source: Montana Department of Transportation (#181)</desc><type>History</type><sym>Flag, Blue</sym><cmt>MT-181</cmt></wpt>
<wpt lat="45.337994" lon="-108.916222"><name>The Pryor Mountains</name><desc>The Pryor Mountains are located on the horizon to the southeast. The prominent cliffs and dip slopes are Madison Limestone, which was deposited in shallow seas over 300 million years ago. Along the margins of the mountains, younger tan colored Tensleep sandstone and brick-red Chugwater Formation crop out. Canyons in the range expose older rocks, including Precambrian basement rock more than two billion years old. Crustal blocks that form the Pryor Mountains were uplifted along reverse faults about 65-55 million years ago. Over millions of years, water dissolved deep caves in the limestone. Some open vertically to the surface, allowing cold dense air to sink down into the cave. The rock acts as an insulator, trapping the dense air and moisture underground, resulting in spectacular ice caves, such as Big Ice Cave. Other caves in the mountains have fantastic formations of stalagmites and stalactites. About 115 million years ago, a 10-foot long dinosaur with razor-sharp claws and teeth and retractable slashing talons on its hind feet hunted in packs in this area. Lightly-built, agile and quick, this intelligent carnivore could run at speeds up to 25 miles per hour and was the perfect killing machine of its time. In 1964, on a wind-swept hill in the badlands near here, Yale professor John Ostrom discovered the fossil remains of just such a creature. Called Deinonychus ("Terrible Claw"), the discovery of this animal revolutionized the study of paleontology and changed our understanding of dinosaurs. Because of its unique skeletal structure, Deinonychus had more in common with birds than it did reptiles. The great amount of energy needed for it to survive has also led some to believe that it was warmblooded rather than cold-blooded like its reptilian cousins. Because of Deinonychus, paleontologists now consider dinosaurs to have been agile, smart, and social animals rather than slow-moving and dull-witted. Fortunately for us, Deinonychus died out millions of years ago and no longer scours these hills for prey.

Source: Montana Department of Transportation (#182)</desc><type>History</type><sym>Flag, Blue</sym><cmt>MT-182</cmt></wpt>
<wpt lat="44.631107" lon="-112.588847"><name>The Tendoy Mountains</name><desc>Sign text not yet published online by the state.

Source: Montana Department of Transportation (#183)</desc><type>Geology / natural history</type><sym>Flag, Blue</sym><cmt>MT-183</cmt></wpt>
<wpt lat="46.092379" lon="-112.807785"><name>The Anaconda Pintler and Flint Creek Mountains</name><desc>The mountains surrounding this valley began to form more than 100 million years ago when tectonic forces compressed the earth’s crust and forced layers of underlying sedimentary rock eastward along great thrust faults. The faults stacked flat slices of rocks on top of one another to form high mountains similar to the Andes or Himalayas today. Molten rock was injected beneath the surface and cooled to form large masses of granite, called the Boulder Batholith, that are now exposed on the east side of the Deer Lodge Valley. Then, about 50 million years ago, the earth’s crust in this region began to be pulled apart. The crustal rocks were broken and the Anaconda-Pintler and Flint Creek Mountains to your west were separated from the Deer Lodge Valley by a gently east-sloping normal fault called the Anaconda detachment fault that forms the gently sloping mountain front on the west side of this valley. Rocks that form the mountains are hard, resistant metamorphic and igneous rocks brought up from deep in the earth’s crust. The sedimentary rocks that formerly lay on top of those in the mountains slid eastward and downward along the detachment fault, and now lie buried beneath the Deer Lodge Valley. As the valley dropped and the mountains rose, the valley filled with thousands of feet of younger material derived from the eroding mountains. Although the Anaconda detachment fault is no longer active, other similar, but steeper, normal faults are, and so the mountains may still be growing.

Source: Montana Department of Transportation (#184)</desc><type>Geology / natural history</type><sym>Flag, Blue</sym><cmt>MT-184</cmt></wpt>
<wpt lat="45.802756" lon="-108.480787"><name>The Place Where the White Horse Went Down</name><desc>Sign text not yet published online by the state.

Source: Montana Department of Transportation (#185)</desc><type>Native American</type><sym>Flag, Blue</sym><cmt>MT-185</cmt></wpt>
<wpt lat="47.419386" lon="-115.628847"><name>A Lost World</name><desc>(west-bound) View/Download a PDF of the Road Sign Imagine a world very different than we know today. About 1.5 billion years ago during the Precambrian Era, the earth's environment was desolate, with no trees, fish, animals or birds. Shallow seas with extensive near-shore flats were fed by streams that deposited great amounts of sand and mud. Rain frequently fell and pooled in vast shallow lakes and ponds in what would one day become northwest Montana. Despite the hostile environment, blue-green algae mats often trapped fine particles of calcium carbonate to form structures called stromatolites, that grew in shallow nearshore environments. The surface of the rocks often display mud cracks, ripple marks, and, sometimes, the spatter marks of primeval raindrops. The earth's crust slowly sank for about 100 million years forming a large geologic basin in which Belt Supergroup sediments accumulated as much as 10 miles thick! The rocks are common in northern and central Idaho and western Montana, and extend east to the Little Belt Mountains in central Montana. The sedimentary rocks along Interstate 90 between Lookout Pass and Alberton are almost entirely rocks of the Belt Supergroup. These rocks are distinguished by brown, gray, red, green, purple, and yellow colors and locally form dramatic cliffs where resistant, well-cemented sandstones are exposed in the canyon. Interstate 90 from near Lookout Pass through Missoula is located along the Lewis and Clark Fault Zone, a series of faults that stretch between northwest Washington State and the Helena area. The faults had significant movement about 70 million years ago when the Rocky Mountains were uplifting and were active until at least 25 million years ago. Interstate 90 and US Highway 10 in western Montana follow the trend of the faults along straight canyons that eroded along the fault zone.

Source: Montana Department of Transportation (#186)</desc><type>Geology / natural history</type><sym>Flag, Blue</sym><cmt>MT-186</cmt></wpt>
<wpt lat="45.455363" lon="-109.448742"><name>The Bozeman Trail</name><desc>Sign text not yet published online by the state.

Source: Montana Department of Transportation (#187)</desc><type>History</type><sym>Flag, Blue</sym><cmt>MT-187</cmt></wpt>
<wpt lat="46.356482" lon="-111.545045"><name>Canyon Ferry</name><desc>Sign text not yet published online by the state.

Source: Montana Department of Transportation (#188)</desc><type>History</type><sym>Flag, Blue</sym><cmt>MT-188</cmt></wpt>
<wpt lat="48.167483" lon="-114.290730"><name>Howse House</name><desc>Sign text not yet published online by the state.

Source: Montana Department of Transportation (#189)</desc><type>History</type><sym>Flag, Blue</sym><cmt>MT-189</cmt></wpt>
<wpt lat="47.349860" lon="-110.895948"><name>Mountains, Belt Butte, and Great Falls Coal Field</name><desc>The scenic Highwood Mountains, visible on the skyline to the northeast, are composed of resistant volcanic rocks which tower above the relatively soft surrounding sedimentary rocks. The mountains contain an unusual abundance of a dark igneous rock called shonkinite. Shonkinite occurs in other parts of the world, but it was named for the exposures found near the community of Shonkin on the north side of the Highwood Mountains. As you drive to the northwest, look for a prominent hill known as Belt Butte northeast of the highway. You can recognize it by its "belt" of Cretaceous sandstone. Belt Butte is notable because it gave its name to Belt Creek, the town of Belt, and to the Big and Little Belt mountains to the south. The Belt Supergroup, an extremely thick and extensive package of western Montana sedimentary and metamorphosed sedimentary rock, hundreds of millions of years old, is found in many mountain ranges of western Montana. The Supergroup was named for the Big and Little Belt mountains thanks to the "belt" of sandstone around Belt Butte! The Little Belt Mountains, visible to the south, were bowed up by multiple blister-like pockets of magma, molten rock that arched up the overlying sedimentary layers to form domes. The domes and mountains are cored by igneous rock formed about the same time as the Highwood Mountains, about 50 million years ago. The Great Falls coal field extends through the Armington area. The coal is discontinuous, having developed from plant material that accumulated in a number of Early Cretaceous swamps. Compaction of the remains of swamp plants over millions of years produced the medium-grade bituminous coal in the area. Coal mined in this area powered the locomotives of the Great Northern Railway, fueled the smelter at Great Falls, and heated homes throughout central Montana. Coal mining in the area declined after 1950, when the coal of the Great Falls field could not compete with diesel, oil, and natural gas.

Source: Montana Department of Transportation (#190)</desc><type>Geology / natural history</type><sym>Flag, Blue</sym><cmt>MT-190</cmt></wpt>
<wpt lat="46.954424" lon="-112.107494"><name>A Perfect Defile</name><desc>(south-bound) View/Download a PDF of the Road Sign Here nestled deep in the Big Belt Mountains, is one of the most spectacular canyons in Montana. More than a billion years ago, during the Precambrian Era, an ancient inland seaway deposited these shales and sands, which over time, became these vibrant red and green mudstones called "Spokane Shale" for the Spokane Hills east of Helena. The Big Belts themselves consist primarily of Spokane Shale. They contrast with the magnificent white cliffs of Madison Limestone exposed in the nearby Gates of the Mountains and the drab gravels of Confederate Gulch to the southeast. The greenish colors in the mudstones are provided by tiny amounts of iron minerals that formed on mudflats that were low in oxygen; the intervening pinkish layers oxidized in contact with slightly greater amounts of oxygen. Like most sedimentary rocks, there were originally laid down as horizontal layers. About 70 million years ago these rocks were crumpled, folded, and faulted during formation of the Rocky Mountains. As the floor of the Pacific Ocean slowly collided with the western margin of North America the horizontal layers became bent, broken, and tilted as you see them now. The most pronounced crumpling is here in the "overthrust belt" near the eastern edge of the Rockies. The Precambrian sedimentary rocks thin eastward in this area where they overlie the hard granite-like "basement" rocks of the central part of the continent. A Brief History: Although this multi-hued and rugged canyon was well-known to Native Americans for thousands of years, it was first recorded by road-builder John Mullan in 1859. He called this rocky canyon "a perfect defile" and "by far the most difficult of any point along the [road], from Hell's Gate to Fort Benton." In 1865, the Territorial Legislature granted a license to the Little Prickly Pear Wagon Road Company to build a toll road through the canyon. A year later, in 1866, Helena merchants James King and Warren Gillette bought the road and spent $40,000 upgrading it. By then traffic on it between Fort Benton and Helena had become so heavy, that the men were able to recoup their expenditure within two years. By the early 1870s, it was part of the Benton Road, an important freight and passenger route in the territory. Thereafter, other roads and a railroad were constructed through the Prickly Pear Canyon, culminating in the completion of Interstate 15 in 1967. Montana's first Interstate rest area, here at Lyons' Creek, was built in 1965.

Source: Montana Department of Transportation (#191)</desc><type>Geology / natural history</type><sym>Flag, Blue</sym><cmt>MT-191</cmt></wpt>
<wpt lat="45.125644" lon="-112.747213"><name>Bannack</name><desc>Sign text not yet published online by the state.

Source: Montana Department of Transportation (#193)</desc><type>History</type><sym>Flag, Blue</sym><cmt>MT-193</cmt></wpt>
<wpt lat="44.827940" lon="-111.467664"><name>Earthquakes!</name><desc>Few natural events cause as much fear in people as earthquakes. They remind us that the Earth is always changing and renewing itself and that this sometimes occurs violently and without warning. Earthquakes happen when stored energy is suddenly released by movement along a fault. A fault is a fracture that allows blocks of rocks to slide past each other. Tectonic forces gradually apply stress to the fault but friction along the fault keep the two sides locked in place. Eventually, the stress builds to the point where frictional forces locking the fault are exceeded and opposite sides of the fault suddenly slip past each other, releasing the stored energy. Some of this released energy radiates away from the fault surface as seismic waves, which we feel as an earthquake. The earthquakes in southwestern Montana are part of Intermountain Seismic Belt, a zone of frequent earthquake activity that extends about 800 miles from northwest Montana southward through Yellowstone National Park, through the Salt Lake City area, and all the way to southwestern Utah. A branch of the Intermountain Seismic Belt extends from Yellowstone about 300 miles west to the Idaho-Oregon border. The Intermountain Seismic Belt results from gradual stretching of the North American tectonic plate as it interacts with the Pacific tectonic plate. On August 17, 1959, a magnitude 7.3 earthquake struck Hebgen Lake about 12 miles northeast of here. The earthquake ruptured two faults, the Hebgen Lake fault and the Red Canyon fault, and caused parts of the Hebgen Lake basin to subside as much as 22 feet. The sudden tilting of Hebgen Lake caused a large wave—a seiche—to wash back and forth across the lake overtopping Hebgen Dam and sweeping shoreline cabins off their foundations. It also shook loose a mountainside—the 37 million cubic yard Madison Canyon landslide—that dammed the Madison River to form Earthquake Lake. The landslide buried part of a campground, killing 26 people.

Source: Montana Department of Transportation (#194)</desc><type>Geology / natural history</type><sym>Flag, Blue</sym><cmt>MT-194</cmt></wpt>
<wpt lat="46.561911" lon="-112.307607"><name>The Frenchwoman's Road</name><desc>Sign text not yet published online by the state.

Source: Montana Department of Transportation (#195)</desc><type>History</type><sym>Flag, Blue</sym><cmt>MT-195</cmt></wpt>
<wpt lat="48.736331" lon="-105.420812"><name>Wood Mountain Trail</name><desc>Sign text not yet published online by the state.

Source: Montana Department of Transportation (#196)</desc><type>History</type><sym>Flag, Blue</sym><cmt>MT-196</cmt></wpt>
<wpt lat="47.532130" lon="-111.206329"><name>Journey Not Easily Forgotten</name><desc>Sign text not yet published online by the state.

Source: Montana Department of Transportation (#197)</desc><type>Lewis &amp; Clark</type><sym>Flag, Blue</sym><cmt>MT-197</cmt></wpt>
<wpt lat="46.741951" lon="-114.081239"><name>The Bitterroot Valley, Home of the Selis</name><desc>Sign text not yet published online by the state.

Source: Montana Department of Transportation (#198)</desc><type>Native American</type><sym>Flag, Blue</sym><cmt>MT-198</cmt></wpt>
<wpt lat="48.489348" lon="-111.817776"><name>The Oily Boid Gets the Woim</name><desc>Sign text not yet published online by the state.

Source: Montana Department of Transportation (#199)</desc><type>History</type><sym>Flag, Blue</sym><cmt>MT-199</cmt></wpt>
<wpt lat="47.531188" lon="-111.203770"><name>Historic Rainbow Hydroelectric Development</name><desc>Sign text not yet published online by the state.

Source: Montana Department of Transportation (#200)</desc><type>Lewis &amp; Clark</type><sym>Flag, Blue</sym><cmt>MT-200</cmt></wpt>
<wpt lat="47.312644" lon="-106.909372"><name>Indian Country</name><desc>Sign text not yet published online by the state.

Source: Montana Department of Transportation (#201)</desc><type>History</type><sym>Flag, Blue</sym><cmt>MT-201</cmt></wpt>
<wpt lat="48.659566" lon="-112.759104"><name>Camp Disappointment</name><desc>Sign text not yet published online by the state.

Source: Montana Department of Transportation (#202)</desc><type>History</type><sym>Flag, Blue</sym><cmt>MT-202</cmt></wpt>
<wpt lat="47.419774" lon="-115.625439"><name>A Wonderful Piece of Engineering: the Mullan Road</name><desc>Sign text not yet published online by the state.

Source: Montana Department of Transportation (#203)</desc><type>History</type><sym>Flag, Blue</sym><cmt>MT-203</cmt></wpt>
<wpt lat="47.853346" lon="-112.232546"><name>Old Agency on the Teton</name><desc>Sign text not yet published online by the state.

Source: Montana Department of Transportation (#204)</desc><type>History</type><sym>Flag, Blue</sym><cmt>MT-204</cmt></wpt>
<wpt lat="45.421965" lon="-105.397344"><name>The Powder River Country</name><desc>Sign text not yet published online by the state.

Source: Montana Department of Transportation (#205)</desc><type>History</type><sym>Flag, Blue</sym><cmt>MT-205</cmt></wpt>
<wpt lat="45.836253" lon="-113.979598"><name>Mountains on the Move</name><desc>The spectacular Bitterroot Mountains northwest of Sula expose granite rocks of the Idaho batholith, a major geologic feature that consists of a series of igneous intrusions that pushed their way toward the surface between about 80 and 53 million years ago. The molten magma that formed these intrusions forced its way into older rocks and crystallized more than ten miles below the surface. As the magma rose upward, it raised up the overlying rocks, which sloughed off an enormous block that slid to the east, forming the Sapphire Range on the east side of the Bitterroot Valley. It took about seven million years for this block to slowly slide along a surface that forms the eastern slope of much of the Bitterroot Range. The granite rock exposed along US Highway 93 in the Sula area are part of this block that was once in the present Bitterroot Range. About 50 million years ago, magma again rose up through the crust of the earth resulting in the eruption of large volumes of volcanic rock in the southern Bitterroot Range southwest of Sula. Glaciers capped much of the Bitterroot Range and carved dramatic U-shaped profiles into side drainages that flow eastward into the Bitterroot Valley. The last glaciation ended about 15,000 years ago. Multiple times during the glacial ages, a glacier dammed the Clark Fork River near the Idaho/Montana border forming Glacial Lake Missoula. The highest lake stand reached an altitude of 4,200 feet above sea level, forming a lakeshore only a few miles downstream of Sula.

Source: Montana Department of Transportation (#206)</desc><type>Geology / natural history</type><sym>Flag, Blue</sym><cmt>MT-206</cmt></wpt>
<wpt lat="46.953396" lon="-112.108103"><name>The Montana Central Railroad</name><desc>Sign text not yet published online by the state.

Source: Montana Department of Transportation (#207)</desc><type>History</type><sym>Flag, Blue</sym><cmt>MT-207</cmt></wpt>
<wpt lat="47.387642" lon="-110.927504"><name>Belt Commercial Historic District</name><desc>Sign text not yet published online by the state.

Source: Montana Department of Transportation (#208)</desc><type>History</type><sym>Flag, Blue</sym><cmt>MT-208</cmt></wpt>
<wpt lat="45.836271" lon="-113.979321"><name>The Great Clearing</name><desc>Sign text not yet published online by the state.

Source: Montana Department of Transportation (#209)</desc><type>Lewis &amp; Clark</type><sym>Flag, Blue</sym><cmt>MT-209</cmt></wpt>
<wpt lat="45.018179" lon="-109.942988"><name>The New World Mining District</name><desc>Sign text not yet published online by the state.

Source: Montana Department of Transportation (#210)</desc><type>History</type><sym>Flag, Blue</sym><cmt>MT-210</cmt></wpt>
<wpt lat="46.990303" lon="-104.179198"><name>Welcome to Dinosaur Country</name><desc>Montana is famous for its dinosaur fossils. Paleontologists have discovered seventy-five different species of dinosaurs in Montana, more than any other state in America. The oldest dinosaur fossils are found in rocks of the Jurassic Period, which are 155 million years old. They include the gigantic Diplodocus, the plated Stegosaurus, and the fearsome Allosaurus. Most Montana dinosaurs come from Cretaceous Period rocks, including the "raptor" Deinonychus, made notorious by the 1993 motion picture Jurassic Park, and the burrowing dinosaur Oryctodromeus. About 80-75 million years ago, nesting dinosaurs like Maiasaura and Troodon lived in the coastal plains next to the inland sea. Many millions of years later, Tyrannosaurus rex, vast herds of horned Triceratops, and the armored Ankylosaurus all lived in Montana. During the millions of years the dinosaurs ruled this region, the climate and geography were very different from today. Inland bays of the Pacific Ocean during Jurassic times and the Atlantic Ocean during the Cretaceous period provided Montana with a hot and humid subtropical climate. A Brief History: Montana's big sky drew tourists even during the darkest days of the Great Depression in the 1930s. Thousands of people came to Montana to enjoy its wide open spaces and experience its Old West heritage. Good roads and cheap gasoline helped make it possible. The Montana Department of Transportation distributed colorful highway maps and brochures at ports-of-entry stations and information centers. Beginning in 1935, the MDT installed interpretive markers at roadside picnic areas to tell readers about Montana's exciting history. The signs told stories reminiscent of a cowboy spinning a yarn to a greenhorn. Over 250 roadside signs still introduce visitors and residents to Montana's history and geology.

Source: Montana Department of Transportation (#211)</desc><type>Geology / natural history</type><sym>Flag, Blue</sym><cmt>MT-211</cmt></wpt>
<wpt lat="46.406554" lon="-112.013237"><name>Freighters</name><desc>Sign text not yet published online by the state.

Source: Montana Department of Transportation (#212)</desc><type>History</type><sym>Flag, Blue</sym><cmt>MT-212</cmt></wpt>
<wpt lat="45.125700" lon="-112.747170"><name>Appreciation</name><desc>Sign text not yet published online by the state.

Source: Montana Department of Transportation (#213)</desc><type>OTHER</type><sym>Flag, Blue</sym><cmt>MT-213</cmt></wpt>
<wpt lat="47.020804" lon="-114.519965"><name>A Wonderful Piece of Engineering: the Big Side Cut</name><desc>Sign text not yet published online by the state.

Source: Montana Department of Transportation (#214)</desc><type>History</type><sym>Flag, Blue</sym><cmt>MT-214</cmt></wpt>
<wpt lat="46.426465" lon="-105.312150"><name>The Powder River and the Red Trail</name><desc>Sign text not yet published online by the state.

Source: Montana Department of Transportation (#215)</desc><type>History</type><sym>Flag, Blue</sym><cmt>MT-215</cmt></wpt>
<wpt lat="45.337896" lon="-108.916261"><name>The Pryor Mountains and Raptor Country</name><desc>The Pryor Mountains are located on the horizon to the southeast. The prominent cliffs and dip slopes are Madison Limestone, which was deposited in shallow seas over 300 million years ago. Along the margins of the mountains, younger tan colored Tensleep sandstone and brick-red Chugwater Formation crop out. Canyons in the range expose older rocks, including Precambrian basement rock more than two billion years old. Crustal blocks that form the Pryor Mountains were uplifted along reverse faults about 65-55 million years ago. Over millions of years, water dissolved deep caves in the limestone. Some open vertically to the surface, allowing cold dense air to sink down into the cave. The rock acts as an insulator, trapping the dense air and moisture underground, resulting in spectacular ice caves, such as Big Ice Cave. Other caves in the mountains have fantastic formations of stalagmites and stalactites. About 115 million years ago, a 10-foot long dinosaur with razor-sharp claws and teeth and retractable slashing talons on its hind feet hunted in packs in this area. Lightly-built, agile and quick, this intelligent carnivore could run at speeds up to 25 miles per hour and was the perfect killing machine of its time. In 1964, on a wind-swept hill in the badlands near here, Yale professor John Ostrom discovered the fossil remains of just such a creature. Called Deinonychus ("Terrible Claw"), the discovery of this animal revolutionized the study of paleontology and changed our understanding of dinosaurs. Because of its unique skeletal structure, Deinonychus had more in common with birds than it did reptiles. The great amount of energy needed for it to survive has also led some to believe that it was warmblooded rather than cold-blooded like its reptilian cousins. Because of Deinonychus, paleontologists now consider dinosaurs to have been agile, smart, and social animals rather than slow-moving and dull-witted. Fortunately for us, Deinonychus died out millions of years ago and no longer scours these hills for prey.

Source: Montana Department of Transportation (#217)</desc><type>Geology / natural history</type><sym>Flag, Blue</sym><cmt>MT-217</cmt></wpt>
<wpt lat="47.725989" lon="-109.634739"><name>The Judith Landing</name><desc>Sign text not yet published online by the state.

Source: Montana Department of Transportation (#218)</desc><type>History</type><sym>Flag, Blue</sym><cmt>MT-218</cmt></wpt>
<wpt lat="46.703456" lon="-113.338087"><name>Madison Limestone and the Garnet Mountains</name><desc>(east-bound) I-90 Frontage Road (old US 10), MP 10, ten miles west of Drummond GPS Latitude: 46.7204 Longitude: -113.3163 View/Download a PDF of the Road Sign About 350 million years ago, much of Montana was submerged under a shallow sea. Billions of tiny marine creatures thrived in the water and when they died their bodies settled into the muck on the sea bed. After hundreds of millions of years of accumulation and many more millions of years it metamorphosed into the pale gray rocks that are known today as Madison Limestone. The limestone is common throughout Montana, eastern Idaho, northern Wyoming, and in the Dakotas. In Montana, the limestone beds are from 1,000 to 2,000 feet thick in places. Because Madison Limestone resists weathering and erosion much better than most other kinds of rocks, it forms many of the spectacular cliffs and dramatic ridges that make Montana such a scenic place to drive through. A magnificent outcrop of Madison Limestone is visible on the north side of Interstate 90 just a few miles east of this rest area. The limestone pinnacles were exposed when the soil around them eroded away, creating the dramatic canyon along the Clark Fork River. The red streaks visible on the rocks and soil is iron oxide. About 75 million years ago molten rock intruded the area near the crest of the Garnet Range, seven miles north of this rest area. Northwest-trending faults and rock layers channeled mineral-rich fluids from the intrusion into Cambrian and Precambrian rocks to form three principal gold veins and numerous smaller, gold-bearing zones. Prospectors discovered gold placers at the mouth of Bear Gulch, about a mile northeast of the rest area in 1865; discoveries in other drainages of the Garnet Range soon followed. Although goldbearing veins were discovered by 1866, the technology was not readily available to work them. By 1896, however, numerous underground mines were producing gold, silver, and copper. In 1898, more than 1,000 people lived in the town of Garnet to support the miners living in the surrounding area.

Source: Montana Department of Transportation (#219)</desc><type>Geology / natural history</type><sym>Flag, Blue</sym><cmt>MT-219</cmt></wpt>
<wpt lat="48.198437" lon="-112.506736"><name>Dupuyer</name><desc>Sign text not yet published online by the state.

Source: Montana Department of Transportation (#220)</desc><type>History</type><sym>Flag, Blue</sym><cmt>MT-220</cmt></wpt>
<wpt lat="46.703704" lon="-113.338224"><name>Bearmouth</name><desc>Sign text not yet published online by the state.

Source: Montana Department of Transportation (#221)</desc><type>History</type><sym>Flag, Blue</sym><cmt>MT-221</cmt></wpt>
<wpt lat="46.269090" lon="-106.305964"><name>Rosebud</name><desc>Sign text not yet published online by the state.

Source: Montana Department of Transportation (#222)</desc><type>History</type><sym>Flag, Blue</sym><cmt>MT-222</cmt></wpt>
<wpt lat="46.898654" lon="-105.019459"><name>The Red-Capped Hills of Eastern Montana</name><desc>Striking red rock caps many of the hills of eastern Montana. Some of the rock looks volcanic, so it has incorrectly been called scoria. Lewis and Clark attributed the red rock to burning coal beds and called the red areas "burnt hills." Geologists call the rock clinker. It occurs within the Fort Union Formation which contains coal beds sandwiched between soft sedimentary rock. Clinker develops when coal burns from the surface into a hill, where it cooks, fuses, and melts the adjacent rock, forming new, completely different types of rocks. Sandstone is baked to a brick-like rock. Shale may be fused like a ceramic in a kiln. Other rock may melt to look like hardened lava. The heat from burning coal rises, so most of the clinker develops above the burning coal bed. Some clinker beds are 100 feet thick. Clinker beds are porous allowing water to infiltrate into them rather than run off. The infiltration recharges the groundwater and protects the underlying rock from erosion, producing hills with red clinker caps. Before a coal bed can ignite and burn it must be dry and exposed to air. Streams and flash floods erode the hills in eastern Montana. In the process, coal beds are left above the water table where water can drain out of them and the coal is exposed to oxygen. Lightning, spontaneous combustion, chemical reactions, and range fires ignite the coal. Burning trees rooted in coal beds can also start the fires. Scientists have determined that coal has been burning in eastern Montana for at least four million years, but each burning coal bed eventually extinguishes naturally. As the fire burns into the hill, the overlying rock breaks up and collapses, this allows air deeper into the hill and keeps the coal burning underground. Eventually, too much overlying rock collapses to allow air to enter, and the fire goes out.

Source: Montana Department of Transportation (#223)</desc><type>Geology / natural history</type><sym>Flag, Blue</sym><cmt>MT-223</cmt></wpt>
<wpt lat="46.703491" lon="-113.338267"><name>The Mullan Road</name><desc>Sign text not yet published online by the state.

Source: Montana Department of Transportation (#225)</desc><type>History</type><sym>Flag, Blue</sym><cmt>MT-225</cmt></wpt>
<wpt lat="47.325188" lon="-106.171320"><name>Fort Peck Dam and Lake</name><desc>Sign text not yet published online by the state.

Source: Montana Department of Transportation (#227)</desc><type>History</type><sym>Flag, Blue</sym><cmt>MT-227</cmt></wpt>
<wpt lat="45.735141" lon="-109.714393"><name>The Thomas Party</name><desc>Sign text not yet published online by the state.

Source: Montana Department of Transportation (#229)</desc><type>History</type><sym>Flag, Blue</sym><cmt>MT-229</cmt></wpt>
<wpt lat="47.062345" lon="-109.114369"><name>Fort Maginnis</name><desc>Sign text not yet published online by the state.

Source: Montana Department of Transportation (#230)</desc><type>History</type><sym>Flag, Blue</sym><cmt>MT-230</cmt></wpt>
<wpt lat="47.159984" lon="-111.819505"><name>The Missouri River Canyon and Old Us Highway 91</name><desc>Sign text not yet published online by the state.

Source: Montana Department of Transportation (#231)</desc><type>History</type><sym>Flag, Blue</sym><cmt>MT-231</cmt></wpt>
<wpt lat="46.746308" lon="-114.172533"><name>Fort Fizzle</name><desc>Sign text not yet published online by the state.

Source: Montana Department of Transportation (#232)</desc><type>History</type><sym>Flag, Blue</sym><cmt>MT-232</cmt></wpt>
<wpt lat="45.347956" lon="-111.722311"><name>The Shining Mountains</name><desc>The Madison Range rises from the east side of the Madison Valley along an active fault that threads its way along the base of the range. The mountains began to slowly rise along the fault about 50 million years ago and it remains active today. This was violently demonstrated on August 17, 1959 when a magnitude 7.5 earthquake struck the southern end of the Madison Range near Hebgen Lake. The earthquake triggered a massive landslide that dammed the Madison River, creating Earthquake Lake. Fault scarps as much as 21-feet high significantly changed the landscape and are visible in the valley along the length of the zone. Several prominent peaks in the northern Madison Range, such as Lone, Pioneer, and Fan mountains, are supported by resistant igneous rock that developed from magma that pushed upward along layers of sedimentary rock. Glaciers and landslides carved the peaks into the shapes we see today. Sphinx Mountain is topped by 3,000 feet of gravelly conglomerate rock. The gravels that became these conglomerates were eroded from surrounding highlands and were deposited in an ancient valley that now is part of the highest peaks. Mountain streams deposited the sediments into the Madison Valley creating alluvial fans, named because of their fan shapes as seen from above. A Brief History: The Madison Range provided a spectacular backdrop to one of the most thrilling periods in the history of the American West, the fur trade. Beginning in the 1830s, American fur trappers, sometimes called mountain men, caught beaver in streams emptying into the Madison River. The fur trade was a cutthroat business as the fur companies competed for a limited and rapidly dwindling resource. By the 1840s the Blackfeet and the beaver had all but disappeared from this area. The mountain men's legacy lives on in the names of many geographic features in the region.

Source: Montana Department of Transportation (#233)</desc><type>Geology / natural history</type><sym>Flag, Blue</sym><cmt>MT-233</cmt></wpt>
<wpt lat="45.832371" lon="-107.611902"><name>Chicago, Burlington &amp; Quincy Railroad</name><desc>Sign text not yet published online by the state.

Source: Montana Department of Transportation (#234)</desc><type>History</type><sym>Flag, Blue</sym><cmt>MT-234</cmt></wpt>
<wpt lat="46.261286" lon="-106.279672"><name>Join the Voyage of Discovery</name><desc>Sign text not yet published online by the state.

Source: Montana Department of Transportation (#235)</desc><type>Lewis &amp; Clark</type><sym>Flag, Blue</sym><cmt>MT-235</cmt></wpt>
<wpt lat="45.834999" lon="-112.683841"><name>Keep Watching the Skies!</name><desc>Sign text not yet published online by the state.

Source: Montana Department of Transportation (#236)</desc><type>History</type><sym>Flag, Blue</sym><cmt>MT-236</cmt></wpt>
<wpt lat="46.415702" lon="-112.006414"><name>No Name</name><desc>Sign text not yet published online by the state.

Source: Montana Department of Transportation (#237)</desc><type>History</type><sym>Flag, Blue</sym><cmt>MT-237</cmt></wpt>
<wpt lat="48.556624" lon="-109.704632"><name>The Havre Air Force Station</name><desc>Sign text not yet published online by the state.

Source: Montana Department of Transportation (#239)</desc><type>History</type><sym>Flag, Blue</sym><cmt>MT-239</cmt></wpt>
<wpt lat="45.987172" lon="-108.004919"><name>Camp #44 of the 1873 Yellowstone Expedition</name><desc>Sign text not yet published online by the state.

Source: Montana Department of Transportation (#240)</desc><type>History</type><sym>Flag, Blue</sym><cmt>MT-240</cmt></wpt>
<wpt lat="47.132473" lon="-111.901523"><name>American Hero Michael John Mackinnon</name><desc>Sign text not yet published online by the state.

Source: Montana Department of Transportation (#242)</desc><type>History</type><sym>Flag, Blue</sym><cmt>MT-242</cmt></wpt>
<wpt lat="45.782529" lon="-108.003078"><name>The Highway Where the Country Greets the Stranger</name><desc>Sign text not yet published online by the state.

Source: Montana Department of Transportation (#244)</desc><type>History</type><sym>Flag, Blue</sym><cmt>MT-244</cmt></wpt>
<wpt lat="45.160943" lon="-109.157868"><name>Bearcreek</name><desc>Sign text not yet published online by the state.

Source: Montana Department of Transportation (#245)</desc><type>History</type><sym>Flag, Blue</sym><cmt>MT-245</cmt></wpt>
<wpt lat="48.540769" lon="-113.001265"><name>The Blackfeet Nation</name><desc>Sign text not yet published online by the state.

Source: Montana Department of Transportation (#246)</desc><type>History</type><sym>Flag, Blue</sym><cmt>MT-246</cmt></wpt>
<wpt lat="45.278974" lon="-108.917947"><name>Raptor Country</name><desc>The Pryor Mountains are located on the horizon to the southeast. The prominent cliffs and dip slopes are Madison Limestone, which was deposited in shallow seas over 300 million years ago. Along the margins of the mountains, younger tan colored Tensleep sandstone and brick-red Chugwater Formation crop out. Canyons in the range expose older rocks, including Precambrian basement rock more than two billion years old. Crustal blocks that form the Pryor Mountains were uplifted along reverse faults about 65-55 million years ago. Over millions of years, water dissolved deep caves in the limestone. Some open vertically to the surface, allowing cold dense air to sink down into the cave. The rock acts as an insulator, trapping the dense air and moisture underground, resulting in spectacular ice caves, such as Big Ice Cave. Other caves in the mountains have fantastic formations of stalagmites and stalactites. About 115 million years ago, a 10-foot long dinosaur with razor-sharp claws and teeth and retractable slashing talons on its hind feet hunted in packs in this area. Lightly-built, agile and quick, this intelligent carnivore could run at speeds up to 25 miles per hour and was the perfect killing machine of its time. In 1964, on a wind-swept hill in the badlands near here, Yale professor John Ostrom discovered the fossil remains of just such a creature. Called Deinonychus ("Terrible Claw"), the discovery of this animal revolutionized the study of paleontology and changed our understanding of dinosaurs. Because of its unique skeletal structure, Deinonychus had more in common with birds than it did reptiles. The great amount of energy needed for it to survive has also led some to believe that it was warmblooded rather than cold-blooded like its reptilian cousins. Because of Deinonychus, paleontologists now consider dinosaurs to have been agile, smart, and social animals rather than slow-moving and dull-witted. Fortunately for us, Deinonychus died out millions of years ago and no longer scours these hills for prey.

Source: Montana Department of Transportation (#247)</desc><type>History</type><sym>Flag, Blue</sym><cmt>MT-247</cmt></wpt>
<wpt lat="46.954436" lon="-112.107532"><name>The Central Montana Railroad</name><desc>Sign text not yet published online by the state.

Source: Montana Department of Transportation (#248)</desc><type>History</type><sym>Flag, Blue</sym><cmt>MT-248</cmt></wpt>
<wpt lat="45.294246" lon="-111.941989"><name>Virginia City</name><desc>Sign text not yet published online by the state.

Source: Montana Department of Transportation (#249)</desc><type>History</type><sym>Flag, Blue</sym><cmt>MT-249</cmt></wpt>
<wpt lat="46.518056" lon="-114.116176"><name>“Removal”of Salish From Bitteroot Valley,1855-1891</name><desc>Sign text not yet published online by the state.

Source: Montana Department of Transportation (#250)</desc><type>History</type><sym>Flag, Blue</sym><cmt>MT-250</cmt></wpt>
<wpt lat="45.473818" lon="-109.448815"><name>The Rosebud Agency</name><desc>Sign text not yet published online by the state.

Source: Montana Department of Transportation (#251)</desc><type>History</type><sym>Flag, Blue</sym><cmt>MT-251</cmt></wpt>
<wpt lat="46.092676" lon="-112.808115"><name>Silver Bow Creek Remediation and Restoration</name><desc>Sign text not yet published online by the state.

Source: Montana Department of Transportation (#252)</desc><type>OTHER</type><sym>Flag, Blue</sym><cmt>MT-252</cmt></wpt>
<wpt lat="47.531195" lon="-111.203815"><name>Geology Caused the Falls</name><desc>Sign text not yet published online by the state.

Source: Montana Department of Transportation (#253)</desc><type>Lewis &amp; Clark</type><sym>Flag, Blue</sym><cmt>MT-253</cmt></wpt>
<wpt lat="46.063283" lon="-107.708957"><name>Junction of Bighorn and Yellowstone Rivers</name><desc>Sign text not yet published online by the state.

Source: Montana Department of Transportation (#255)</desc><type>History</type><sym>Flag, Blue</sym><cmt>MT-255</cmt></wpt>
<wpt lat="48.595809" lon="-112.795300"><name>Camp Disappointment</name><desc>Sign text not yet published online by the state.

Source: Montana Department of Transportation (#256)</desc><type>History</type><sym>Flag, Blue</sym><cmt>MT-256</cmt></wpt>
<wpt lat="46.541296" lon="-112.088745"><name>Unionville</name><desc>Sign text not yet published online by the state.

Source: Montana Department of Transportation (#257)</desc><type>History</type><sym>Flag, Blue</sym><cmt>MT-257</cmt></wpt>
<wpt lat="48.198452" lon="-112.506711"><name>Chief Mountain</name><desc>Sign text not yet published online by the state.

Source: Montana Department of Transportation (#258)</desc><type>Native American</type><sym>Flag, Blue</sym><cmt>MT-258</cmt></wpt>
<wpt lat="46.604615" lon="-112.041507"><name>Benton Avenue Cemetery</name><desc>Sign text not yet published online by the state.

Source: Montana Department of Transportation (#259)</desc><type>History</type><sym>Flag, Blue</sym><cmt>MT-259</cmt></wpt>
<wpt lat="48.595365" lon="-109.239637"><name>The Battle of Bears Paw</name><desc>Sign text not yet published online by the state.

Source: Montana Department of Transportation (#260)</desc><type>History</type><sym>Flag, Blue</sym><cmt>MT-260</cmt></wpt>
<wpt lat="46.739437" lon="-105.426242"><name>Powder River</name><desc>Sign text not yet published online by the state.

Source: Montana Department of Transportation (#261)</desc><type>History</type><sym>Flag, Blue</sym><cmt>MT-261</cmt></wpt>
<wpt lat="47.428455" lon="-113.664218"><name>The Swan Massacre of 1908</name><desc>Sign text not yet published online by the state.

Source: Montana Department of Transportation (#262)</desc><type>History</type><sym>Flag, Blue</sym><cmt>MT-262</cmt></wpt>
<wpt lat="47.019957" lon="-112.010178"><name>Old Us Highway 91</name><desc>Sign text not yet published online by the state.

Source: Montana Department of Transportation (#263)</desc><type>History</type><sym>Flag, Blue</sym><cmt>MT-263</cmt></wpt>
<wpt lat="48.659498" lon="-112.759080"><name>A Disappointing Time</name><desc>Sign text not yet published online by the state.

Source: Montana Department of Transportation (#264)</desc><type>Lewis &amp; Clark</type><sym>Flag, Blue</sym><cmt>MT-264</cmt></wpt>
<wpt lat="46.528309" lon="-111.946196"><name>The Prickly Pear Diggings</name><desc>Sign text not yet published online by the state.

Source: Montana Department of Transportation (#265)</desc><type>History</type><sym>Flag, Blue</sym><cmt>MT-265</cmt></wpt>
<wpt lat="46.875200" lon="-113.885730"><name>Cantonment Wright &amp; Hellgate</name><desc>Sign text not yet published online by the state.

Source: Montana Department of Transportation (#266)</desc><type>History</type><sym>Flag, Blue</sym><cmt>MT-266</cmt></wpt>
<wpt lat="45.987159" lon="-108.004962"><name>Pompey’s Pillar</name><desc>Sign text not yet published online by the state.

Source: Montana Department of Transportation (#267)</desc><type>History</type><sym>Flag, Blue</sym><cmt>MT-267</cmt></wpt>
<wpt lat="46.875048" lon="-113.885466"><name>Homeward Bound on a Risky Shortcut</name><desc>Sign text not yet published online by the state.

Source: Montana Department of Transportation (#268)</desc><type>Lewis &amp; Clark</type><sym>Flag, Blue</sym><cmt>MT-268</cmt></wpt>
<wpt lat="45.177670" lon="-109.247640"><name>Red Lodge</name><desc>Sign text not yet published online by the state.

Source: Montana Department of Transportation (#269)</desc><type>History</type><sym>Flag, Blue</sym><cmt>MT-269</cmt></wpt>
<wpt lat="45.194278" lon="-109.246811"><name>Liver-Eating Johnston's Cabin</name><desc>Sign text not yet published online by the state.

Source: Montana Department of Transportation (#270)</desc><type>History</type><sym>Flag, Blue</sym><cmt>MT-270</cmt></wpt>
<wpt lat="45.914613" lon="-112.377218"><name>The Great Divide Trophy</name><desc>Sign text not yet published online by the state.

Source: Montana Department of Transportation (#271)</desc><type>History</type><sym>Flag, Blue</sym><cmt>MT-271</cmt></wpt>
<wpt lat="45.735635" lon="-109.756060"><name>Montana's Jurassic Park</name><desc>Sign text not yet published online by the state.

Source: Montana Department of Transportation (#272)</desc><type>Geology / natural history</type><sym>Flag, Blue</sym><cmt>MT-272</cmt></wpt>
<wpt lat="47.159977" lon="-111.819557"><name>A Volcanic Island in the Rocky Mountains</name><desc>Sign text not yet published online by the state.

Source: Montana Department of Transportation (#273)</desc><type>Geology / natural history</type><sym>Flag, Blue</sym><cmt>MT-273</cmt></wpt>
<wpt lat="48.482219" lon="-108.757439"><name>The Vision Quest</name><desc>Sign text not yet published online by the state.

Source: Montana Department of Transportation (#274)</desc><type>Native American</type><sym>Flag, Blue</sym><cmt>MT-274</cmt></wpt>
<wpt lat="47.281031" lon="-112.389584"><name>Dearborn River High Bridge</name><desc>Sign text not yet published online by the state.

Source: Montana Department of Transportation (#275)</desc><type>History</type><sym>Flag, Blue</sym><cmt>MT-275</cmt></wpt>
<wpt lat="46.397547" lon="-105.865876"><name>The Tongue River</name><desc>Sign text not yet published online by the state.

Source: Montana Department of Transportation (#276)</desc><type>History</type><sym>Flag, Blue</sym><cmt>MT-276</cmt></wpt>
<wpt lat="45.712205" lon="-111.064399"><name>Fur Trade</name><desc>Sign text not yet published online by the state.

Source: Montana Department of Transportation (#277)</desc><type>Lewis &amp; Clark</type><sym>Flag, Blue</sym><cmt>MT-277</cmt></wpt>
<wpt lat="45.735906" lon="-109.756644"><name>The Crazy Mountains</name><desc>Sign text not yet published online by the state.

Source: Montana Department of Transportation (#278)</desc><type>Native American</type><sym>Flag, Blue</sym><cmt>MT-278</cmt></wpt>
<wpt lat="46.218370" lon="-107.249421"><name>Hysham and Treasure County</name><desc>Sign text not yet published online by the state.

Source: Montana Department of Transportation (#279)</desc><type>History</type><sym>Flag, Blue</sym><cmt>MT-279</cmt></wpt>
<wpt lat="46.580912" lon="-113.199516"><name>Southern Flint Creek Valley</name><desc>Sign text not yet published online by the state.

Source: Montana Department of Transportation (#281)</desc><type>History</type><sym>Flag, Blue</sym><cmt>MT-281</cmt></wpt>
<wpt lat="45.421421" lon="-105.396555"><name>Southeastern Montana</name><desc>Sign text not yet published online by the state.

Source: Montana Department of Transportation (#282)</desc><type>History</type><sym>Flag, Blue</sym><cmt>MT-282</cmt></wpt>
<wpt lat="45.780361" lon="-108.000751"><name>Buffalo Country</name><desc>Sign text not yet published online by the state.

Source: Montana Department of Transportation (#283)</desc><type>Native American</type><sym>Flag, Blue</sym><cmt>MT-283</cmt></wpt>
<wpt lat="48.469720" lon="-107.549458"><name>Sleeping Buffalo Rock</name><desc>Sign text not yet published online by the state.

Source: Montana Department of Transportation (#284)</desc><type>History</type><sym>Flag, Blue</sym><cmt>MT-284</cmt></wpt>
<wpt lat="47.055792" lon="-109.452168"><name>The Judith Basin Country</name><desc>Sign text not yet published online by the state.

Source: Montana Department of Transportation (#285)</desc><type>History</type><sym>Flag, Blue</sym><cmt>MT-285</cmt></wpt>
<wpt lat="45.780360" lon="-108.000736"><name>The Highway Where the Country Greets the Stranger</name><desc>Sign text not yet published online by the state.

Source: Montana Department of Transportation (#287)</desc><type>History</type><sym>Flag, Blue</sym><cmt>MT-287</cmt></wpt>
<wpt lat="47.055123" lon="-109.459686"><name>The Nez Perce Conflict of 1877</name><desc>Sign text not yet published online by the state.

Source: Montana Department of Transportation (#288)</desc><type>Native American</type><sym>Flag, Blue</sym><cmt>MT-288</cmt></wpt>
<wpt lat="48.993325" lon="-111.960656"><name>The Sweet Grass Hills</name><desc>Sign text not yet published online by the state.

Source: Montana Department of Transportation (#289)</desc><type>Geology / natural history</type><sym>Flag, Blue</sym><cmt>MT-289</cmt></wpt>
<wpt lat="48.659477" lon="-112.759089"><name>Charting the Route</name><desc>Sign text not yet published online by the state.

Source: Montana Department of Transportation (#290)</desc><type>Lewis &amp; Clark</type><sym>Flag, Blue</sym><cmt>MT-290</cmt></wpt>
<wpt lat="46.406554" lon="-112.013314"><name>Elkhorn Mountain Volcanoes</name><desc>(south-bound) View/Download a PDF of the Road Sign The story of the Elkhorn Mountains Volcanics and the Boulder Batholith is the story of how molten magma or melted rock rising up through the crust of the earth just kept coming and coming and coming—from about 81 to about 74 million years ago. Magma that reached the surface created violent explosions, hurling chunks of rock, cinders, and volcanic ash into the air. At times it "rained" droplets of melted rock. Great clouds of volcanic ash were carried by the wind to the east and buried many animals. The dinosaur fossils in the Two Medicine Formation near Choteau owe their preservation to eruptions of the Elkhorn Mountains Volcanics. The volcanic field was enormous-about 100 miles in diameter and up to 3 miles thick. After the pile of volcanic rocks got so thick, magma stopped going all the way to the surface and just accumulated near the bottom of the pile. So much magma intruded at this level that it formed a body of granitic rock that now extends from Helena to Butte and is known as the Boulder Batholith. You are now in the middle of the Boulder Batholith and the Elkhorn Mountains Volcanics. The magma was generated because one of the tectonic plates under the Pacific Ocean was subducted under Western North America. Approximately 10,000 miles of the Farallon Plate moved under Montana. This is one of places where it was easy for magma to reach the surface. A Brief History: The magma contained many metals. As the granite formed cooling cracks, hot solutions squirted into the cracks to form veins with copper (near Butte) and gold (in this area). Millions of years later weathering of the granite allowed gold in the veins to wash down to the gravels in the valley floor. A gold dredge chewed through the gravels of Prickly Pear Creek beginning in 1938. Mounted on a barge floating on a 30-foot deep pond, the machinery consisted of a chain of buckets that dumped the gravel on a maze of screens and sluices inside the dredge. In its wake, the dredge left behind a "churned up" landscape. In some places scrub brush holding the gravel piles together is still the only vegetation. Although the dredge shut down permanently in the mid-1960's, it was not until the early 1970's that a South American mining company purchased it and moved it to Bolivia.

Source: Montana Department of Transportation (#291)</desc><type>Geology / natural history</type><sym>Flag, Blue</sym><cmt>MT-291</cmt></wpt>
<wpt lat="47.540734" lon="-114.606079"><name>The Giant Ripples of Camas Prairie</name><desc>Sign text not yet published online by the state.

Source: Montana Department of Transportation (#292)</desc><type>Geology / natural history</type><sym>Flag, Blue</sym><cmt>MT-292</cmt></wpt>
<wpt lat="45.498937" lon="-111.697048"><name>Bozeman Trail</name><desc>Sign text not yet published online by the state.

Source: Montana Department of Transportation (#293)</desc><type>History</type><sym>Flag, Blue</sym><cmt>MT-293</cmt></wpt>
<wpt lat="47.552516" lon="-111.569270"><name>The Sun River Leaving</name><desc>Sign text not yet published online by the state.

Source: Montana Department of Transportation (#294)</desc><type>History</type><sym>Flag, Blue</sym><cmt>MT-294</cmt></wpt>
<wpt lat="45.526555" lon="-107.417025"><name>Garryowen</name><desc>Sign text not yet published online by the state.

Source: Montana Department of Transportation (#295)</desc><type>History</type><sym>Flag, Blue</sym><cmt>MT-295</cmt></wpt>
<wpt lat="47.411099" lon="-105.591698"><name>Circle</name><desc>Sign text not yet published online by the state.

Source: Montana Department of Transportation (#296)</desc><type>History</type><sym>Flag, Blue</sym><cmt>MT-296</cmt></wpt>
<wpt lat="46.746173" lon="-114.172537"><name>Lewis and Clark on Lolo Creek</name><desc>Sign text not yet published online by the state.

Source: Montana Department of Transportation (#297)</desc><type>Lewis &amp; Clark</type><sym>Flag, Blue</sym><cmt>MT-297</cmt></wpt>
<wpt lat="47.796830" lon="-110.917942"><name>Twenty-Eight Mile Station</name><desc>Sign text not yet published online by the state.

Source: Montana Department of Transportation (#299)</desc><type>History</type><sym>Flag, Blue</sym><cmt>MT-299</cmt></wpt>
<wpt lat="45.853248" lon="-111.922045"><name>Lewis and Clark Expedition</name><desc>Sign text not yet published online by the state.

Source: Montana Department of Transportation (#300)</desc><type>History</type><sym>Flag, Blue</sym><cmt>MT-300</cmt></wpt>
<wpt lat="48.198454" lon="-112.506770"><name>The Front Range of the Rockies</name><desc>Sign text not yet published online by the state.

Source: Montana Department of Transportation (#301)</desc><type>History</type><sym>Flag, Blue</sym><cmt>MT-301</cmt></wpt>
<wpt lat="47.419764" lon="-115.625453"><name>A Lost World</name><desc>(west-bound) View/Download a PDF of the Road Sign Imagine a world very different than we know today. About 1.5 billion years ago during the Precambrian Era, the earth's environment was desolate, with no trees, fish, animals or birds. Shallow seas with extensive near-shore flats were fed by streams that deposited great amounts of sand and mud. Rain frequently fell and pooled in vast shallow lakes and ponds in what would one day become northwest Montana. Despite the hostile environment, blue-green algae mats often trapped fine particles of calcium carbonate to form structures called stromatolites, that grew in shallow nearshore environments. The surface of the rocks often display mud cracks, ripple marks, and, sometimes, the spatter marks of primeval raindrops. The earth's crust slowly sank for about 100 million years forming a large geologic basin in which Belt Supergroup sediments accumulated as much as 10 miles thick! The rocks are common in northern and central Idaho and western Montana, and extend east to the Little Belt Mountains in central Montana. The sedimentary rocks along Interstate 90 between Lookout Pass and Alberton are almost entirely rocks of the Belt Supergroup. These rocks are distinguished by brown, gray, red, green, purple, and yellow colors and locally form dramatic cliffs where resistant, well-cemented sandstones are exposed in the canyon. Interstate 90 from near Lookout Pass through Missoula is located along the Lewis and Clark Fault Zone, a series of faults that stretch between northwest Washington State and the Helena area. The faults had significant movement about 70 million years ago when the Rocky Mountains were uplifting and were active until at least 25 million years ago. Interstate 90 and US Highway 10 in western Montana follow the trend of the faults along straight canyons that eroded along the fault zone.

Source: Montana Department of Transportation (#302)</desc><type>Geology / natural history</type><sym>Flag, Blue</sym><cmt>MT-302</cmt></wpt>
<wpt lat="48.464868" lon="-112.780894"><name>Chief Mountain and Old North Trail</name><desc>Sign text not yet published online by the state.

Source: Montana Department of Transportation (#303)</desc><type>History</type><sym>Flag, Blue</sym><cmt>MT-303</cmt></wpt>
<wpt lat="48.472396" lon="-112.800747"><name>The Coldfeet School</name><desc>Sign text not yet published online by the state.

Source: Montana Department of Transportation (#304)</desc><type>History</type><sym>Flag, Blue</sym><cmt>MT-304</cmt></wpt>
<wpt lat="45.671071" lon="-111.230352"><name>Surrounded by Mountains</name><desc>The Gallatin Valley is one of the most picturesque and agriculturally productive valleys in Montana. From here, you can see four prominent Montana mountain ranges: the Bridger Range (east), Gallatin Range (south), Spanish Peaks (southwest), and the Big Belt Mountains (north). Each range has its own unique geology and topography. The high peaks of the Gallatin Range are carved from volcanic rocks and volcanic-derived mudflows that erupted during the Eocene, approximately 45 million years ago. The Spanish Peaks expose metamorphic rocks that date back to the Earth’s early history, over 3 billion years ago. Ancient metamorphic rocks are also exposed in the Tobacco Root Mountains, with the added bonus of a much younger granitic pluton exposed in the center of the range. The Elkhorn Mountains are composed of a thick succession of volcanic rocks that erupted about 75 million years ago, during a time when Montana was experiencing extensive mountain building – the birth of the Rocky Mountains. The uplift of the Rocky Mountains spanned tens of millions of years from the Cretaceous to the early Cenozoic and was driven by tectonic compressional forces along the western plate boundary of North America, affecting all of western North America from Alaska to Mexico. When mountain building ended around 50 million years ago, the landscape of southwest Montana did not look like the spectacular, snowcapped mountains we see today. Glaciers later carved the Rockies into the jagged peaks we see today. Over the last 50 million years, western Montana experienced several phases of regional extension and block-faulting, resulting in the creation of modern Basin-and-Range topography. The crest of the Bridger Range arch slowly down-dropped one earthquake at a time to form the modern Gallatin Valley. Thick layers of midand late Cenozoic sedimentary rocks and more recent stream deposits have been deposited in the Gallatin Valley, producing the fertile landscape that Native Americans called the "Valley of Flowers" – the Gallatin Valley.

Source: Montana Department of Transportation (#305)</desc><type>Geology / natural history</type><sym>Flag, Blue</sym><cmt>MT-305</cmt></wpt>
<wpt lat="47.860704" lon="-112.259728"><name>Blackfeet and Buffalo</name><desc>Sign text not yet published online by the state.

Source: Montana Department of Transportation (#306)</desc><type>Native American</type><sym>Flag, Blue</sym><cmt>MT-306</cmt></wpt>
<wpt lat="45.836846" lon="-112.685448"><name>Keep Watching the Skies!</name><desc>Sign text not yet published online by the state.

Source: Montana Department of Transportation (#308)</desc><type>History</type><sym>Flag, Blue</sym><cmt>MT-308</cmt></wpt>
<wpt lat="45.294967" lon="-110.834746"><name>Hepburn's Mesa</name><desc>The black-capped bluffs located on the east side of the Yellowstone River are called Hepburn's Mesa. The mesa is capped by a basalt lava flow that erupted from a small local volcanic vent that has long since eroded away. Geologically, the lava flow is very young, perhaps having erupted as recently as 2.2 million years ago. Large amounts of iron in the basalt make it dark colored. Some of the iron crystallized as the mineral magnetite, which as the name implies is magnetic, and in large concentrations can cause compasses to behave erratically. The basalt flow overlies unconsolidated gravels, which in turn overlie older light-colored fine-grained sedimentary rocks that were deposited in an ancient lake that once occupied this site. The sedimentary beds of Hepburn's Mesa contain abundant Miocene fossils, including ancient rodents, moles, and a proto-horse called Merychippus, the first equine to exhibit the distinctive head of today's horses. On top of Hepburn's Mesa, overlying the basalt is glacial till of Pleistocene age. The surface of these deposits is hummocky and is littered with abundant glacial erratic boulders. For generations, Native Americans drove bison off the mesa's cliffs to obtain food, hides, and other materials important to their way of life. A Brief History: Hepburn's Mesa is named for John Hepburn, a local rancher, rockhound and amateur paleontologist. He arrived in the Emigrant area in 1909 after working in Yellowstone National Park for many years. From 1935 until his death in 1959, he operated a museum next to Secondary Highway 540 that displayed many of the geologic specimens and fossils he had found in this area. The museum was a local landmark for many years. It still stands next to the old highway and is listed on the National Register of Historic Places.

Source: Montana Department of Transportation (#309)</desc><type>Geology / natural history</type><sym>Flag, Blue</sym><cmt>MT-309</cmt></wpt>
<wpt lat="45.498848" lon="-111.696603"><name>The Bozeman Trail</name><desc>Sign text not yet published online by the state.

Source: Montana Department of Transportation (#310)</desc><type>History</type><sym>Flag, Blue</sym><cmt>MT-310</cmt></wpt>
<wpt lat="45.158491" lon="-109.188995"><name>The Smith Mine Disaster</name><desc>Sign text not yet published online by the state.

Source: Montana Department of Transportation (#311)</desc><type>History</type><sym>Flag, Blue</sym><cmt>MT-311</cmt></wpt>
<wpt lat="46.435569" lon="-110.904688"><name>The Smith River Valley</name><desc>Sign text not yet published online by the state.

Source: Montana Department of Transportation (#312)</desc><type>History</type><sym>Flag, Blue</sym><cmt>MT-312</cmt></wpt>
<wpt lat="47.531194" lon="-111.203798"><name>“... Was Pleasingly Beautiful</name><desc>Sign text not yet published online by the state.

Source: Montana Department of Transportation (#313)</desc><type>Lewis &amp; Clark</type><sym>Flag, Blue</sym><cmt>MT-313</cmt></wpt>
<wpt lat="47.532190" lon="-111.206438"><name>All Aboard</name><desc>Sign text not yet published online by the state.

Source: Montana Department of Transportation (#314)</desc><type>Lewis &amp; Clark</type><sym>Flag, Blue</sym><cmt>MT-314</cmt></wpt>
<wpt lat="45.314078" lon="-111.980204"><name>Gold in Alder Gulch</name><desc>Sign text not yet published online by the state.

Source: Montana Department of Transportation (#315)</desc><type>Geology / natural history</type><sym>Flag, Blue</sym><cmt>MT-315</cmt></wpt>
<wpt lat="47.130769" lon="-111.901470"><name>American Hero Michael John Mackinnon</name><desc>Sign text not yet published online by the state.

Source: Montana Department of Transportation (#317)</desc><type>History</type><sym>Flag, Blue</sym><cmt>MT-317</cmt></wpt>
<wpt lat="45.734443" lon="-109.758160"><name>The Bozeman Trail</name><desc>Sign text not yet published online by the state.

Source: Montana Department of Transportation (#318)</desc><type>History</type><sym>Flag, Blue</sym><cmt>MT-318</cmt></wpt>
<wpt lat="48.556610" lon="-109.704631"><name>Havre</name><desc>Sign text not yet published online by the state.

Source: Montana Department of Transportation (#319)</desc><type>History</type><sym>Flag, Blue</sym><cmt>MT-319</cmt></wpt>
<wpt lat="46.989879" lon="-107.859716"><name>Bearpaw Shale and the Inland Ocean</name><desc>The black shale rocks seen in this area represent the muddy sediments deposited by the last ocean to exist in Montana. The shale, known by geologists as the Bearpaw Shale contains fossils of sea-going creatures that lived and died some 70 million years ago. Twenty foot long swimming reptiles like Mososaurus and Tylosaurus fed on fishes and ammonites, relatives of squids and octopi. The remains of the gigantic coiled ammonites called Placentaceras and the straight shelled ammonites called Baculites are often found in these shale deposits. This inland ocean extended north to south, from the Gulf of Mexico to the Arctic Ocean, and divided North America into two subcontinents. Dinosaurs roamed the lands, and alligators and turtles inhabited the streams and rivers. But, one of the largest animals to live in this area was a gigantic, forty foot long crocodile called Deinosuchus that lived in the coastal waters of the inland seaway. The first remains of this animal were found near here. In the early 1900s, geologists learned that geological structures called anticlines, a kind of large wrinkle in the rock strata, were good places to drill for oil. Geologists also realized that certain parts of anticlines were better than others, and that the good spots were beneath structures they called domes. Here at the Mosby rest area you are standing on a part of the Mosby Dome, of the Cat Creek Anticline.

Source: Montana Department of Transportation (#320)</desc><type>Geology / natural history</type><sym>Flag, Blue</sym><cmt>MT-320</cmt></wpt>
<wpt lat="48.362363" lon="-107.829841"><name>Cattle Brands</name><desc>Sign text not yet published online by the state.

Source: Montana Department of Transportation (#323)</desc><type>History</type><sym>Flag, Blue</sym><cmt>MT-323</cmt></wpt>
<wpt lat="45.991154" lon="-112.475180"><name>The Boulder Batholith and the Richest Hill on Eart</name><desc>The Boulder Batholith originated as part of the Elkhorn Mountains Volcanics. Molten magma rose up through the earth’s crust from 81 to about 74 million years ago. When it reached the surface, the magma created violent explosions that hurled chunks of rock, cinders, and volcanic ash into the air. The volcanic field was enormous–about 100 miles in diameter and up to 3 miles thick. After the pile of volcanic rocks got too thick, magma stopped going all the way to the surface and accumulated near the bottom of the pile. So much magma intruded at this level that when it cooled it formed a body of granitic rock, called a batholith. Granite similar to that exposed along Interstate Highway 15 north and east of Butte is the host rock for the ores mined at Butte. This granite formed by slow cooling of molten rock deep below the earth’s surface about 76 million years ago. Faults and fractures in the Butte area later cut the granite, forming pathways for hot water that carried metals in solution. As these solutions reacted with the enclosing granite they cooled and deposited quartz and metallic minerals to form veins. Some of these veins were of tremendous size: up to 50 feet wide and 4,500 long. The discovery of copper-rich veins together with the need for copper wire for electrical use from 1880 on stimulated both the development of many underground mines and the city of Butte. From a few dozen gold prospectors in 1864, Butte went to a reported population of 91,000 in 1917. The head frames of some of the former underground shaft mines can be seen piercing the skyline above the tan rock exposed on the sides of the Berkeley pit. Open-pit mining began there in 1955 and continued until mid-1982. Currently copper and molybdenum ore are mined in the Continental pit, which is hidden by the hills just west of the Interstate Highway.

Source: Montana Department of Transportation (#324)</desc><type>Geology / natural history</type><sym>Flag, Blue</sym><cmt>MT-324</cmt></wpt>
<wpt lat="46.874882" lon="-113.885401"><name>Twilight of an Era</name><desc>Sign text not yet published online by the state.

Source: Montana Department of Transportation (#325)</desc><type>History</type><sym>Flag, Blue</sym><cmt>MT-325</cmt></wpt>
<wpt lat="45.314107" lon="-111.980232"><name>Adobetown</name><desc>Sign text not yet published online by the state.

Source: Montana Department of Transportation (#326)</desc><type>History</type><sym>Flag, Blue</sym><cmt>MT-326</cmt></wpt>
<wpt lat="48.469734" lon="-107.549310"><name>Cree Crossing</name><desc>Sign text not yet published online by the state.

Source: Montana Department of Transportation (#327)</desc><type>History</type><sym>Flag, Blue</sym><cmt>MT-327</cmt></wpt>
<wpt lat="47.080989" lon="-110.824856"><name>The Ace in the Hole</name><desc>Sign text not yet published online by the state.

Source: Montana Department of Transportation (#328)</desc><type>History</type><sym>Flag, Blue</sym><cmt>MT-328</cmt></wpt>
<wpt lat="46.875003" lon="-113.885482"><name>Vital Passageway for People and Wildlife</name><desc>Sign text not yet published online by the state.

Source: Montana Department of Transportation (#329)</desc><type>OTHER</type><sym>Flag, Blue</sym><cmt>MT-329</cmt></wpt>
<wpt lat="47.207355" lon="-112.101608"><name>Dearborn Crossing</name><desc>Sign text not yet published online by the state.

Source: Montana Department of Transportation (#331)</desc><type>History</type><sym>Flag, Blue</sym><cmt>MT-331</cmt></wpt>
<wpt lat="45.278967" lon="-108.917971"><name>A Trail Woefully Hard to Travel: the Bridger Cut-</name><desc>Sign text not yet published online by the state.

Source: Montana Department of Transportation (#334)</desc><type>History</type><sym>Flag, Blue</sym><cmt>MT-334</cmt></wpt>
<wpt lat="45.291090" lon="-108.914261"><name>Jim Bridger, Mountain Man</name><desc>Sign text not yet published online by the state.

Source: Montana Department of Transportation (#336)</desc><type>History</type><sym>Flag, Blue</sym><cmt>MT-336</cmt></wpt>
<wpt lat="47.228475" lon="-110.447671"><name>Mining Plays Second Fiddle</name><desc>Sign text not yet published online by the state.

Source: Montana Department of Transportation (#337)</desc><type>History</type><sym>Flag, Blue</sym><cmt>MT-337</cmt></wpt>
<wpt lat="47.839537" lon="-110.685247"><name>Fort Benton</name><desc>Sign text not yet published online by the state.

Source: Montana Department of Transportation (#339)</desc><type>History</type><sym>Flag, Blue</sym><cmt>MT-339</cmt></wpt>
<wpt lat="47.081097" lon="-110.824958"><name>The Little Belt Mountains</name><desc>Sign text not yet published online by the state.

Source: Montana Department of Transportation (#340)</desc><type>Geology / natural history</type><sym>Flag, Blue</sym><cmt>MT-340</cmt></wpt>
<wpt lat="45.365831" lon="-112.473873"><name>Beaverhead Rock</name><desc>The prominent geological feature to the west is called Beaverhead Rock. On the afternoon of August 8, 1805, members of the Lewis and Clark Expedition pulled its canoes up the Beaverhead River toward the Continental Divide. They sighted what Clark later called a "remarkable Clift" to the southwest. Sacajawea recognized this large promontory and told the captains that her people called it "beaver’s head." Beaverhead Rock is composed principally of Madison Limestone. About 350 million years ago, a shallow sea covered much of Montana. Billions of tiny marine creatures thrived in the water and when they died their bodies settled into the muck on the sea bed. After about 10 million years of accumulation and many more millions of years of compaction this muck became the pale gray rocks that are known today as Madison Limestone. The limestone is common throughout Montana, eastern Idaho, northern Wyoming, and in the Dakotas. In Montana, the limestone beds range from 1,000 to 2,000 feet thick. Because in Montana’s dry climate Madison Limestone resists weathering and erosion much better than most other kinds of rocks, it forms many of the spectacular cliffs and ridges that make Montana so scenic. Beaverhead Rock served as an important landmark not only for Lewis and Clark, but also for the trappers, miners, and traders who followed them into this area. It was known to many of them as Point of Rocks. In 1863, a man named Goetschius built a stage station on the "well-traveled, deep rutted road" between Bannack and Alder Gulch near here. It was part of the Montana-Utah Road, but was also known as Road Agents Trail because of all the robberies that occurred along it during the 1860s. In addition to changing tired horses for fresh animals for the stagecoaches, the station also served meals and provided a place to sleep for stagecoach travelers.

Source: Montana Department of Transportation (#342)</desc><type>Geology / natural history</type><sym>Flag, Blue</sym><cmt>MT-342</cmt></wpt>
<wpt lat="45.810507" lon="-112.168685"><name>A New World: Tertiary Mammals</name><desc>Between the time dinosaurs went extinct 65 million years ago, and the beginning of the Ice Age, some 2 million years ago, is a time called the Age of Mammals. During this period of time the western third of Montana experienced a variety of geological activities, some of which raised mountains and lowered valleys. The valleys became the homes of a wide variety of interesting and bizarre animals. Many of these have since gone extinct or today live in much warmer climates. During the early part of this time period, about 35 million years ago, Montana was home to animals like the double-horned rhinoceros-like brontotheres, and primitive little three-toed horses, camels, and deer. In the later part of the time period, 20 million years ago, the valleys hosted bizarre-looking ancestors of our modern elephants, camels, deer, and pigs. These included elephants with shovel-like tusks, deer-like animals with forked horns over their noses, and pigs the size of hippos. Montana was lush and subtropical. The extinction of these groups of animals would coincide with the coming of the Ice Age, and the arrival of humans less than 50,000 years ago.

Source: Montana Department of Transportation (#343)</desc><type>History</type><sym>Flag, Blue</sym><cmt>MT-343</cmt></wpt>
<wpt lat="46.045658" lon="-104.458287"><name>A Fantastically Beautiful Place: the Medicine Rock</name><desc>Sign text not yet published online by the state.

Source: Montana Department of Transportation (#345)</desc><type>Geology / natural history</type><sym>Flag, Blue</sym><cmt>MT-345</cmt></wpt>
<wpt lat="46.217904" lon="-107.249670"><name>Jedediah Smith</name><desc>Sign text not yet published online by the state.

Source: Montana Department of Transportation (#347)</desc><type>History</type><sym>Flag, Blue</sym><cmt>MT-347</cmt></wpt>
<wpt lat="47.680277" lon="-110.344880"><name>Square Butte and the Shonkin Sag</name><desc>Between the communities of Square Butte and Geraldine, two prominent geologic features dominate the skyline. About 50 million years ago, the Highwood Mountains had a sizeable volcano that erupted a rare rock called shonkinite, a dark rock similar to basalt. About 75 million years ago, magma injected eastward between layers of sandstone laid down along the shores of a broad inland sea extending to the southeast. Locally, that magma bulged up to form a huge blister or "laccolith" that solidified to form the immense flat-topped Square Butte to the south. The vertical cracks that fed magma to the laccolith radiated out from the center of the volcano and are called dikes. Square Butte is one of many laccoliths scattered from the Adel Mountain Volcanics south of Great Falls to the Bears Paw Mountains near Havre. During the Bull Lake Ice Age between 70,000 and 130,000 years ago, the continental ice sheet spreading south from Canada blocked the Missouri River, backing up its water to form Glacial Lake Great Falls. The glacial meltwater poured eastward through the Highwoods to erode Shonkin Sag, the large valley extending west, north of Square Butte. Shonkin Sag is one of the most famous abandoned meltwater channels in the world. (photo credit: Tim Urbaniak)

Source: Montana Department of Transportation (#348)</desc><type>Geology / natural history</type><sym>Flag, Blue</sym><cmt>MT-348</cmt></wpt>
<wpt lat="47.325165" lon="-106.171362"><name>Join the Voyage of Discovery</name><desc>Sign text not yet published online by the state.

Source: Montana Department of Transportation (#349)</desc><type>Lewis &amp; Clark</type><sym>Flag, Blue</sym><cmt>MT-349</cmt></wpt>
<wpt lat="45.830854" lon="-109.963442"><name>The Bonanza or Bozeman Trail</name><desc>Sign text not yet published online by the state.

Source: Montana Department of Transportation (#350)</desc><type>History</type><sym>Flag, Blue</sym><cmt>MT-350</cmt></wpt>
<wpt lat="48.034213" lon="-108.533431"><name>The Little Rocky Mountains</name><desc>The Little Rocky Mountains are an island on the northern Great Plains of Montana. About 50 million years ago, a fifteen-mile-wide igneous dome pushed its way up through 1700 million-year-old Precambrian basement rocks to form this spectacular mountain range. The mountains are a composite of Precambrian metamorphic rocks, Paleozoic limestone and dolomite, Mesozoic sandstone and shale, and Tertiary intrusive rocks. The loftiest portion of the range is girdled by a steeply dipping wall of Madison Limestone that makes the interior part of the range appear as a fortress. The Little Rockies also contain igneous dikes and sills that contribute to the rugged appearance of these mountains. In 1884, prospectors found placer gold in many of the stream beds in the southern part of the range. The placers soon played out, and underground mining began. Hundreds of miners, most of whom lived in Landusky and Zortman, worked in mines that reached more than 600 feet deep to extract the gold and silver.

Source: Montana Department of Transportation (#351)</desc><type>Geology / natural history</type><sym>Flag, Blue</sym><cmt>MT-351</cmt></wpt>
<wpt lat="45.881532" lon="-106.628940"><name>The Powder River Basin and Tongue River Sandstone</name><desc>Colstrip is located in the northern end of the Powder River Basin, an enormous shallow bowl in southeastern Montana and northern Wyoming that was formed when the Rocky Mountains and Black Hills began uplifting during the late Cretaceous Period. The basin contains sediments of the Fort Union Formation which were deposited after the dinosaur extinction about 60 million years ago. Rivers originating in mountain uplifts to the west and south carried abundant sediment to a shallow inland sea, crossing the subtropical, swampy coastal plain of eastern Montana on their way. As the rivers shifted, the swamp vegetation and peat were covered with thick deposits of sand, silt, and clay. In time, the vegetation and peat compacted to form coal. The sand, silt, and clay cemented and compacted into sandstone, siltstone, and mudstone. Eastern Montana has an estimated 200 billion tons of coal that developed from the vegetation of these swamps. The scattered red rock hills you see in the area in the Fort Union Formation are clinker. Clinker forms when lightning strikes, wildfires, or spontaneous combustion cause the coal to ignite and burn. The fires might burn for centuries. The intense heat of the burning coal bakes the adjacent sedimentary layers transforming rock into the hard, red clinker. The rocky outcrops that you see bordering rivers and along the sides of hills are sandstones of the Tongue River Member, which comprises the uppermost level and youngest beds of the Fort Union Formation. Most of the Powder River Basin coals are found interbedded with these sandstones. There are around thirty-two coal seams in the thick Tongue River Member with a combined thickness of more than 300 feet. The coal seams are mined where they are thick and close to the surface. The sub-bituminous coal in this area is low in sulfur content and is suitable for steam-electric generating plants. The Northern Pacific Railway began strip mining coal in this area in 1924 to fuel its steam locomotives.

Source: Montana Department of Transportation (#352)</desc><type>Geology / natural history</type><sym>Flag, Blue</sym><cmt>MT-352</cmt></wpt>
<wpt lat="46.261299" lon="-106.279435"><name>Rosebud</name><desc>Sign text not yet published online by the state.

Source: Montana Department of Transportation (#353)</desc><type>History</type><sym>Flag, Blue</sym><cmt>MT-353</cmt></wpt>
<wpt lat="47.972209" lon="-110.498913"><name>A Montana Crossroads</name><desc>Sign text not yet published online by the state.

Source: Montana Department of Transportation (#354)</desc><type>History</type><sym>Flag, Blue</sym><cmt>MT-354</cmt></wpt>
<wpt lat="45.263699" lon="-111.253790"><name>Lone Mountain</name><desc>Geologic processes have created a winter wonderland for skiers and snow boarders on Lone Mountain, the prominent peak that rises above Big Sky. Some geologists think that if the mountain was cut in half, there would be a Christmas tree pattern of igneous rock within layers of sandstone and shale. Magma from deep in the earth rose up along a vertical crack, then spread out laterally between the layers of sedimentary rock. The magma never erupted as a volcano, but crystallized into an igneous rock called dacite before it reached the surface of the earth. The "trunk and branches of the tree" are dacite. The igneous rock and adjacent baked sedimentary rocks are much more resistant to erosion than softer sedimentary rock, which has eroded away to leave the mountain standing tall. Glaciers, landslides, and rock fall have greatly modified Lone Mountain, sculpting bowl-shaped cirques high on Lone Mountain. The cirques contain rock glaciers, which are piles of rock with year-round ice in their cores. Like ice glaciers, they slowly creep down the mountain slopes. The rugged mountains to the northwest of Big Sky are the Spanish Peaks, composed of metamorphic rock that is billions of years older than the igneous and sedimentary rocks on Lone Mountain. These extremely old rocks were brought up from the depths along an enormous fault zone that extends from the Tobacco Root Mountains to the town of Gardiner north of Yellowstone Park. A Brief History: The mountains provided a spectacular backdrop for visitors to one of the Gallatin Canyon's many dude ranches. The ranches offered visitors adventure and a taste of the Old West. They rode horses, hiked mountain trails, fished the area's trout streams, and reveled in the solitude of the mountains. The ranches were immensely popular before World War II, but their popularity diminished in the 1950s until now only a few remain.

Source: Montana Department of Transportation (#355)</desc><type>Geology / natural history</type><sym>Flag, Blue</sym><cmt>MT-355</cmt></wpt>
<wpt lat="45.473781" lon="-109.448807"><name>Old Crow Agency</name><desc>Sign text not yet published online by the state.

Source: Montana Department of Transportation (#357)</desc><type>History</type><sym>Flag, Blue</sym><cmt>MT-357</cmt></wpt>
<wpt lat="48.000692" lon="-106.480174"><name>Old Fort Peck</name><desc>Sign text not yet published online by the state.

Source: Montana Department of Transportation (#358)</desc><type>History</type><sym>Flag, Blue</sym><cmt>MT-358</cmt></wpt>
<wpt lat="47.335578" lon="-112.077007"><name>Bird Tail Rock</name><desc>Sign text not yet published online by the state.

Source: Montana Department of Transportation (#359)</desc><type>History</type><sym>Flag, Blue</sym><cmt>MT-359</cmt></wpt>
<wpt lat="46.746314" lon="-114.172530"><name>Regulars &amp; Volunteers</name><desc>Sign text not yet published online by the state.

Source: Montana Department of Transportation (#360)</desc><type>History</type><sym>Flag, Blue</sym><cmt>MT-360</cmt></wpt>
<wpt lat="46.436534" lon="-108.564336"><name>Missing - No Sign</name><desc>Sign text not yet published online by the state.

Source: Montana Department of Transportation (#362)</desc><type>History</type><sym>Flag, Blue</sym><cmt>MT-362</cmt></wpt>
<wpt lat="47.055124" lon="-109.459448"><name>Lewistown Army Airfield</name><desc>Sign text not yet published online by the state.

Source: Montana Department of Transportation (#363)</desc><type>History</type><sym>Flag, Blue</sym><cmt>MT-363</cmt></wpt>
<wpt lat="47.005842" lon="-113.360223"><name>Big Blackfoot Railroad</name><desc>Sign text not yet published online by the state.

Source: Montana Department of Transportation (#365)</desc><type>History</type><sym>Flag, Blue</sym><cmt>MT-365</cmt></wpt>
<wpt lat="46.990224" lon="-104.179149"><name>Pierre Wibaux</name><desc>Sign text not yet published online by the state.

Source: Montana Department of Transportation (#366)</desc><type>History</type><sym>Flag, Blue</sym><cmt>MT-366</cmt></wpt>
<wpt lat="46.210959" lon="-112.090574"><name>The Boulder River Bridge</name><desc>Sign text not yet published online by the state.

Source: Montana Department of Transportation (#367)</desc><type>History</type><sym>Flag, Blue</sym><cmt>MT-367</cmt></wpt>
<wpt lat="48.482071" lon="-108.757450"><name>Fort Belknap Reservation</name><desc>Sign text not yet published online by the state.

Source: Montana Department of Transportation (#368)</desc><type>History</type><sym>Flag, Blue</sym><cmt>MT-368</cmt></wpt>
<wpt lat="47.070198" lon="-109.382376"><name>Lewistown</name><desc>Sign text not yet published online by the state.

Source: Montana Department of Transportation (#369)</desc><type>History</type><sym>Flag, Blue</sym><cmt>MT-369</cmt></wpt>
<wpt lat="48.280981" lon="-106.703759"><name>Buffalo Country</name><desc>Sign text not yet published online by the state.

Source: Montana Department of Transportation (#372)</desc><type>History</type><sym>Flag, Blue</sym><cmt>MT-372</cmt></wpt>
<wpt lat="45.600376" lon="-109.065944"><name>The Bozeman Trail</name><desc>Sign text not yet published online by the state.

Source: Montana Department of Transportation (#373)</desc><type>History</type><sym>Flag, Blue</sym><cmt>MT-373</cmt></wpt>
<wpt lat="46.261288" lon="-106.279210"><name>The Miles City Air Force Station</name><desc>Sign text not yet published online by the state.

Source: Montana Department of Transportation (#374)</desc><type>History</type><sym>Flag, Blue</sym><cmt>MT-374</cmt></wpt>
<wpt lat="47.075990" lon="-114.767210"><name>A Wonderful Piece of Engineering: the Big Side Cut</name><desc>Sign text not yet published online by the state.

Source: Montana Department of Transportation (#375)</desc><type>History</type><sym>Flag, Blue</sym><cmt>MT-375</cmt></wpt>
<wpt lat="45.600703" lon="-109.065559"><name>The Great Inland Seaway</name><desc>(west-bound) View/Download a PDF of the Road Sign For over sixty million years during the Cretaceous Period, much of eastern Montana was underwater, covered by an vast inland sea. As the Rocky Mountains formed to the west, it created a broad, flat coastal plain that was home to many different species of dinosaurs. Indeed, the long life of the sea saw the rise and extinction of many dinosaur species until it finally receded from Montana about 65 million years ago at the end of the Cretaceous Period. The sediments deposited underwater or along the sea's coast formed the spectacular sandstone rimrocks in the Yellowstone River valley between Columbus and Billings. The sea was shallow and warm, probably no more than a few hundred feet deep. But it was home to a wide variety of aquatic life. Oysters lived in dense banks along the shore, while tentacled ammonites fed on monster clams that lived in the shallow water offshore; sharks also cruised the shallows preying on whatever animals appeared tasty to them. For several million years, two predators, synonymous with prehistoric sea creatures, were at the top of the food chain in the sea: the long-necked Plesiosaurs and the snakelike Mosasaurs. Neither animals were dinosaurs, but were air-breathing reptiles who had adapted to living in the oceans. Both were carnivores that ate just about anything they could seize and swallow. Fossils of Plesiosaurs and Mosasaurs have been found throughout eastern Montana. A Brief History: For centuries, the sandstone rimrocks along the Yellowstone River guided travelers between the mountains and the buffalo country to the east. In 1912, regional Good Roads enthusiasts and county officials created one of the first interstate highways in the United States, the Yellowstone Trail, an interconnected network of county roads blazed by distinctive chrome yellow signs with black arrows. The 4,000-mile highway connected Plymouth Rock, Massachusetts and Seattle, Washington with a branch to Yellowstone National Park. Later re-designated U.S. Highway 10, Interstate 90 bypassed it in 1971.

Source: Montana Department of Transportation (#376)</desc><type>Geology / natural history</type><sym>Flag, Blue</sym><cmt>MT-376</cmt></wpt>
<wpt lat="48.317637" lon="-113.353086"><name>The Lewis Overthrust Fault and Marias Pass</name><desc>Although Marias Pass was well-known to Montana's Indians, it was a recent discovery by non-Indians. The Salish, Kootenai, and Blackfeet frequently crossed the pass to hunt buffalo and raid their neighbors. By the 1830s, the area had become so associated with the Blackfeet, that few non-Indians dared search for the pass. Isaac Stevens' railroad survey attempted to "discover" the pass in 1854, but failed to find it. In 1889, the Great Northern Railway sent engineer John F. Stevens to locate the pass. Stevens plowed through four feet of snow in subzero weather in search of the 5,214-foot pass, finding it on December 10, 1889. The Great Northern built its line over Marias Pass in 1891. It was not until 1930 that a highway was constructed over it. Before then, motorists on U.S. Highway 2 had to load their automobiles onto railroad cars at East or West Glacier to ship them around the southern boundary of Glacier National Park on the Great Northern. The railroad dedicated the statue of John F. Stevens in 1925. The federal Bureau of Public Roads installed the stone obelisk in 1930 after it completed the highway.

Source: Montana Department of Transportation (#377)</desc><type>Geology / natural history</type><sym>Flag, Blue</sym><cmt>MT-377</cmt></wpt>
<wpt lat="47.642084" lon="-105.064416"><name>Richey</name><desc>Sign text not yet published online by the state.

Source: Montana Department of Transportation (#379)</desc><type>History</type><sym>Flag, Blue</sym><cmt>MT-379</cmt></wpt>
<wpt lat="47.020016" lon="-112.010058"><name>The Mann Gulch Fire</name><desc>Sign text not yet published online by the state.

Source: Montana Department of Transportation (#380)</desc><type>History</type><sym>Flag, Blue</sym><cmt>MT-380</cmt></wpt>
<wpt lat="48.092808" lon="-105.644258"><name>Wolf Point</name><desc>Sign text not yet published online by the state.

Source: Montana Department of Transportation (#381)</desc><type>History</type><sym>Flag, Blue</sym><cmt>MT-381</cmt></wpt>
<wpt lat="45.158514" lon="-109.189120"><name>Black Gold</name><desc>About sixty million years ago, this area was part of a vast subtropical coastal plain with major rivers flowing eastward into an inland seaway. Between these major river systems great thicknesses of plant material accumulated that was converted to peat and eventually buried under sand, mud, and other sediments. Over millions of years, the increased pressure and temperature from burial compressed and baked the peat into medium grade sub-bituminous coal. Between about 70 to 55 million years ago, tectonic forces caused dramatic deformation of the region and culminated in the formation of mountain ranges like the Beartooth, Pryor, and Big Horn Mountains. This deformation tilted the sedimentary layers and associated coal seams in this area downward to the east. The coal in the Bear Creek field is part of the immense Fort Union Formation, which is estimated to contain over 200 billion tons of coal in eastern and central Montana. A Brief History: "Yankee Jim" George discovered the Bear Creek coal field in 1866, but it would not be commercially mined for another forty years with the arrival of the Yellowstone Park Railway. Five companies operated coal mines in this narrow valley by 1910. Two towns, Bearcreek and Washoe, provided living quarters and services to the multi-ethnic miners and their families. The field contains about a dozen workable coal beds, with some seams as thick as 11 feet. Underground coal mining peaked in the early 1920s, when Bear Creek coal powered railroad locomotives, fueled the Anaconda Copper Company's smelter in Anaconda, and heated homes throughout Montana. Production gradually diminished as the railroads converted to diesel-powered locomotives and private homes began using natural gas. Commercial coal mining in the Bear Creek field ended in 1953 when the Smith Mine closed. Small privately operated companies provided coal to area residents for years afterwards.

Source: Montana Department of Transportation (#382)</desc><type>Geology / natural history</type><sym>Flag, Blue</sym><cmt>MT-382</cmt></wpt>
<wpt lat="47.419403" lon="-115.628878"><name>A Wonderful Piece of Engineering: the Mullan Road</name><desc>Sign text not yet published online by the state.

Source: Montana Department of Transportation (#383)</desc><type>History</type><sym>Flag, Blue</sym><cmt>MT-383</cmt></wpt>
<wpt lat="45.666912" lon="-110.805850"><name>Bozeman Pass</name><desc>Sign text not yet published online by the state.

Source: Montana Department of Transportation (#384)</desc><type>History</type><sym>Flag, Blue</sym><cmt>MT-384</cmt></wpt>
<wpt lat="47.143059" lon="-114.049145"><name>The Salish and Pend D'oreille People and the Jocko</name><desc>Sign text not yet published online by the state.

Source: Montana Department of Transportation (#385)</desc><type>History</type><sym>Flag, Blue</sym><cmt>MT-385</cmt></wpt>
<wpt lat="46.218052" lon="-107.249738"><name>"The Yellowstone" by Wallace Mcrae</name><desc>Sign text not yet published online by the state.

Source: Montana Department of Transportation (#386)</desc><type>History</type><sym>Flag, Blue</sym><cmt>MT-386</cmt></wpt>
<wpt lat="47.928921" lon="-110.513849"><name>Marias River</name><desc>Sign text not yet published online by the state.

Source: Montana Department of Transportation (#387)</desc><type>History</type><sym>Flag, Blue</sym><cmt>MT-387</cmt></wpt>
<wpt lat="45.443355" lon="-105.413593"><name>Southeastern Montana</name><desc>Sign text not yet published online by the state.

Source: Montana Department of Transportation (#388)</desc><type>History</type><sym>Flag, Blue</sym><cmt>MT-388</cmt></wpt>
<wpt lat="46.754471" lon="-114.225546"><name>The Nez Perce Sikum</name><desc>Sign text not yet published online by the state.

Source: Montana Department of Transportation (#389)</desc><type>Lewis &amp; Clark</type><sym>Flag, Blue</sym><cmt>MT-389</cmt></wpt>
<wpt lat="45.915709" lon="-112.377082"><name>Homestake Pass</name><desc>Sign text not yet published online by the state.

Source: Montana Department of Transportation (#390)</desc><type>Geology / natural history</type><sym>Flag, Blue</sym><cmt>MT-390</cmt></wpt>
<wpt lat="45.668575" lon="-110.975400"><name>The Bozeman Trail</name><desc>Sign text not yet published online by the state.

Source: Montana Department of Transportation (#391)</desc><type>History</type><sym>Flag, Blue</sym><cmt>MT-391</cmt></wpt>
<wpt lat="44.827919" lon="-111.467837"><name>Reyonalds Pass</name><desc>Sign text not yet published online by the state.

Source: Montana Department of Transportation (#392)</desc><type>History</type><sym>Flag, Blue</sym><cmt>MT-392</cmt></wpt>
<wpt lat="47.519640" lon="-111.257426"><name>Black Eagle</name><desc>Sign text not yet published online by the state.

Source: Montana Department of Transportation (#393)</desc><type>History</type><sym>Flag, Blue</sym><cmt>MT-393</cmt></wpt>
<wpt lat="47.494062" lon="-111.222467"><name>Lewis &amp; Clark Portage Route</name><desc>Sign text not yet published online by the state.

Source: Montana Department of Transportation (#394)</desc><type>Lewis &amp; Clark</type><sym>Flag, Blue</sym><cmt>MT-394</cmt></wpt>
<wpt lat="47.494049" lon="-111.222460"><name>Malmstorm Air Force Base</name><desc>Sign text not yet published online by the state.

Source: Montana Department of Transportation (#395)</desc><type>History</type><sym>Flag, Blue</sym><cmt>MT-395</cmt></wpt>
<wpt lat="47.439875" lon="-111.146999"><name>Coal Mines and Railroads</name><desc>Sign text not yet published online by the state.

Source: Montana Department of Transportation (#396)</desc><type>History</type><sym>Flag, Blue</sym><cmt>MT-396</cmt></wpt>
<wpt lat="47.924990" lon="-111.730807"><name>In the Event of an Attack:</name><desc>Sign text not yet published online by the state.

Source: Montana Department of Transportation (#397)</desc><type>History</type><sym>Flag, Blue</sym><cmt>MT-397</cmt></wpt>
<wpt lat="47.924964" lon="-111.730700"><name>The Whoop Up Trail</name><desc>Sign text not yet published online by the state.

Source: Montana Department of Transportation (#398)</desc><type>History</type><sym>Flag, Blue</sym><cmt>MT-398</cmt></wpt>
<wpt lat="47.924743" lon="-111.735161"><name>The Whoop Up Trail</name><desc>Sign text not yet published online by the state.

Source: Montana Department of Transportation (#399)</desc><type>History</type><sym>Flag, Blue</sym><cmt>MT-399</cmt></wpt>
<wpt lat="47.924784" lon="-111.735130"><name>In the Event of an Attack:</name><desc>Sign text not yet published online by the state.

Source: Montana Department of Transportation (#400)</desc><type>History</type><sym>Flag, Blue</sym><cmt>MT-400</cmt></wpt>
<wpt lat="47.537583" lon="-111.714090"><name>Sun River Crossing</name><desc>Sign text not yet published online by the state.

Source: Montana Department of Transportation (#801)</desc><type>History</type><sym>Flag, Blue</sym><cmt>MT-801</cmt></wpt>
<wpt lat="47.500181" lon="-111.818970"><name>Fort Shaw</name><desc>Sign text not yet published online by the state.

Source: Montana Department of Transportation (#802)</desc><type>History</type><sym>Flag, Blue</sym><cmt>MT-802</cmt></wpt>
<wpt lat="47.510579" lon="-112.365502"><name>Augusta and Gilman</name><desc>Sign text not yet published online by the state.

Source: Montana Department of Transportation (#803)</desc><type>History</type><sym>Flag, Blue</sym><cmt>MT-803</cmt></wpt>
<wpt lat="47.715557" lon="-112.225835"><name>Egg Mountain</name><desc>In 1978, rock-shop owner Marion Brandvold found a group of small bones that paleontologists Jack Horner and Bob Makela later identified as baby bones belonging to a new species of duck-billed dinosaur. Horner and Makela named this new species Maiasaura peeblesorum, the good mother reptile. The site where the Maiasaura bones were found was named Egg Mountain, and has since yielded the largest cache of dinosaur eggs, embryos, and baby skeletons found in the Western Hemisphere. The site has also yielded one of the largest concentrations of adult dinosaur skeletons found in the world. Paleontologists have interpreted this accumulation as a gigantic herd of Maiasaura that died in a catastrophic event, possibly resulting from a volcanic eruption or a hurricane. Besides Maiasaura, a little meat-eating dinosaur named Troodon also nested at the Egg Mountain site. Its eggs indicate that they were brooded similar to birds, by direct contact of the parent. About 76 million years ago, when Maiasaura and Troodon lived in this area, the Rocky Mountains were just beginning to form to the west, and a shallow ocean existed 300 miles to the east. The dinosaurs nested near lakes and streams on a fern covered coastal plain. Maiasaura is Montana's state fossil.

Source: Montana Department of Transportation (#804)</desc><type>Geology / natural history</type><sym>Flag, Blue</sym><cmt>MT-804</cmt></wpt>
<wpt lat="47.956471" lon="-114.034069"><name>A Permanent and Substantial Road</name><desc>Sign text not yet published online by the state.

Source: Montana Department of Transportation (#805)</desc><type>History</type><sym>Flag, Blue</sym><cmt>MT-805</cmt></wpt>
<wpt lat="47.671510" lon="-114.105898"><name>Us 93 North Wildlife Crossing Structures and Fenci</name><desc>Sign text not yet published online by the state.

Source: Montana Department of Transportation (#806)</desc><type>OTHER</type><sym>Flag, Blue</sym><cmt>MT-806</cmt></wpt>
<wpt lat="47.671514" lon="-114.105881"><name>Us93 N Wildlife Crossing Structures and Fencing</name><desc>Sign text not yet published online by the state.

Source: Montana Department of Transportation (#807)</desc><type>OTHER</type><sym>Flag, Blue</sym><cmt>MT-807</cmt></wpt>
<wpt lat="47.671537" lon="-114.105853"><name>The Beavers Dam</name><desc>Sign text not yet published online by the state.

Source: Montana Department of Transportation (#808)</desc><type>Geology / natural history</type><sym>Flag, Blue</sym><cmt>MT-808</cmt></wpt>
<wpt lat="47.525484" lon="-115.003828"><name>Flathead House</name><desc>Sign text not yet published online by the state.

Source: Montana Department of Transportation (#809)</desc><type>History</type><sym>Flag, Blue</sym><cmt>MT-809</cmt></wpt>
<wpt lat="47.591264" lon="-115.325126"><name>Saleesh House</name><desc>Sign text not yet published online by the state.

Source: Montana Department of Transportation (#813)</desc><type>History</type><sym>Flag, Blue</sym><cmt>MT-813</cmt></wpt>
<wpt lat="48.866143" lon="-115.028647"><name>Tobacco Plains</name><desc>Sign text not yet published online by the state.

Source: Montana Department of Transportation (#814)</desc><type>History</type><sym>Flag, Blue</sym><cmt>MT-814</cmt></wpt>
<wpt lat="45.435550" lon="-109.808236"><name>The Beartooth Plateau and Stillwater Complex</name><desc>Sign text not yet published online by the state.

Source: Montana Department of Transportation (#815)</desc><type>Geology / natural history</type><sym>Flag, Blue</sym><cmt>MT-815</cmt></wpt>
</gpx>