id,state,title,topic,status,text_status,text,route,milepost,county,source_agency,source_url,lat,lon
MT-1,MT,Marysville Montana,History,fair,pending,,,,,Montana Department of Transportation,https://gis.mtmdt.us/server/rest/services/MDTGIS/Historical_Highway_Marker/MapServer/0,46.748368,-112.299758
MT-2,MT,"Park City, Ho! for the States!",History,excellent,pending,,,,,Montana Department of Transportation,https://gis.mtmdt.us/server/rest/services/MDTGIS/Historical_Highway_Marker/MapServer/0,45.598088,-109.065075
MT-3,MT,"Garnets, Vigilantes and Gold Dredges",History,good,pending,,,,,Montana Department of Transportation,https://gis.mtmdt.us/server/rest/services/MDTGIS/Historical_Highway_Marker/MapServer/0,45.319997,-112.076496
MT-4,MT,Buffalo Country,History,excellent,pending,,,,,Montana Department of Transportation,https://gis.mtmdt.us/server/rest/services/MDTGIS/Historical_Highway_Marker/MapServer/0,46.089857,-107.660028
MT-5,MT,The Divide Trophy,OTHER,fair,pending,,,,,Montana Department of Transportation,https://gis.mtmdt.us/server/rest/services/MDTGIS/Historical_Highway_Marker/MapServer/0,45.914617,-112.377208
MT-6,MT,Beebe,History,excellent,pending,,,,,Montana Department of Transportation,https://gis.mtmdt.us/server/rest/services/MDTGIS/Historical_Highway_Marker/MapServer/0,46.055871,-105.571211
MT-7,MT,Nevada City,History,good,pending,,,,,Montana Department of Transportation,https://gis.mtmdt.us/server/rest/services/MDTGIS/Historical_Highway_Marker/MapServer/0,45.307448,-111.968634
MT-9,MT,Old Agency 1880 - 1894,History,good,pending,,,,,Montana Department of Transportation,https://gis.mtmdt.us/server/rest/services/MDTGIS/Historical_Highway_Marker/MapServer/0,48.433446,-112.703153
MT-10,MT,The Great Highway of the Northwest: the Yell Tr,History,good,pending,,,,,Montana Department of Transportation,https://gis.mtmdt.us/server/rest/services/MDTGIS/Historical_Highway_Marker/MapServer/0,46.089837,-107.660074
MT-11,MT,A Booming Little Place,History,excellent,pending,,,,,Montana Department of Transportation,https://gis.mtmdt.us/server/rest/services/MDTGIS/Historical_Highway_Marker/MapServer/0,46.748387,-112.299751
MT-12,MT,Jedediah Smith,History,excellent,pending,,,,,Montana Department of Transportation,https://gis.mtmdt.us/server/rest/services/MDTGIS/Historical_Highway_Marker/MapServer/0,46.218426,-107.249405
MT-14,MT,The Spring Creek Battle,History,,pending,,,,,Montana Department of Transportation,https://gis.mtmdt.us/server/rest/services/MDTGIS/Historical_Highway_Marker/MapServer/0,46.898601,-105.019434
MT-15,MT,Fort Connah,History,excellent,pending,,,,,Montana Department of Transportation,https://gis.mtmdt.us/server/rest/services/MDTGIS/Historical_Highway_Marker/MapServer/0,47.409129,-114.096661
MT-16,MT,Bozeman Pass,History,excellent,pending,,,,,Montana Department of Transportation,https://gis.mtmdt.us/server/rest/services/MDTGIS/Historical_Highway_Marker/MapServer/0,45.667769,-110.807379
MT-18,MT,Fort Ellis,Lewis & Clark,poor,pending,,,,,Montana Department of Transportation,https://gis.mtmdt.us/server/rest/services/MDTGIS/Historical_Highway_Marker/MapServer/0,45.712365,-111.064194
MT-19,MT,The Hell Creek Formation,Geology / natural history,fair,official,"(west-bound) View/Download a PDF of the Road Sign Dinosaurs once ruled the Earth. Fossils of fierce Tyrannosaurus rex, three-horned Triceratops and many other dinosaur species can be found in the rocks of the Hell Creek Formation in eastern Montana. In the early years of the 20th century, cross-country travel by automobile was still an adventure comparable to the covered wagon days of the Old West. Instead of hostile Indians and buffalo stampedes, motorists contended with gumbo mud and rutted dirt tracks that could only marginally be called roads. In May 1916, a group of Spokane businessmen formed the National Parks Highway Association to promote an automobile route between Chicago and Seattle and designated a 3,100-mile route between the two cities as the National Parks Highway. The highway was little more than a patchwork of interconnected and unimproved county roads. In June 1916, Frank Guilbert set out with three companions in two Mitchell Six automobiles to blaze the route. For a month, the expedition battled its way across the northern tier of states, including a very rainy trip across Montana, before arriving in Seattle. The mission proved the feasibility of the National Parks Highway and its potential for tourism and commerce. By 1926, the road was known as U.S. Highway 10 and, in 1971, Interstate 94 superseded the old route.",,,,Montana Department of Transportation,https://gis.mtmdt.us/server/rest/services/MDTGIS/Historical_Highway_Marker/MapServer/0,46.269054,-106.306452
MT-20,MT,Red Lodge Country,History,excellent,pending,,,,,Montana Department of Transportation,https://gis.mtmdt.us/server/rest/services/MDTGIS/Historical_Highway_Marker/MapServer/0,45.177702,-109.247586
MT-21,MT,The Montana - Utah Road,History,good,pending,,,,,Montana Department of Transportation,https://gis.mtmdt.us/server/rest/services/MDTGIS/Historical_Highway_Marker/MapServer/0,44.853497,-112.795186
MT-22,MT,The Hell Creek Formation,Geology / natural history,poor,official,"(west-bound) View/Download a PDF of the Road Sign Dinosaurs once ruled the Earth. Fossils of fierce Tyrannosaurus rex, three-horned Triceratops and many other dinosaur species can be found in the rocks of the Hell Creek Formation in eastern Montana. In the early years of the 20th century, cross-country travel by automobile was still an adventure comparable to the covered wagon days of the Old West. Instead of hostile Indians and buffalo stampedes, motorists contended with gumbo mud and rutted dirt tracks that could only marginally be called roads. In May 1916, a group of Spokane businessmen formed the National Parks Highway Association to promote an automobile route between Chicago and Seattle and designated a 3,100-mile route between the two cities as the National Parks Highway. The highway was little more than a patchwork of interconnected and unimproved county roads. In June 1916, Frank Guilbert set out with three companions in two Mitchell Six automobiles to blaze the route. For a month, the expedition battled its way across the northern tier of states, including a very rainy trip across Montana, before arriving in Seattle. The mission proved the feasibility of the National Parks Highway and its potential for tourism and commerce. By 1926, the road was known as U.S. Highway 10 and, in 1971, Interstate 94 superseded the old route.",,,,Montana Department of Transportation,https://gis.mtmdt.us/server/rest/services/MDTGIS/Historical_Highway_Marker/MapServer/0,46.261286,-106.279585
MT-23,MT,The Divide Valley,Geology / natural history,good,pending,,,,,Montana Department of Transportation,https://gis.mtmdt.us/server/rest/services/MDTGIS/Historical_Highway_Marker/MapServer/0,45.836593,-112.685628
MT-24,MT,A Passage Through Time: the Jefferson River Canyon,Geology / natural history,fair,official,"The four-mile long Jefferson River Canyon was cut into the Tobacco Root Mountains between LaHood Park and Lewis and Clark Caverns State Park relatively recently in geologic time. The canyon exposes rocks that span over a billion years of geologic history. The rocks indicate times when the area was covered by shallow seas in which fine-grained sediment was deposited, and other times when rocks were exposed and eroded. The rocks also record times of volcanic activity and when stresses in the earth caused rocks to contort into folds or break into complex and significant faults. Entering the canyon from the east will take you backward in time. Most of the rocks at the east end of the canyon are sedimentary and volcanic rocks from the age of dinosaurs and younger. Gray cliffs of Madison limestone mark the entrance to the canyon, and form its walls for about a mile and a half to the west. Lewis and Clark Caverns developed in this limestone. A short distance beyond a northward bend in the highway, a steeper canyon is developed in dark-colored rocks of the La- Hood Formation that are much older than a billion years. In the outcrops of the LaHood Formation, chunks of a lighter-colored rock as much as 100-feet long are apparent within the dark rock of the canyon walls. They are boulders that broke off an ancient cliff produced by a major fault. A Brief History: After much political wrangling and public comments by citizens in Three Forks and Whitehall, the Montana Department of Transportation rerouted US Highway 10 through the Jefferson Canyon in 1928. Prior to that, the old highway bypassed the canyon. The new road was difficult to build and engineers used dynamite to blast a route for it through the rocks. When completed in 1930, the highway was one of the most scenic routes in Montana. Bypassed by Interstate 90 in 1968, this highway still retains many of the design features common to Great Depression-era roads and is a unique driving experience.",,,,Montana Department of Transportation,https://gis.mtmdt.us/server/rest/services/MDTGIS/Historical_Highway_Marker/MapServer/0,45.823319,-111.857859
MT-25,MT,Join the Voyage of Discovery,Lewis & Clark,,pending,,,,,Montana Department of Transportation,https://gis.mtmdt.us/server/rest/services/MDTGIS/Historical_Highway_Marker/MapServer/0,45.83628,-113.979293
MT-26,MT,The Ice Ages,Geology / natural history,excellent,official,"For thousands of years, northern Montana was covered under a massive ice sheet. Glaciologists aren't sure why the ice ages began, but the process of glaciation is known because of the mark it leaves on the landscape. About 190,000 years ago, glaciers pushed their way onto the northern Great Plains of Montana from the north and northeast. This area was near the southern extent of the glacial ice sheet, so the ice depth was thinner than it was further to the north. As the glacier moved south, it blocked the Missouri River, forcing it to seek an ice-free channel farther to the south. The ice sheet lasted until about 130,000 years ago when it melted away. The ice left behind a radically changed landscape, dotted with small ponds and glacial till. Large boulders, called erratics, now litter the plains in this area along with extensive gravel beds. The glacier deposited the material as it moved across the landscape or it was deposited after the ice sheets melted. Some of the erratics came from as far away as northern Manitoba or were torn from rock outcrops west of Lake Winnipeg. The Missouri River never returned to its original channel, instead it is now occupied by the Milk River between Havre and Wolf Point. About 25,000 years ago, the Wisconsin ice sheet pushed south into northeastern Montana, but the highlands to the northwest diverted the glaciers to the east and west, leaving a large ice-free pocket between Glasgow and Hinsdale. The Wisconsin ice sheet retreated from Montana about 11,000 to 8,000 years ago. A Brief History : In 1919, motorists called US 2 the Theodore Roosevelt International Highway. Promoted as ""the most wonderful Highway in all America,"" the road in Montana was a series of interconnected rutted county roads that became gumbo mud when wet. Despite the hazards, the route was a popular one with motorists in the early days of automobile travel.",,,,Montana Department of Transportation,https://gis.mtmdt.us/server/rest/services/MDTGIS/Historical_Highway_Marker/MapServer/0,48.369957,-106.79263
MT-27,MT,Berne Roadside Park,History,good,pending,,,,,Montana Department of Transportation,https://gis.mtmdt.us/server/rest/services/MDTGIS/Historical_Highway_Marker/MapServer/0,48.385595,-114.10256
MT-28,MT,The Cattle Drive of 1866,History,,pending,,,,,Montana Department of Transportation,https://gis.mtmdt.us/server/rest/services/MDTGIS/Historical_Highway_Marker/MapServer/0,45.735777,-109.756346
MT-29,MT,Shields River Valley,History,,pending,,,,,Montana Department of Transportation,https://gis.mtmdt.us/server/rest/services/MDTGIS/Historical_Highway_Marker/MapServer/0,46.005681,-110.662716
MT-30,MT,The Fort Union Formation and the Ice Age,Geology / natural history,good,official,"The Fort Union Formation was deposited not long after the dinosaur extinction, about 65 million years ago. Rivers originating in mountains to the west and south carried abundant sediment to the nearby shallow inland sea to the east, crossing the subtropical, swampy coastal plain of eastern Montana on their way. As the rivers shifted, the swamp vegetation and peat were covered with thick deposits of sand, silt, and clay. In time, it compacted to form coal. The sand, silt, and clay cemented and compacted into sandstone, siltstone, and mudstone. Eastern Montana has an estimated 200 billion tons of coal that developed from the vegetation of these swamps. Geologists classify much of the coal buried in northeastern Montana as lignite, which has a low energy content. Most of the coal is buried under layers of the soft rock in the Fort Union Formation, but is locally exposed in hills and road cuts. The scattered red rock of the Fort Union Formation is clinker. Clinker forms when lightning strikes, wildfires, or spontaneous combustion causes the coal to ignite and burn. The intense heat of the burning coal bakes the adjacent sedimentary layers creating the dense, hard red rock.",,,,Montana Department of Transportation,https://gis.mtmdt.us/server/rest/services/MDTGIS/Historical_Highway_Marker/MapServer/0,48.770992,-104.540126
MT-31,MT,"Hurry, Honyucker, Hurry!",History,excellent,pending,,,,,Montana Department of Transportation,https://gis.mtmdt.us/server/rest/services/MDTGIS/Historical_Highway_Marker/MapServer/0,48.564924,-109.548032
MT-32,MT,Jedediah Smith,History,excellent,pending,,,,,Montana Department of Transportation,https://gis.mtmdt.us/server/rest/services/MDTGIS/Historical_Highway_Marker/MapServer/0,46.219176,-107.25162
MT-33,MT,"The Long, Long Trail",History,excellent,pending,,,,,Montana Department of Transportation,https://gis.mtmdt.us/server/rest/services/MDTGIS/Historical_Highway_Marker/MapServer/0,48.469733,-107.549303
MT-34,MT,The Salish and Pend D'oreille People and,Native American,,pending,,,,,Montana Department of Transportation,https://gis.mtmdt.us/server/rest/services/MDTGIS/Historical_Highway_Marker/MapServer/0,47.13709,-114.043537
MT-35,MT,The Beartooth Plateau,OTHER,poor,official,"The Beartooth Plateau contains some of the oldest exposed rocks on Earth and provides a unique window into the history of our planet. About 55 million years ago, this massive block of metamorphic basement rock pushed its way upward nearly two miles along steep faults that extend deep into the Earth. The exposed rock consists of coarse-grained gray and pink granites, gneisses, and schists that formed about 3.3 billion years ago when older sedimentary and volcanic rocks were heated and recrystallized deep in the Earth at extremely high temperatures. The plateau contains the oldest exposed rocks in Montana and they are among the oldest on Earth. The Stillwater Complex on the plateau's northern flank is one of the world's major sources of chromite, platinum, and palladium. During the ice ages, about 100,000 years ago, the Beartooth Plateau collected enough snow for glaciers to form and cover most of the plateau to a depth of several thousand feet. The spreading glaciers wore down the plateau's upper surface to leave the distinctively rounded rock outcrops, along with hundreds of lakes, ponds, and depressions. They flowed down old stream valleys, leaving them deepened and straightened, with vertical canyon walls and jagged peaks. The summit of the plateau is alpine tundra. A Brief History: Although these mountains were crisscrossed by trails used by Native Americans since prehistory, it was not until the 20th century that many sought a permanent route over the mountains from Red Lodge to Yellowstone National Park. As the Red Lodge coal mines closed, Red Lodge businessmen lobbied Montana's congressional delegation to construct a road between their community and the Park. In 1931, President Herbert Hoover signed the Park Approach Act into law, which funded the construction of scenic routes to the country's national parks through federally-owned land. Construction of the $2.5 million project began in 1932. Some 100 workers employed by five companies blasted their way up the side of the 11,000-foot plateau. The workmen gave names to many features of the road that are still used today, including Lunch Meadow, Mae West Curve and High Lonesome Ridge. The road officially opened on June 14, 1936. Today, the road looks much as it did in 1936 and provides motorists an excellent opportunity to experience one of the few North American highways reaching such spectacular high-elevation alpine scenery.",,,,Montana Department of Transportation,https://gis.mtmdt.us/server/rest/services/MDTGIS/Historical_Highway_Marker/MapServer/0,45.177624,-109.247697
MT-36,MT,Big Sky Country,History,,pending,,,,,Montana Department of Transportation,https://gis.mtmdt.us/server/rest/services/MDTGIS/Historical_Highway_Marker/MapServer/0,45.421768,-105.397079
MT-37,MT,Over a Billion Ayears of Montana’s Geologichistory,Geology / natural history,fair,pending,,,,,Montana Department of Transportation,https://gis.mtmdt.us/server/rest/services/MDTGIS/Historical_Highway_Marker/MapServer/0,46.57684,-112.280735
MT-38,MT,The 564th Missile Squadron,History,good,pending,,,,,Montana Department of Transportation,https://gis.mtmdt.us/server/rest/services/MDTGIS/Historical_Highway_Marker/MapServer/0,48.321391,-112.542377
MT-39,MT,Fort Assiniboine,History,excellent,pending,,,,,Montana Department of Transportation,https://gis.mtmdt.us/server/rest/services/MDTGIS/Historical_Highway_Marker/MapServer/0,48.507494,-109.798633
MT-40,MT,Early Day Outlaws,History,,pending,,,,,Montana Department of Transportation,https://gis.mtmdt.us/server/rest/services/MDTGIS/Historical_Highway_Marker/MapServer/0,48.368969,-107.965274
MT-42,MT,The Jefferson Valley,History,good,pending,,,,,Montana Department of Transportation,https://gis.mtmdt.us/server/rest/services/MDTGIS/Historical_Highway_Marker/MapServer/0,45.595536,-112.317359
MT-43,MT,Survival,Lewis & Clark,good,pending,,,,,Montana Department of Transportation,https://gis.mtmdt.us/server/rest/services/MDTGIS/Historical_Highway_Marker/MapServer/0,45.836272,-113.979362
MT-44,MT,Fort Owen,History,,pending,,,,,Montana Department of Transportation,https://gis.mtmdt.us/server/rest/services/MDTGIS/Historical_Highway_Marker/MapServer/0,46.525807,-114.113107
MT-45,MT,Rosebud Creek,History,,pending,,,,,Montana Department of Transportation,https://gis.mtmdt.us/server/rest/services/MDTGIS/Historical_Highway_Marker/MapServer/0,46.280204,-106.474976
MT-46,MT,Robber's Roost,History,good,pending,,,,,Montana Department of Transportation,https://gis.mtmdt.us/server/rest/services/MDTGIS/Historical_Highway_Marker/MapServer/0,45.392662,-112.146491
MT-47,MT,The Flight of the Nez Perce,Native American,fair,pending,,,,,Montana Department of Transportation,https://gis.mtmdt.us/server/rest/services/MDTGIS/Historical_Highway_Marker/MapServer/0,46.746313,-114.17255
MT-48,MT,"Columbus, Ho! for the States!",History,excellent,pending,,,,,Montana Department of Transportation,https://gis.mtmdt.us/server/rest/services/MDTGIS/Historical_Highway_Marker/MapServer/0,45.600722,-109.065734
MT-49,MT,An Island on the Plains,Geology / natural history,good,official,"Fifty-five to thirty-four million years ago, volcanoes erupted in several areas of central Montana. The upwelling of magma which fed these volcanoes was largely responsible for the Bears Paw Uplift and for several other isolated mountain ranges in central Montana. In some places, as the molten rock pushed its way upward toward the surface, it up-arched the layered rocks above it to form a magma dome called a laccolith. In other places, the magma rose vertically to form dikes. The dikes now look like old fallen-down stone walls protruding up through the grass of the ranchlands. Some of the magma crystallized into shonkinite, a rare rock, named for exposures near the town of Shonkin, Montana. Some of the laccoliths eroded to form large buttes, the most prominent are Square Butte northeast of Box Elder and Centennial Mountain northeast of Big Sandy. While the mountains were rising, an east-west rift developed near the crest, and rocks slid both to the north and south on Cretaceous marine shales. The sliding produced many faults in the adjacent Great Plains. The faults south of the mountains are especially prominent; while most of those to the north are covered by glacial deposits. A Brief History: It is not known how the mountain range got its name. According to one legend, many generations ago, an Indian man killed a deer while hunting in the mountains. Before he could return to his camp, he encountered a bear, which knocked him down and pinned him to the ground. The hunter appealed to the Great Spirit for help, who answered by filling the heavens with lightning and thunder, which killed the bear and severed its paw, releasing the hunter. Or perhaps one of the range's mountains resembles a bear's paw and gave the mountain range its name. Another tale states that to Indians looking down from the summit of one of the peaks, the ridges spread out below them resembled a bear's paw.",,,,Montana Department of Transportation,https://gis.mtmdt.us/server/rest/services/MDTGIS/Historical_Highway_Marker/MapServer/0,48.179412,-110.111641
MT-51,MT,Many Cultures Forged Strong Communities,History,good,pending,,,,,Montana Department of Transportation,https://gis.mtmdt.us/server/rest/services/MDTGIS/Historical_Highway_Marker/MapServer/0,46.875036,-113.885511
MT-52,MT,Cattle Brands,History,,pending,,,,,Montana Department of Transportation,https://gis.mtmdt.us/server/rest/services/MDTGIS/Historical_Highway_Marker/MapServer/0,46.2613,-106.27937
MT-53,MT,The Great Highway of the Northwest: the Yell Tr,History,good,pending,,,,,Montana Department of Transportation,https://gis.mtmdt.us/server/rest/services/MDTGIS/Historical_Highway_Marker/MapServer/0,46.063268,-107.709038
MT-54,MT,Camp Cooke First Military Post in Montana,History,good,pending,,,,,Montana Department of Transportation,https://gis.mtmdt.us/server/rest/services/MDTGIS/Historical_Highway_Marker/MapServer/0,47.726013,-109.634713
MT-55,MT,Emigrant Gulch,History,,pending,,,,,Montana Department of Transportation,https://gis.mtmdt.us/server/rest/services/MDTGIS/Historical_Highway_Marker/MapServer/0,45.335463,-110.770106
MT-56,MT,Brockway Montana,History,,pending,,,,,Montana Department of Transportation,https://gis.mtmdt.us/server/rest/services/MDTGIS/Historical_Highway_Marker/MapServer/0,47.302523,-105.767928
MT-58,MT,The Little Rocky Mountains,History,excellent,pending,,,,,Montana Department of Transportation,https://gis.mtmdt.us/server/rest/services/MDTGIS/Historical_Highway_Marker/MapServer/0,47.795716,-108.633421
MT-59,MT,Kootenai River and the Belt Supergroup,Geology / natural history,good,official,"The canyon along the Kootenai River exposes rocks of the Belt Supergroup, which consists of sandstones, called quartzites, and thin layers of hard mudstones or shales. These rocks form most of the outcrops along the highway from east of Libby to the Idaho border. In this area, the rocks are slightly folded so that the river cascades over the inclined hard quartzite beds in the stair-step-like falls. Individual folds may be seen in the north-facing road cut just south of Highway 2, southwest of the parking lot. Another fold may be seen north of the river. These folds resulted from east-west tectonic compression that caused north-to-south trending folds and faults throughout western Montana about 50 to 100 million years ago. When the rocks belonging to the Belt Supergroup were deposited about 1.5 billion years ago during the Precambrian Era, much of western Montana was covered by shallow seas or lakes surrounded by very flat shores. Sediments in the water deposited thin beds of sand, mud, and calcium carbonate. The surfaces of the rocks often display mud cracks, ripple marks, and the spatter marks of raindrops. These structures can be found in outcrops along the Kootenai River, and indicate that the water covering the area was shallow, and occasionally, completely dried up. Algae mats often trapped fine particles of calcium carbonate to form rounded structures called stromatolites. Near the river below Swinging Bridge are wonderful examples of stromatolites. Belt rocks dominate the mountains of northwestern Montana. The rocks along US Highway 2 between the Idaho border and the Continental Divide south of Glacier National Park consist almost entirely of the Belt Supergroup. The rocks next to the highway are brown, gray, red, green, purple, and yellow colors; dramatic cliffs occur where resistant, well-cemented sandstones are exposed.",,,,Montana Department of Transportation,https://gis.mtmdt.us/server/rest/services/MDTGIS/Historical_Highway_Marker/MapServer/0,48.45274,-115.768942
MT-60,MT,The Lolo Trail,Lewis & Clark,,pending,,,,,Montana Department of Transportation,https://gis.mtmdt.us/server/rest/services/MDTGIS/Historical_Highway_Marker/MapServer/0,46.756915,-114.085246
MT-61,MT,Fort Musselshell,History,excellent,pending,,,,,Montana Department of Transportation,https://gis.mtmdt.us/server/rest/services/MDTGIS/Historical_Highway_Marker/MapServer/0,46.989821,-107.859415
MT-62,MT,Paleocene Mammals and Albert Silberling,Geology / natural history,good,official,"The town of Harlowton is located in the Fort Union Geological Formation, which was created about 65 million years ago, shortly after the dinosaur extinction. This once shallow inland sea was formed from rivers originating in the southwestern mountain slopes of Montana. These rivers transferred and deposited sediment collected from the swampy, subtropical eastern coastal plains into the shallow sea. As the rivers shifted over time, swamp vegetation and peat were covered with thick deposits of sand, silt, and clay, which would later form coal. These deposits cemented and compacted into sandstone, siltstone, and mudstone—soft materials that easily erode—leaving few outcrops of more weather-resistant rocks. The area surrounding Harlowton is also famous for its Paleocene fossils. In 1902, Princeton University paleontologist Earl Douglass and Albert Silberling, a local homesteader and self-taught paleontologist, discovered the fossil remains of primitive mammals in a quarry southwest of Harlowton. Paleontologists excavated that quarry and three others over the next four decades and these sites yielded the remains of at least 23 species, including a squirrel-like animal called Ptilodus, the most successful of all mammals. Ptilodus first appeared during the middle Jurassic Age about 160 million years ago and became extinct about 35 million years ago. It coexisted with massive sauropods, such as the Apatosaurus and Diplodocus, as well as the meat-eating Allosaurus. During Paleozoic time, Montana’s climate was warm, humid, and possibly densely forested. With its dexterous feet, legs, and tail, Ptilodus was a good climber with a well-developed sense of smell. Teeth recovered in the quarries indicate that it was herbivorous. Other fossils found by Douglass and Silberling include a primitive species of ungulate called Phenacodus, and a primate-like animal called a Plesiadapis, all of which co-existed with the Ptilodus and were preyed upon by Creodonts, the dominant carnivorous animals of the time. Albert Silberling’s excavation of thousands of fossils and his discoveries from quarries in the Harlowton area have greatly contributed to scientists’ knowledge about life in the Paleozoic Era.",,,,Montana Department of Transportation,https://gis.mtmdt.us/server/rest/services/MDTGIS/Historical_Highway_Marker/MapServer/0,46.446228,-109.938697
MT-63,MT,The Wahkpa Chu'gn Buffalo Jump,Native American,excellent,pending,,,,,Montana Department of Transportation,https://gis.mtmdt.us/server/rest/services/MDTGIS/Historical_Highway_Marker/MapServer/0,48.556595,-109.70463
MT-64,MT,Colter’s Run,History,excellent,pending,,,,,Montana Department of Transportation,https://gis.mtmdt.us/server/rest/services/MDTGIS/Historical_Highway_Marker/MapServer/0,45.920053,-111.499055
MT-65,MT,Glendive,History,,pending,,,,,Montana Department of Transportation,https://gis.mtmdt.us/server/rest/services/MDTGIS/Historical_Highway_Marker/MapServer/0,47.105306,-104.740852
MT-66,MT,Glacial Lake Missoula,Geology / natural history,poor,official,"(west-bound) View/Download a PDF of the Road Sign During the last ice age about 15,000 years ago, an enormous glacier pushed down from British Columbia and blocked the Clark Fork River in northern Idaho. The glacier functioned as an ice dam creating the largest glacial lake known to have existed, Glacial Lake Missoula. The lake's waters backed up into the river's drainage in western Montana, creating a body of water comparable to today's Lake Ontario. As the lake filled and water at the ice dam deepened, it caused the lighter glacial ice to float and eventually break up, triggering floods of epic proportions. The water flushed through the Clark Fork drainage west of here enroute to the Pacific Ocean. The torrent scarred the landscape of eastern Washington, creating scablands that still define the landscape. The geologic record indicates that Glacial Lake Missoula filled and emptied on a cyclical basis over a period of about two thousand years. Indeed, the large road cut where the Interstate 90 bridge crosses the Clark Fork River at Nine Mile, ten miles east of here, preserves the record of at least 36 separate fillings of the lake. Other evidence of the glacial floods include ancient ice age shorelines on the mountains around Missoula. A Brief History: In 1860, 150 men under the command of Lieutenant John Mullan carved a wagon road through the colorful Precambrian mudstones on the mountainside north of here. The road took six weeks to construct and required the use of explosives to blast a route through the rocks. Called the Point of Rocks Segment of the Mullan Road, the road still traces its way across the mountainside above here. In 1908, the Chicago, Milwaukee, St. Paul & Pacific (Milwaukee Road) Railroad constructed its transcontinental line through the Clark Fork canyon enroute to Seattle. The railroad also excavated tons of rock to cut its way through these mountains to St. Paul Pass. The old railroad grade, later known as the Route of the Hiawatha for the celebrated passenger train that once used the line, is still evident along the north side of Interstate 90. In 1914, the Yellowstone Trail, blazed by distinctive chrome yellow signs with black arrows, passed through this canyon. The trail became U.S. Highway 10 in 1926. Interstate 90 bypassed it here in 1963.",,,,Montana Department of Transportation,https://gis.mtmdt.us/server/rest/services/MDTGIS/Historical_Highway_Marker/MapServer/0,47.02083,-114.520165
MT-67,MT,The Judith River Formation,Geology / natural history,good,official,"In 1855, geologist Ferdinand V. Hayden explored the upper Missouri River for the United States Geological Service. At that time, the area was the hunting ground of the Lakota, Blackfeet, Atsina, and River Crow Indians. A lone white man in Indian Country was often fair game to the tribes, but Hayden's passion for rocks and fossils earned him the name ""He Who Picks Up Stones While Running"" and a reputation for madness. The Indians left him alone. Hayden explored what would later become known as the Judith River Formation, a large area of sedimentary materials deposited in the lowland areas bordering the Colorado Sea during the Late Cretaceous Period 78 to 74 million years ago. During his exploration near the mouth of the Judith River, Hayden collected many fossilized teeth, bones, and shells from the Judith River Formation. He took them to anatomy Professor Joseph Leidy in Philadelphia for identification, who classified the teeth as belonging to a new species of hadrosaur. The teeth and bones were the first dinosaur fossils found in North America. Hayden's discovery drew paleontologists to Montana in search of dinosaur fossils and to the Judith River Formation making it a significant paleontological destination.",,,,Montana Department of Transportation,https://gis.mtmdt.us/server/rest/services/MDTGIS/Historical_Highway_Marker/MapServer/0,47.742773,-109.627052
MT-68,MT,Junction of Bighorn and Yellowstone Rivers,History,excellent,pending,,,,,Montana Department of Transportation,https://gis.mtmdt.us/server/rest/services/MDTGIS/Historical_Highway_Marker/MapServer/0,46.089828,-107.660213
MT-69,MT,The Montana-Utah Road,History,,pending,,,,,Montana Department of Transportation,https://gis.mtmdt.us/server/rest/services/MDTGIS/Historical_Highway_Marker/MapServer/0,44.631151,-112.588583
MT-70,MT,Jib Mill,History,fair,pending,,,,,Montana Department of Transportation,https://gis.mtmdt.us/server/rest/services/MDTGIS/Historical_Highway_Marker/MapServer/0,46.269645,-112.270102
MT-71,MT,Landslide Butte,Geology / natural history,,official,"In 1912 Smithsonian geologist Eugene Stebinger and paleontologist Charles Gilmore came to Blackfeet Country looking for dinosaur remains. Their search took them to a badland area near Landslide Butte, a prominent landform near the Milk River to the east of here. Stebinger named the sandstone and mudstone rock unit the Two Medicine Formation, and determined that it was nearly 2000 feet thick, representing a geological time span from 74 to 80 million years ago. From this formation, Gilmore collected and named 3 new species of dinosaurs. A second paleontological group from the Museum of the Rockies here in Montana, led by Jack Horner, explored this same area from 1985 through 1987, and discovered an additional 4 new species of dinosaurs, including one of the largest dinosaur nesting grounds on earth, covering nearly 6 square miles. In addition, enormous bone beds of duck-billed dinosaurs and horned dinosaurs supported theories that these kinds of dinosaurs traveled in gigantic herds, and may have migrated along the eastern front of the ancient Rocky Mountains. Three of the dinosaurs, known exclusively from this one area, are the horned dinosaurs Rubeosaurus, Einiosaurus, and Achelousaurus, hypothesized to represent an evolutionary sequence of transitional species.",,,,Montana Department of Transportation,https://gis.mtmdt.us/server/rest/services/MDTGIS/Historical_Highway_Marker/MapServer/0,48.99328,-112.788223
MT-72,MT,A Monument to Carbon County: the Fromberg Bridge,History,good,pending,,,,,Montana Department of Transportation,https://gis.mtmdt.us/server/rest/services/MDTGIS/Historical_Highway_Marker/MapServer/0,45.391926,-108.906379
MT-73,MT,Lahood Park,History,,pending,,,,,Montana Department of Transportation,https://gis.mtmdt.us/server/rest/services/MDTGIS/Historical_Highway_Marker/MapServer/0,45.853154,-111.922052
MT-75,MT,The Beartooth Plateau,Geology / natural history,,official,"The Beartooth Plateau contains some of the oldest exposed rocks on Earth and provides a unique window into the history of our planet. About 55 million years ago, this massive block of metamorphic basement rock pushed its way upward nearly two miles along steep faults that extend deep into the Earth. The exposed rock consists of coarse-grained gray and pink granites, gneisses, and schists that formed about 3.3 billion years ago when older sedimentary and volcanic rocks were heated and recrystallized deep in the Earth at extremely high temperatures. The plateau contains the oldest exposed rocks in Montana and they are among the oldest on Earth. The Stillwater Complex on the plateau's northern flank is one of the world's major sources of chromite, platinum, and palladium. During the ice ages, about 100,000 years ago, the Beartooth Plateau collected enough snow for glaciers to form and cover most of the plateau to a depth of several thousand feet. The spreading glaciers wore down the plateau's upper surface to leave the distinctively rounded rock outcrops, along with hundreds of lakes, ponds, and depressions. They flowed down old stream valleys, leaving them deepened and straightened, with vertical canyon walls and jagged peaks. The summit of the plateau is alpine tundra. A Brief History: Although these mountains were crisscrossed by trails used by Native Americans since prehistory, it was not until the 20th century that many sought a permanent route over the mountains from Red Lodge to Yellowstone National Park. As the Red Lodge coal mines closed, Red Lodge businessmen lobbied Montana's congressional delegation to construct a road between their community and the Park. In 1931, President Herbert Hoover signed the Park Approach Act into law, which funded the construction of scenic routes to the country's national parks through federally-owned land. Construction of the $2.5 million project began in 1932. Some 100 workers employed by five companies blasted their way up the side of the 11,000-foot plateau. The workmen gave names to many features of the road that are still used today, including Lunch Meadow, Mae West Curve and High Lonesome Ridge. The road officially opened on June 14, 1936. Today, the road looks much as it did in 1936 and provides motorists an excellent opportunity to experience one of the few North American highways reaching such spectacular high-elevation alpine scenery.",,,,Montana Department of Transportation,https://gis.mtmdt.us/server/rest/services/MDTGIS/Historical_Highway_Marker/MapServer/0,45.177644,-109.247665
MT-76,MT,In Memoriam,Native American,,pending,,,,,Montana Department of Transportation,https://gis.mtmdt.us/server/rest/services/MDTGIS/Historical_Highway_Marker/MapServer/0,48.059623,-106.018438
MT-77,MT,Wagon Road,History,excellent,pending,,,,,Montana Department of Transportation,https://gis.mtmdt.us/server/rest/services/MDTGIS/Historical_Highway_Marker/MapServer/0,46.494014,-104.234545
MT-78,MT,The Judith Basin Country,History,good,pending,,,,,Montana Department of Transportation,https://gis.mtmdt.us/server/rest/services/MDTGIS/Historical_Highway_Marker/MapServer/0,47.055308,-109.459371
MT-81,MT,The Frenchwoman's Road,History,good,pending,,,,,Montana Department of Transportation,https://gis.mtmdt.us/server/rest/services/MDTGIS/Historical_Highway_Marker/MapServer/0,46.561748,-112.308727
MT-83,MT,Meaderville,History,,pending,,,,,Montana Department of Transportation,https://gis.mtmdt.us/server/rest/services/MDTGIS/Historical_Highway_Marker/MapServer/0,45.991066,-112.47525
MT-84,MT,A Passage Through Time,Geology / natural history,,official,"The four-mile long Jefferson River Canyon was cut into the Tobacco Root Mountains between LaHood Park and Lewis and Clark Caverns State Park relatively recently in geologic time. The canyon exposes rocks that span over a billion years of geologic history. The rocks indicate times when the area was covered by shallow seas in which fine-grained sediment was deposited, and other times when rocks were exposed and eroded. The rocks also record times of volcanic activity and when stresses in the earth caused rocks to contort into folds or break into complex and significant faults. Entering the canyon from the east will take you backward in time. Most of the rocks at the east end of the canyon are sedimentary and volcanic rocks from the age of dinosaurs and younger. Gray cliffs of Madison limestone mark the entrance to the canyon, and form its walls for about a mile and a half to the west. Lewis and Clark Caverns developed in this limestone. A short distance beyond a northward bend in the highway, a steeper canyon is developed in dark-colored rocks of the La- Hood Formation that are much older than a billion years. In the outcrops of the LaHood Formation, chunks of a lighter-colored rock as much as 100-feet long are apparent within the dark rock of the canyon walls. They are boulders that broke off an ancient cliff produced by a major fault. A Brief History: After much political wrangling and public comments by citizens in Three Forks and Whitehall, the Montana Department of Transportation rerouted US Highway 10 through the Jefferson Canyon in 1928. Prior to that, the old highway bypassed the canyon. The new road was difficult to build and engineers used dynamite to blast a route for it through the rocks. When completed in 1930, the highway was one of the most scenic routes in Montana. Bypassed by Interstate 90 in 1968, this highway still retains many of the design features common to Great Depression-era roads and is a unique driving experience.",,,,Montana Department of Transportation,https://gis.mtmdt.us/server/rest/services/MDTGIS/Historical_Highway_Marker/MapServer/0,45.823321,-111.857852
MT-85,MT,The Old Milk River Bridge and Tampico,History,fair,pending,,,,,Montana Department of Transportation,https://gis.mtmdt.us/server/rest/services/MDTGIS/Historical_Highway_Marker/MapServer/0,48.30744,-106.824474
MT-88,MT,The Hell Creek Formation,Geology / natural history,excellent,official,"Dinosaurs once ruled the Earth. Fossils of fierce Tyrannosaurus rex, three-horned Triceratops and many other dinosaur species can be found in the rocks of the Hell Creek Formation in eastern Montana. In the early years of the 20th century, cross-country travel by automobile was still an adventure comparable to the covered wagon days of the Old West. Instead of hostile Indians and buffalo stampedes, motorists contended with gumbo mud and rutted dirt tracks that could only marginally be called roads. In May 1916, a group of Spokane businessmen formed the National Parks Highway Association to promote an automobile route between Chicago and Seattle and designated a 3,100-mile route between the two cities as the National Parks Highway. The highway was little more than a patchwork of interconnected and unimproved county roads. In June 1916, Frank Guilbert set out with three companions in two Mitchell Six automobiles to blaze the route. For a month, the expedition battled its way across the northern tier of states, including a very rainy trip across Montana, before arriving in Seattle. The mission proved the feasibility of the National Parks Highway and its potential for tourism and commerce. By 1926, the road was known as U.S. Highway 10 and, in 1971, Interstate 94 superseded the old route.",,,,Montana Department of Transportation,https://gis.mtmdt.us/server/rest/services/MDTGIS/Historical_Highway_Marker/MapServer/0,47.907961,-106.17809
MT-90,MT,A Pleistocene Wonderland,Geology / natural history,,official,"Imagine you are a time traveler and have the opportunity to visit this area 25,000 years ago. You would recognize the Rocky Mountains to the west. The igneous and heavily glaciated Sweetgrass Hills loom on the horizon far to the north. The last of the great continental glaciers had retreated, leaving behind a hummocky grassland with ponds, swamps, and erratic boulders. The grasslands support an abundance of animal life, much of which would be recognizable as still inhabiting the northern Great Plains today. However, there would also be many animals that have long been extinct. Almost all of them would be much larger and adapted to a colder post-glacial climate. Great herds of horses, pronghorn antelope, elk, camels, and giant bison would be a common site on the plains. They milled around with groups of blond-haired Shasta ground sloths, and shaggy Musk and Shrub oxen. Columbian mammoths with long, curving tusks roamed the plains in small groups. Dire and Gray wolves and short-faced bears followed the herds in search of easy meals. At 10-feet in length and more than 2,000 pounds, the bears dwarfed today's Grizzlies in size and ferocity. Perhaps the most famous of all Pleistocene predators were the fearsome saber-toothed cats. Relatively small and compact, the cats may have ambushed their prey and slashed at them with their 7-inch long canine teeth. Perhaps even more deadly, however, was the long-legged American Lion, a killing machine bigger than the Bengal tiger. Climatic changes, limited food supplies, and, possibly, over-hunting by paleo-Indians caused many species once common to the northern Great Plains to become extinct about 11,000 years ago. The American bison, gray wolf, elk, and pronghorn antelope are descendants of that primeval ecology.",,,,Montana Department of Transportation,https://gis.mtmdt.us/server/rest/services/MDTGIS/Historical_Highway_Marker/MapServer/0,48.514236,-110.960422
MT-91,MT,The Great Highway of the Northwest: the Yellowston,History,fair,pending,,,,,Montana Department of Transportation,https://gis.mtmdt.us/server/rest/services/MDTGIS/Historical_Highway_Marker/MapServer/0,45.73433,-109.757938
MT-92,MT,Montana’s Jurassic Park,Geology / natural history,fair,pending,,,,,Montana Department of Transportation,https://gis.mtmdt.us/server/rest/services/MDTGIS/Historical_Highway_Marker/MapServer/0,45.734158,-109.757586
MT-93,MT,The March of the Montana Column,History,excellent,pending,,,,,Montana Department of Transportation,https://gis.mtmdt.us/server/rest/services/MDTGIS/Historical_Highway_Marker/MapServer/0,45.598191,-109.064618
MT-94,MT,The Baker Massacre,Native American,,pending,,,,,Montana Department of Transportation,https://gis.mtmdt.us/server/rest/services/MDTGIS/Historical_Highway_Marker/MapServer/0,48.480078,-111.795257
MT-96,MT,Dinosaurs,History,excellent,pending,,,,,Montana Department of Transportation,https://gis.mtmdt.us/server/rest/services/MDTGIS/Historical_Highway_Marker/MapServer/0,47.325182,-106.171129
MT-97,MT,Cliffs High and Steep,Geology / natural history,,official,"(south-bound) View/Download a PDF of the Road Sign The Lewis and Clark Expedition passed through this canyon of ""nearly perpendicular rocks"" during its journey up the Missouri River in July 1805. Although the men grumbled about mosquitoes and prickly pear cactus, the Corps of Discovery was clearly impressed by the Adel Mountain Volcanics, the eroded remains of a pile of volcanic rocks more than 40 miles long and 20 miles wide. The volcanics consist mostly of fragments—blocks, cinders, ash—from violent, explosive eruptions that blasted magma out of the earth and into the air. The eruptions occurred about 75 million years ago and continued for several million years. Erosion has exposed some of the underground ""plumbing"" for the volcanic center. Magma rose up along cracks and had enough pressure to push the walls of cracks apart for tens of feet, forming dikes. At several places in the canyon, you'll notice the dark ridges— dikes—going up the mountainsides. Some magma squirted in along the bottom of the pile of volcanics forming horizontal intrusions called laccoliths. Square Butte, Shaw Butte, and Cascade Butte are prominent laccoliths with high, vertical cliffs that can be seen between Ulm and Cascade. This great eruption of magma occurred on the Great Falls Tectonic Zone—a collision zone between two continental plates which collided more than a billion years ago. It left a zone of weakness that resulted in the Adel Mountain Volcanics. A Brief History: Native Americans frequently camped in this area on their way to and from the buffalo hunting grounds. The rugged landscape, however, largely prevented the non-Indian settlement of the area until late in the 19th century. Montana's first modern road-builder, John Mullan, skirted the mountains for a route far to the northwest. The canyon's residents were mostly cattle ranchers who sold their animals in Helena or Great Falls. The arrival of the Montana Central Railroad in 1887 did much to open this region to settlement, but it was not until the early 1930s that a modern paved highway connected Helena and Great Falls through this area. U.S. Highway 91 wound its way along the Missouri River through the volcanic outcrops of the canyon, crossing the river over two large steel truss bridges that still carry traffic in the vicinity of Hardy and Wolf Creek. Though bypassed by Interstate 15 in the 1960s, old U.S. 91 provides motorists a unique opportunity to experience a Great Depression era road through one of the most spectacular landscapes in Montana.",,,,Montana Department of Transportation,https://gis.mtmdt.us/server/rest/services/MDTGIS/Historical_Highway_Marker/MapServer/0,47.130793,-111.901706
MT-98,MT,Elkhorn Mtn Volcanoes and the Boulder Batholith,Geology / natural history,good,official,"(south-bound) View/Download a PDF of the Road Sign The story of the Elkhorn Mountains Volcanics and the Boulder Batholith is the story of how molten magma or melted rock rising up through the crust of the earth just kept coming and coming and coming—from about 81 to about 74 million years ago. Magma that reached the surface created violent explosions, hurling chunks of rock, cinders, and volcanic ash into the air. At times it ""rained"" droplets of melted rock. Great clouds of volcanic ash were carried by the wind to the east and buried many animals. The dinosaur fossils in the Two Medicine Formation near Choteau owe their preservation to eruptions of the Elkhorn Mountains Volcanics. The volcanic field was enormous-about 100 miles in diameter and up to 3 miles thick. After the pile of volcanic rocks got so thick, magma stopped going all the way to the surface and just accumulated near the bottom of the pile. So much magma intruded at this level that it formed a body of granitic rock that now extends from Helena to Butte and is known as the Boulder Batholith. You are now in the middle of the Boulder Batholith and the Elkhorn Mountains Volcanics. The magma was generated because one of the tectonic plates under the Pacific Ocean was subducted under Western North America. Approximately 10,000 miles of the Farallon Plate moved under Montana. This is one of places where it was easy for magma to reach the surface. A Brief History: The magma contained many metals. As the granite formed cooling cracks, hot solutions squirted into the cracks to form veins with copper (near Butte) and gold (in this area). Millions of years later weathering of the granite allowed gold in the veins to wash down to the gravels in the valley floor. A gold dredge chewed through the gravels of Prickly Pear Creek beginning in 1938. Mounted on a barge floating on a 30-foot deep pond, the machinery consisted of a chain of buckets that dumped the gravel on a maze of screens and sluices inside the dredge. In its wake, the dredge left behind a ""churned up"" landscape. In some places scrub brush holding the gravel piles together is still the only vegetation. Although the dredge shut down permanently in the mid-1960's, it was not until the early 1970's that a South American mining company purchased it and moved it to Bolivia.",,,,Montana Department of Transportation,https://gis.mtmdt.us/server/rest/services/MDTGIS/Historical_Highway_Marker/MapServer/0,46.415685,-112.006455
MT-99,MT,The Yellowstone Valley,History,,pending,,,,,Montana Department of Transportation,https://gis.mtmdt.us/server/rest/services/MDTGIS/Historical_Highway_Marker/MapServer/0,46.29069,-107.042673
MT-101,MT,Flying High Across the Big Sky,OTHER,,pending,,,,,Montana Department of Transportation,https://gis.mtmdt.us/server/rest/services/MDTGIS/Historical_Highway_Marker/MapServer/0,47.012331,-114.542907
MT-102,MT,The Shore of an Ancient Sea,Geology / natural history,,official,"About 80 million years ago this area was near the shore of the Western Interior Seaway that stretched from the present-day Gulf of Mexico to the Arctic Ocean. Rivers draining highlands to the west carried sediment into the seaway and near-shore currents concentrated the sand creating barrier islands. As the sea level alternately rose and fell, the barrier islands migrated, forming an extensive layer of finegrained sand across much of central Montana. The sand was eventually buried, compacted, and cemented into the rocks that now compose the rims and that geologists have named Eagle Sandstone. When observed from the south, the rimrocks reveal cross beds called accretion surfaces. These surfaces record the deposition of sand washed over the barrier and deposited on the other side by waves, causing the sand bar to grow shoreward. The seaway was shallow, warm, and probably no more than a few hundred feet deep. Oysters lived in dense banks along the shore, while ammonites fed on clams that lived in the shallow water offshore; sharks cruised the shallows preying on whatever animals appeared tasty to them. For several million years, two predators were at the top of the food chain in the sea: the long necked Plesiosaurs and the snakelike Mosasaurs. Neither were dinosaurs, but were air-breathing reptiles adapted to living in the oceans. A Brief History: The rims near the confluence of the Yellowstone River and Alkali Creek is one of Montana's historic hot spots. Native Americans utilized the area for at least 8,000 years before William Clark passed through here in July 1806. Near here in May 1823, Blackfeet warriors ambushed and killed seven Missouri Fur Company trappers led by Michael Immel and Robert Jones. The rims were later a spectacular backdrop for the rip-roaring riverside settlement of Coulson in the 1870s and for Billings beginning in the early 1880s.",,,,Montana Department of Transportation,https://gis.mtmdt.us/server/rest/services/MDTGIS/Historical_Highway_Marker/MapServer/0,45.798605,-108.507827
MT-103,MT,Cliffs High and Steep,Geology / natural history,fair,official,"(south-bound) View/Download a PDF of the Road Sign The Lewis and Clark Expedition passed through this canyon of ""nearly perpendicular rocks"" during its journey up the Missouri River in July 1805. Although the men grumbled about mosquitoes and prickly pear cactus, the Corps of Discovery was clearly impressed by the Adel Mountain Volcanics, the eroded remains of a pile of volcanic rocks more than 40 miles long and 20 miles wide. The volcanics consist mostly of fragments—blocks, cinders, ash—from violent, explosive eruptions that blasted magma out of the earth and into the air. The eruptions occurred about 75 million years ago and continued for several million years. Erosion has exposed some of the underground ""plumbing"" for the volcanic center. Magma rose up along cracks and had enough pressure to push the walls of cracks apart for tens of feet, forming dikes. At several places in the canyon, you'll notice the dark ridges— dikes—going up the mountainsides. Some magma squirted in along the bottom of the pile of volcanics forming horizontal intrusions called laccoliths. Square Butte, Shaw Butte, and Cascade Butte are prominent laccoliths with high, vertical cliffs that can be seen between Ulm and Cascade. This great eruption of magma occurred on the Great Falls Tectonic Zone—a collision zone between two continental plates which collided more than a billion years ago. It left a zone of weakness that resulted in the Adel Mountain Volcanics. A Brief History: Native Americans frequently camped in this area on their way to and from the buffalo hunting grounds. The rugged landscape, however, largely prevented the non-Indian settlement of the area until late in the 19th century. Montana's first modern road-builder, John Mullan, skirted the mountains for a route far to the northwest. The canyon's residents were mostly cattle ranchers who sold their animals in Helena or Great Falls. The arrival of the Montana Central Railroad in 1887 did much to open this region to settlement, but it was not until the early 1930s that a modern paved highway connected Helena and Great Falls through this area. U.S. Highway 91 wound its way along the Missouri River through the volcanic outcrops of the canyon, crossing the river over two large steel truss bridges that still carry traffic in the vicinity of Hardy and Wolf Creek. Though bypassed by Interstate 15 in the 1960s, old U.S. 91 provides motorists a unique opportunity to experience a Great Depression era road through one of the most spectacular landscapes in Montana.",,,,Montana Department of Transportation,https://gis.mtmdt.us/server/rest/services/MDTGIS/Historical_Highway_Marker/MapServer/0,47.132522,-111.901308
MT-104,MT,The Mullan Road,History,excellent,pending,,,,,Montana Department of Transportation,https://gis.mtmdt.us/server/rest/services/MDTGIS/Historical_Highway_Marker/MapServer/0,46.559919,-112.385713
MT-105,MT,The Yellowstone River,History,good,pending,,,,,Montana Department of Transportation,https://gis.mtmdt.us/server/rest/services/MDTGIS/Historical_Highway_Marker/MapServer/0,46.89868,-105.018959
MT-106,MT,Kerchival City,History,excellent,pending,,,,,Montana Department of Transportation,https://gis.mtmdt.us/server/rest/services/MDTGIS/Historical_Highway_Marker/MapServer/0,46.989888,-107.85959
MT-107,MT,Homestake Pass,Geology / natural history,poor,pending,,,,,Montana Department of Transportation,https://gis.mtmdt.us/server/rest/services/MDTGIS/Historical_Highway_Marker/MapServer/0,45.914627,-112.377231
MT-108,MT,Thunder Horses,Geology / natural history,,pending,,,,,Montana Department of Transportation,https://gis.mtmdt.us/server/rest/services/MDTGIS/Historical_Highway_Marker/MapServer/0,45.895533,-111.552146
MT-109,MT,A Perfect Defile,Geology / natural history,poor,official,"(south-bound) View/Download a PDF of the Road Sign Here nestled deep in the Big Belt Mountains, is one of the most spectacular canyons in Montana. More than a billion years ago, during the Precambrian Era, an ancient inland seaway deposited these shales and sands, which over time, became these vibrant red and green mudstones called ""Spokane Shale"" for the Spokane Hills east of Helena. The Big Belts themselves consist primarily of Spokane Shale. They contrast with the magnificent white cliffs of Madison Limestone exposed in the nearby Gates of the Mountains and the drab gravels of Confederate Gulch to the southeast. The greenish colors in the mudstones are provided by tiny amounts of iron minerals that formed on mudflats that were low in oxygen; the intervening pinkish layers oxidized in contact with slightly greater amounts of oxygen. Like most sedimentary rocks, there were originally laid down as horizontal layers. About 70 million years ago these rocks were crumpled, folded, and faulted during formation of the Rocky Mountains. As the floor of the Pacific Ocean slowly collided with the western margin of North America the horizontal layers became bent, broken, and tilted as you see them now. The most pronounced crumpling is here in the ""overthrust belt"" near the eastern edge of the Rockies. The Precambrian sedimentary rocks thin eastward in this area where they overlie the hard granite-like ""basement"" rocks of the central part of the continent. A Brief History: Although this multi-hued and rugged canyon was well-known to Native Americans for thousands of years, it was first recorded by road-builder John Mullan in 1859. He called this rocky canyon ""a perfect defile"" and ""by far the most difficult of any point along the [road], from Hell's Gate to Fort Benton."" In 1865, the Territorial Legislature granted a license to the Little Prickly Pear Wagon Road Company to build a toll road through the canyon. A year later, in 1866, Helena merchants James King and Warren Gillette bought the road and spent $40,000 upgrading it. By then traffic on it between Fort Benton and Helena had become so heavy, that the men were able to recoup their expenditure within two years. By the early 1870s, it was part of the Benton Road, an important freight and passenger route in the territory. Thereafter, other roads and a railroad were constructed through the Prickly Pear Canyon, culminating in the completion of Interstate 15 in 1967. Montana's first Interstate rest area, here at Lyons' Creek, was built in 1965.",,,,Montana Department of Transportation,https://gis.mtmdt.us/server/rest/services/MDTGIS/Historical_Highway_Marker/MapServer/0,46.953068,-112.108329
MT-110,MT,Anaconda,History,excellent,pending,,,,,Montana Department of Transportation,https://gis.mtmdt.us/server/rest/services/MDTGIS/Historical_Highway_Marker/MapServer/0,46.092105,-112.807253
MT-111,MT,The Bob Marshall Wilderness Country,History,good,pending,,,,,Montana Department of Transportation,https://gis.mtmdt.us/server/rest/services/MDTGIS/Historical_Highway_Marker/MapServer/0,46.994908,-113.023964
MT-112,MT,The March of the Montana Column,History,excellent,pending,,,,,Montana Department of Transportation,https://gis.mtmdt.us/server/rest/services/MDTGIS/Historical_Highway_Marker/MapServer/0,45.60078,-109.066215
MT-113,MT,The Great Inland Seaway,Geology / natural history,fair,official,"(west-bound) View/Download a PDF of the Road Sign For over sixty million years during the Cretaceous Period, much of eastern Montana was underwater, covered by an vast inland sea. As the Rocky Mountains formed to the west, it created a broad, flat coastal plain that was home to many different species of dinosaurs. Indeed, the long life of the sea saw the rise and extinction of many dinosaur species until it finally receded from Montana about 65 million years ago at the end of the Cretaceous Period. The sediments deposited underwater or along the sea's coast formed the spectacular sandstone rimrocks in the Yellowstone River valley between Columbus and Billings. The sea was shallow and warm, probably no more than a few hundred feet deep. But it was home to a wide variety of aquatic life. Oysters lived in dense banks along the shore, while tentacled ammonites fed on monster clams that lived in the shallow water offshore; sharks also cruised the shallows preying on whatever animals appeared tasty to them. For several million years, two predators, synonymous with prehistoric sea creatures, were at the top of the food chain in the sea: the long-necked Plesiosaurs and the snakelike Mosasaurs. Neither animals were dinosaurs, but were air-breathing reptiles who had adapted to living in the oceans. Both were carnivores that ate just about anything they could seize and swallow. Fossils of Plesiosaurs and Mosasaurs have been found throughout eastern Montana. A Brief History: For centuries, the sandstone rimrocks along the Yellowstone River guided travelers between the mountains and the buffalo country to the east. In 1912, regional Good Roads enthusiasts and county officials created one of the first interstate highways in the United States, the Yellowstone Trail, an interconnected network of county roads blazed by distinctive chrome yellow signs with black arrows. The 4,000-mile highway connected Plymouth Rock, Massachusetts and Seattle, Washington with a branch to Yellowstone National Park. Later re-designated U.S. Highway 10, Interstate 90 bypassed it in 1971.",,,,Montana Department of Transportation,https://gis.mtmdt.us/server/rest/services/MDTGIS/Historical_Highway_Marker/MapServer/0,45.598039,-109.065235
MT-114,MT,The Manitoba Railroad,History,excellent,pending,,,,,Montana Department of Transportation,https://gis.mtmdt.us/server/rest/services/MDTGIS/Historical_Highway_Marker/MapServer/0,47.928917,-110.513847
MT-115,MT,Old Trail to the Gold Diggin's,History,good,pending,,,,,Montana Department of Transportation,https://gis.mtmdt.us/server/rest/services/MDTGIS/Historical_Highway_Marker/MapServer/0,45.125688,-112.747121
MT-116,MT,Thar's Gold in Them Thar Hills,Geology / natural history,excellent,pending,,,,,Montana Department of Transportation,https://gis.mtmdt.us/server/rest/services/MDTGIS/Historical_Highway_Marker/MapServer/0,46.356405,-111.545005
MT-117,MT,Evidence of a Catastrophic Event,Geology / natural history,good,official,"Rocks in a small area near Jordan have something in common with the moon. In 1969, Apollo 11 astronauts collected samples that contained a titanium-rich mineral called Armalcolite. The mineral has since been found in a few places on Earth, including in the igneous rocks at Smoky Butte eight miles west of here. The magma that produced the igneous rock was hot enough to bake and harden the layers of sedimentary rock it intruded. The igneous rock and baked sediments are more resistant to erosion, resulting in formation of the butte. The Fort Union Formation and the underlying Hell Creek Formation which is exposed to the south and west of Jordan, record important world-wide events that contributed to the extinction of the dinosaurs. About 75 million years ago the shallow sea that extended from the Arctic to the Gulf of Mexico, receded from this area. The western shoreline of the sea migrated eastward as mountains rose to the west, creating the coastal-plain dinosaur habitat of the Hell Creek Formation. Dinosaur fossils found in the formation include Triceratops, hadrosaurs called Edmontosaurus, the fierce Tyrannosaurus rex, and many others. The top of the Hell Creek Formation includes a layer containing unusual amounts of iridium, an element more abundant in meteorites and asteroids than in terrestrial rocks. Quartz grains in this layer have a distinctive pattern of fractures that could only have come from tremendous shock waves, the kind that a major impact to the earth can produce. Dinosaur fossils are found below this layer in the Hell Creek Formation, but not above it in the Fort Union Formation. Some scientists think that the dinosaur extinction may have been caused by a large extraterrestrial object that crashed into what is now the Yucatan Peninsula of Mexico. The impact engulfed the earth in a massive shroud of dust and debris that blackened the skies, produced widespread fires, and perhaps increased volcanic activity.",,,,Montana Department of Transportation,https://gis.mtmdt.us/server/rest/services/MDTGIS/Historical_Highway_Marker/MapServer/0,47.325029,-106.909465
MT-118,MT,Mining Country,History,poor,pending,,,,,Montana Department of Transportation,https://gis.mtmdt.us/server/rest/services/MDTGIS/Historical_Highway_Marker/MapServer/0,46.272119,-112.249582
MT-120,MT,Glacial Lake Missoula,Geology / natural history,poor,official,"(west-bound) View/Download a PDF of the Road Sign During the last ice age about 15,000 years ago, an enormous glacier pushed down from British Columbia and blocked the Clark Fork River in northern Idaho. The glacier functioned as an ice dam creating the largest glacial lake known to have existed, Glacial Lake Missoula. The lake's waters backed up into the river's drainage in western Montana, creating a body of water comparable to today's Lake Ontario. As the lake filled and water at the ice dam deepened, it caused the lighter glacial ice to float and eventually break up, triggering floods of epic proportions. The water flushed through the Clark Fork drainage west of here enroute to the Pacific Ocean. The torrent scarred the landscape of eastern Washington, creating scablands that still define the landscape. The geologic record indicates that Glacial Lake Missoula filled and emptied on a cyclical basis over a period of about two thousand years. Indeed, the large road cut where the Interstate 90 bridge crosses the Clark Fork River at Nine Mile, ten miles east of here, preserves the record of at least 36 separate fillings of the lake. Other evidence of the glacial floods include ancient ice age shorelines on the mountains around Missoula. A Brief History: In 1860, 150 men under the command of Lieutenant John Mullan carved a wagon road through the colorful Precambrian mudstones on the mountainside north of here. The road took six weeks to construct and required the use of explosives to blast a route through the rocks. Called the Point of Rocks Segment of the Mullan Road, the road still traces its way across the mountainside above here. In 1908, the Chicago, Milwaukee, St. Paul & Pacific (Milwaukee Road) Railroad constructed its transcontinental line through the Clark Fork canyon enroute to Seattle. The railroad also excavated tons of rock to cut its way through these mountains to St. Paul Pass. The old railroad grade, later known as the Route of the Hiawatha for the celebrated passenger train that once used the line, is still evident along the north side of Interstate 90. In 1914, the Yellowstone Trail, blazed by distinctive chrome yellow signs with black arrows, passed through this canyon. The trail became U.S. Highway 10 in 1926. Interstate 90 bypassed it here in 1963.",,,,Montana Department of Transportation,https://gis.mtmdt.us/server/rest/services/MDTGIS/Historical_Highway_Marker/MapServer/0,47.012581,-114.542944
MT-121,MT,Road Agent Trail,History,,pending,,,,,Montana Department of Transportation,https://gis.mtmdt.us/server/rest/services/MDTGIS/Historical_Highway_Marker/MapServer/0,45.545116,-112.334811
MT-122,MT,"Coal, Oil, and Natural Gas",Geology / natural history,,official,"Northeastern Montana is part of the Williston Basin, a slightly irregular, round depression centered in North Dakota that slowly subsided over hundreds of millions of years. Sediment that accumulated in the depression is now up to 16,000 feet deep in the basin. The Williston Basin is a major oil and natural gas province because it has all the right components and conditions for oil and gas formation: organic-rich deposits such as black shale to generate the oil and gas, reservoir rocks where it accumulated such as porous sandstone, and geologic traps. The traps are faults, folds, and lateral changes in the rock that keep the oil and gas from moving out of the area of accumulation.",,,,Montana Department of Transportation,https://gis.mtmdt.us/server/rest/services/MDTGIS/Historical_Highway_Marker/MapServer/0,48.147794,-104.503975
MT-123,MT,Plutons and the Humbug Spires,Geology / natural history,good,pending,,,,,Montana Department of Transportation,https://gis.mtmdt.us/server/rest/services/MDTGIS/Historical_Highway_Marker/MapServer/0,45.834754,-112.684009
MT-124,MT,The Mission Mountain Wilderness,History,good,pending,,,,,Montana Department of Transportation,https://gis.mtmdt.us/server/rest/services/MDTGIS/Historical_Highway_Marker/MapServer/0,47.485602,-114.096292
MT-125,MT,After the Roundup,History,,pending,,,,,Montana Department of Transportation,https://gis.mtmdt.us/server/rest/services/MDTGIS/Historical_Highway_Marker/MapServer/0,46.420686,-105.074644
MT-126,MT,The Little Rocky Mountains,History,fair,pending,,,,,Montana Department of Transportation,https://gis.mtmdt.us/server/rest/services/MDTGIS/Historical_Highway_Marker/MapServer/0,47.795745,-108.633494
MT-127,MT,The Great Highway of the Northwest:,History,,pending,,,,,Montana Department of Transportation,https://gis.mtmdt.us/server/rest/services/MDTGIS/Historical_Highway_Marker/MapServer/0,45.734328,-109.757969
MT-128,MT,Ross’ Hole,History,good,pending,,,,,Montana Department of Transportation,https://gis.mtmdt.us/server/rest/services/MDTGIS/Historical_Highway_Marker/MapServer/0,45.836252,-113.980766
MT-129,MT,The Carroll Trail,History,fair,pending,,,,,Montana Department of Transportation,https://gis.mtmdt.us/server/rest/services/MDTGIS/Historical_Highway_Marker/MapServer/0,46.555084,-110.497998
MT-130,MT,An Imposing and Elaborate Establishment,History,poor,pending,,,,,Montana Department of Transportation,https://gis.mtmdt.us/server/rest/services/MDTGIS/Historical_Highway_Marker/MapServer/0,48.14661,-104.172983
MT-131,MT,The Absaroka - Beartooth Wilderness,History,,pending,,,,,Montana Department of Transportation,https://gis.mtmdt.us/server/rest/services/MDTGIS/Historical_Highway_Marker/MapServer/0,45.295411,-110.834588
MT-132,MT,Cattle Brands,History,,pending,,,,,Montana Department of Transportation,https://gis.mtmdt.us/server/rest/services/MDTGIS/Historical_Highway_Marker/MapServer/0,46.269078,-106.305948
MT-134,MT,Howdy Everyone! Glad to See You,History,excellent,pending,,,,,Montana Department of Transportation,https://gis.mtmdt.us/server/rest/services/MDTGIS/Historical_Highway_Marker/MapServer/0,44.631121,-112.588737
MT-136,MT,Fort Chardon,History,good,pending,,,,,Montana Department of Transportation,https://gis.mtmdt.us/server/rest/services/MDTGIS/Historical_Highway_Marker/MapServer/0,47.742803,-109.627087
MT-137,MT,First Impressions,Lewis & Clark,good,pending,,,,,Montana Department of Transportation,https://gis.mtmdt.us/server/rest/services/MDTGIS/Historical_Highway_Marker/MapServer/0,45.836256,-113.979396
MT-139,MT,The Flathead Indian Reservation,Native American,,pending,,,,,Montana Department of Transportation,https://gis.mtmdt.us/server/rest/services/MDTGIS/Historical_Highway_Marker/MapServer/0,47.27864,-114.194862
MT-140,MT,Butte,History,,pending,,,,,Montana Department of Transportation,https://gis.mtmdt.us/server/rest/services/MDTGIS/Historical_Highway_Marker/MapServer/0,45.991112,-112.475216
MT-141,MT,Belfry,History,excellent,pending,,,,,Montana Department of Transportation,https://gis.mtmdt.us/server/rest/services/MDTGIS/Historical_Highway_Marker/MapServer/0,45.145657,-109.010793
MT-142,MT,Fort Benton and the Mullan Road,History,,pending,,,,,Montana Department of Transportation,https://gis.mtmdt.us/server/rest/services/MDTGIS/Historical_Highway_Marker/MapServer/0,47.839531,-110.685223
MT-143,MT,The Hell Creek Formation,Geology / natural history,excellent,official,"Dinosaurs once ruled the Earth. Fossils of fierce Tyrannosaurus rex, three-horned Triceratops and many other dinosaur species can be found in the rocks of the Hell Creek Formation in eastern Montana. In the early years of the 20th century, cross-country travel by automobile was still an adventure comparable to the covered wagon days of the Old West. Instead of hostile Indians and buffalo stampedes, motorists contended with gumbo mud and rutted dirt tracks that could only marginally be called roads. In May 1916, a group of Spokane businessmen formed the National Parks Highway Association to promote an automobile route between Chicago and Seattle and designated a 3,100-mile route between the two cities as the National Parks Highway. The highway was little more than a patchwork of interconnected and unimproved county roads. In June 1916, Frank Guilbert set out with three companions in two Mitchell Six automobiles to blaze the route. For a month, the expedition battled its way across the northern tier of states, including a very rainy trip across Montana, before arriving in Seattle. The mission proved the feasibility of the National Parks Highway and its potential for tourism and commerce. By 1926, the road was known as U.S. Highway 10 and, in 1971, Interstate 94 superseded the old route.",,,,Montana Department of Transportation,https://gis.mtmdt.us/server/rest/services/MDTGIS/Historical_Highway_Marker/MapServer/0,45.421663,-105.396974
MT-144,MT,The Mission Valley,History,,pending,,,,,Montana Department of Transportation,https://gis.mtmdt.us/server/rest/services/MDTGIS/Historical_Highway_Marker/MapServer/0,47.293914,-114.160807
MT-145,MT,Liquid Gold,History,poor,pending,,,,,Montana Department of Transportation,https://gis.mtmdt.us/server/rest/services/MDTGIS/Historical_Highway_Marker/MapServer/0,48.369926,-106.792612
MT-146,MT,Ekalaka,Native American,,pending,,,,,Montana Department of Transportation,https://gis.mtmdt.us/server/rest/services/MDTGIS/Historical_Highway_Marker/MapServer/0,45.904551,-104.538448
MT-147,MT,Kootenai Falls,Geology / natural history,good,official,"The canyon along the Kootenai River exposes rocks of the Belt Supergroup, which consists of sandstones, called quartzites, and thin layers of hard mudstones or shales. These rocks form most of the outcrops along the highway from east of Libby to the Idaho border. In this area, the rocks are slightly folded so that the river cascades over the inclined hard quartzite beds in the stair-step-like falls. Individual folds may be seen in the north-facing road cut just south of Highway 2, southwest of the parking lot. Another fold may be seen north of the river. These folds resulted from east-west tectonic compression that caused north-to-south trending folds and faults throughout western Montana about 50 to 100 million years ago. When the rocks belonging to the Belt Supergroup were deposited about 1.5 billion years ago during the Precambrian Era, much of western Montana was covered by shallow seas or lakes surrounded by very flat shores. Sediments in the water deposited thin beds of sand, mud, and calcium carbonate. The surfaces of the rocks often display mud cracks, ripple marks, and the spatter marks of raindrops. These structures can be found in outcrops along the Kootenai River, and indicate that the water covering the area was shallow, and occasionally, completely dried up. Algae mats often trapped fine particles of calcium carbonate to form rounded structures called stromatolites. Near the river below Swinging Bridge are wonderful examples of stromatolites. Belt rocks dominate the mountains of northwestern Montana. The rocks along US Highway 2 between the Idaho border and the Continental Divide south of Glacier National Park consist almost entirely of the Belt Supergroup. The rocks next to the highway are brown, gray, red, green, purple, and yellow colors; dramatic cliffs occur where resistant, well-cemented sandstones are exposed.",,,,Montana Department of Transportation,https://gis.mtmdt.us/server/rest/services/MDTGIS/Historical_Highway_Marker/MapServer/0,48.452769,-115.769092
MT-148,MT,From Water Comes Power,Lewis & Clark,good,pending,,,,,Montana Department of Transportation,https://gis.mtmdt.us/server/rest/services/MDTGIS/Historical_Highway_Marker/MapServer/0,47.531172,-111.203758
MT-149,MT,Valley of Opportunity,History,poor,pending,,,,,Montana Department of Transportation,https://gis.mtmdt.us/server/rest/services/MDTGIS/Historical_Highway_Marker/MapServer/0,45.712277,-111.064351
MT-150,MT,Battle of Bull Creek,History,,pending,,,,,Montana Department of Transportation,https://gis.mtmdt.us/server/rest/services/MDTGIS/Historical_Highway_Marker/MapServer/0,47.93133,-108.723995
MT-152,MT,The Place Now Called Camp Disappointment,Lewis & Clark,fair,pending,,,,,Montana Department of Transportation,https://gis.mtmdt.us/server/rest/services/MDTGIS/Historical_Highway_Marker/MapServer/0,48.659523,-112.759083
MT-154,MT,Souvenirs of the Ice Ages,Geology / natural history,fair,official,"Highway 200 near this rest area passes through one of the most spectacular ice-age landscapes in Montana. Glaciers advanced out of the Mission and Swan ranges, and the mountains in the Bob Marshall-Scapegoat wildernesses, forming an ice cap that nearly filled in the valleys to the peaks from Salmon Lake to the Flathead Valley, about eighty miles north of here. Glaciers sculpted the rugged mountain peaks of the mountain ranges you can see from the rest area. This ice cap was connected to the vast Cordilleran Ice Sheet that extended into the United States from the Canadian Rockies. Glaciers formed in this area multiple times over about 300,000 years during two ice ages: the Bull Lake and Pinedale. During the Bull Lake Ice Age, about 140,000 years ago, the glaciers flowed farther south into the valleys south of Ovando and Helmville. Between 60,000 and 15,000 years ago the ice cap formed again. Southward spreading glaciers carried gravel and sand into the Ovando area, about one to two miles south of Highway 200. Melting glaciers left behind mounds of rock and soil debris, called moraines. The low areas between the moraines mark places where the glacial till wasn’t deposited, leaving hollows that filled with water. Many of the ancient hollows can still be seen today as wetlands, shallow ponds and small lakes. Large depressions north of the rest area along Highway 83 are called kettles. Masses of ice buried in the outwash gravels melted forming the depressions. The smooth broad plains to the north and east of here are glacial outwash plains. They were once the location of raging streams that carried meltwater loaded with mud, sand, gravel from the front of melting glaciers. These valleys are now the agricultural land along the Clearwater and Blackfoot rivers.",,,,Montana Department of Transportation,https://gis.mtmdt.us/server/rest/services/MDTGIS/Historical_Highway_Marker/MapServer/0,47.002357,-113.368901
MT-155,MT,The Valley of a Thousand Haystacks,History,,pending,,,,,Montana Department of Transportation,https://gis.mtmdt.us/server/rest/services/MDTGIS/Historical_Highway_Marker/MapServer/0,46.591014,-112.656975
MT-156,MT,The Rocky Mountain Trench,Geology / natural history,poor,official,"Eureka is situated in a 1000-mile long valley called the Rocky Mountain Trench. This gigantic rift valley stretches all the way from the British Columbia-Yukon border south to the St. Ignatius area and averages about 15-miles wide. The high mountains on both sides of the trench are composed of Precambrian sedimentary rocks that were deposited in an inland sea more than 1.4 billion years ago. But the mountains themselves did not begin forming until about 110 million years ago when the North American tectonic plate overrode the Pacific plate far to the west. This collision shoved enormous pieces of the earth’s crust eastward, where they rode up and over the rocks to the east along thrust faults and stacked up ""like shingles on a roof"" to create the Rocky Mountains. Then about 55 million years ago, the tectonic setting changed and the earth’s crust in this region began to pull apart, reversing the movement on some of the ""shingles"" and dropping them back down along normal faults. The rounded hills along the highway north of Eureka are called drumlins. The elongated hills consist of glacial till that form near the lower ends of glaciers where the ice is thin. The hills are oriented parallel to the movement of the ice with the higher blunt end facing into the glacial movement and the thin tails trailing off in the downflow direction. Drumlins are whale-shaped in profile and like schools of monstrous tadpoles from the air. The hills usually occur in groups called a drumlin field.",,,,Montana Department of Transportation,https://gis.mtmdt.us/server/rest/services/MDTGIS/Historical_Highway_Marker/MapServer/0,48.911066,-115.056756
MT-157,MT,The Sweet Grass Hills,History,excellent,official,"The three distinctive buttes on the horizon to the east are called collectively the Sweet Grass Hills. West Butte, the closest and highest, rises 3,000 feet above the plains. Middle Butte, farther in the distance and a little to the south, is grass covered and East Butte is the most distant. Together these three buttes make this range the most prominent in north central Montana. Like many of the mountain ranges on Montana’s great plains, the Sweet Grass Hills are the result of igneous activity about 50 million years ago when molten rock intruded Cretaceous sedimentary rocks. The surrounding sedimentary rocks were more rapidly eroded than the hard igneous rock leaving these three buttes and two much smaller buttes jutting up above the plains. At approximately the same time, similar igneous activity occurred in what are now the Highwood and Bears Paw Mountains and other mountains in central Montana. A continental glacier that flowed south from Canada covered this area with an estimated thickness of more than a 1,000 feet of ice, leaving the upper third of these buttes sticking up above the ice. Because the Sweet Grass Hills were not completely ice covered, they do not have the rugged sculpted appearance that characterizes many Montana mountain ranges. Katoyisiks is the Blackfeet word for the Sweet Grass Hills and means ""Sweet Pine Hills."" Some of Blackfeet’s oldest stories and traditions involve the hills. According to Blackfeet tradition, Old Man made the Sweet Grass Hills with rocks he carried with him after creating the earth. Long ago the Blackfeet surrounded a party of Crow Indians on the Middle Butte. As night came and throughout the night, the Blackfeet pushed the Crow further up the hill. As this was occurring, the Crow would sing a particular song. With the first light of morning, the Blackfeet closed off their circle at the top. The Crow were gone. The Blackfeet still use this song in their ceremonies, such as the Sundance.",,,,Montana Department of Transportation,https://gis.mtmdt.us/server/rest/services/MDTGIS/Historical_Highway_Marker/MapServer/0,48.543319,-110.858893
MT-158,MT,Claggett Hill Trail,History,good,pending,,,,,Montana Department of Transportation,https://gis.mtmdt.us/server/rest/services/MDTGIS/Historical_Highway_Marker/MapServer/0,47.715045,-109.62492
MT-160,MT,Lewis and Clark in Salish Territory,Lewis & Clark,excellent,pending,,,,,Montana Department of Transportation,https://gis.mtmdt.us/server/rest/services/MDTGIS/Historical_Highway_Marker/MapServer/0,46.741921,-114.081228
MT-161,MT,Brave New World,History,good,pending,,,,,Montana Department of Transportation,https://gis.mtmdt.us/server/rest/services/MDTGIS/Historical_Highway_Marker/MapServer/0,46.874917,-113.88543
MT-162,MT,Atlantic Cable Quartz Node,History,good,pending,,,,,Montana Department of Transportation,https://gis.mtmdt.us/server/rest/services/MDTGIS/Historical_Highway_Marker/MapServer/0,46.170239,-113.171344
MT-163,MT,Old Fort Gilbert,History,,pending,,,,,Montana Department of Transportation,https://gis.mtmdt.us/server/rest/services/MDTGIS/Historical_Highway_Marker/MapServer/0,47.787187,-104.111028
MT-164,MT,Yellowstone River Trading Posts,History,,pending,,,,,Montana Department of Transportation,https://gis.mtmdt.us/server/rest/services/MDTGIS/Historical_Highway_Marker/MapServer/0,46.217942,-107.250054
MT-165,MT,The Little Belt Mountains,Geology / natural history,good,pending,,,,,Montana Department of Transportation,https://gis.mtmdt.us/server/rest/services/MDTGIS/Historical_Highway_Marker/MapServer/0,46.933173,-110.735602
MT-166,MT,Finding the Falls,Lewis & Clark,good,pending,,,,,Montana Department of Transportation,https://gis.mtmdt.us/server/rest/services/MDTGIS/Historical_Highway_Marker/MapServer/0,47.532166,-111.206378
MT-167,MT,Fort Peck Indian Reservation,Native American,fair,pending,,,,,Montana Department of Transportation,https://gis.mtmdt.us/server/rest/services/MDTGIS/Historical_Highway_Marker/MapServer/0,48.113025,-105.192251
MT-168,MT,The Natural Pier Bridge,History,fair,pending,,,,,Montana Department of Transportation,https://gis.mtmdt.us/server/rest/services/MDTGIS/Historical_Highway_Marker/MapServer/0,47.014491,-114.506707
MT-169,MT,The 1959 Earthquake,History,,pending,,,,,Montana Department of Transportation,https://gis.mtmdt.us/server/rest/services/MDTGIS/Historical_Highway_Marker/MapServer/0,44.662625,-111.100897
MT-170,MT,Trail Through Time,Lewis & Clark,poor,pending,,,,,Montana Department of Transportation,https://gis.mtmdt.us/server/rest/services/MDTGIS/Historical_Highway_Marker/MapServer/0,45.712088,-111.063896
MT-171,MT,The Queen of the Judith Basin,History,good,pending,,,,,Montana Department of Transportation,https://gis.mtmdt.us/server/rest/services/MDTGIS/Historical_Highway_Marker/MapServer/0,47.199276,-109.39919
MT-173,MT,Ingomar,History,,pending,,,,,Montana Department of Transportation,https://gis.mtmdt.us/server/rest/services/MDTGIS/Historical_Highway_Marker/MapServer/0,46.583118,-107.375738
MT-175,MT,First People in the Gallatin Valley,Lewis & Clark,fair,pending,,,,,Montana Department of Transportation,https://gis.mtmdt.us/server/rest/services/MDTGIS/Historical_Highway_Marker/MapServer/0,45.712063,-111.0641
MT-177,MT,Yogo Sapphires,History,,pending,,,,,Montana Department of Transportation,https://gis.mtmdt.us/server/rest/services/MDTGIS/Historical_Highway_Marker/MapServer/0,47.014725,-109.872625
MT-178,MT,Lewis & Clark,Lewis & Clark,fair,pending,,,,,Montana Department of Transportation,https://gis.mtmdt.us/server/rest/services/MDTGIS/Historical_Highway_Marker/MapServer/0,45.712107,-111.064297
MT-180,MT,The Montana - Utah Road,History,good,pending,,,,,Montana Department of Transportation,https://gis.mtmdt.us/server/rest/services/MDTGIS/Historical_Highway_Marker/MapServer/0,44.852166,-112.796674
MT-181,MT,The Crazy Mountains,History,good,pending,,,,,Montana Department of Transportation,https://gis.mtmdt.us/server/rest/services/MDTGIS/Historical_Highway_Marker/MapServer/0,46.446225,-109.938628
MT-182,MT,The Pryor Mountains,History,fair,official,"The Pryor Mountains are located on the horizon to the southeast. The prominent cliffs and dip slopes are Madison Limestone, which was deposited in shallow seas over 300 million years ago. Along the margins of the mountains, younger tan colored Tensleep sandstone and brick-red Chugwater Formation crop out. Canyons in the range expose older rocks, including Precambrian basement rock more than two billion years old. Crustal blocks that form the Pryor Mountains were uplifted along reverse faults about 65-55 million years ago. Over millions of years, water dissolved deep caves in the limestone. Some open vertically to the surface, allowing cold dense air to sink down into the cave. The rock acts as an insulator, trapping the dense air and moisture underground, resulting in spectacular ice caves, such as Big Ice Cave. Other caves in the mountains have fantastic formations of stalagmites and stalactites. About 115 million years ago, a 10-foot long dinosaur with razor-sharp claws and teeth and retractable slashing talons on its hind feet hunted in packs in this area. Lightly-built, agile and quick, this intelligent carnivore could run at speeds up to 25 miles per hour and was the perfect killing machine of its time. In 1964, on a wind-swept hill in the badlands near here, Yale professor John Ostrom discovered the fossil remains of just such a creature. Called Deinonychus (""Terrible Claw""), the discovery of this animal revolutionized the study of paleontology and changed our understanding of dinosaurs. Because of its unique skeletal structure, Deinonychus had more in common with birds than it did reptiles. The great amount of energy needed for it to survive has also led some to believe that it was warmblooded rather than cold-blooded like its reptilian cousins. Because of Deinonychus, paleontologists now consider dinosaurs to have been agile, smart, and social animals rather than slow-moving and dull-witted. Fortunately for us, Deinonychus died out millions of years ago and no longer scours these hills for prey.",,,,Montana Department of Transportation,https://gis.mtmdt.us/server/rest/services/MDTGIS/Historical_Highway_Marker/MapServer/0,45.337994,-108.916222
MT-183,MT,The Tendoy Mountains,Geology / natural history,,pending,,,,,Montana Department of Transportation,https://gis.mtmdt.us/server/rest/services/MDTGIS/Historical_Highway_Marker/MapServer/0,44.631107,-112.588847
MT-184,MT,The Anaconda Pintler and Flint Creek Mountains,Geology / natural history,fair,official,"The mountains surrounding this valley began to form more than 100 million years ago when tectonic forces compressed the earth’s crust and forced layers of underlying sedimentary rock eastward along great thrust faults. The faults stacked flat slices of rocks on top of one another to form high mountains similar to the Andes or Himalayas today. Molten rock was injected beneath the surface and cooled to form large masses of granite, called the Boulder Batholith, that are now exposed on the east side of the Deer Lodge Valley. Then, about 50 million years ago, the earth’s crust in this region began to be pulled apart. The crustal rocks were broken and the Anaconda-Pintler and Flint Creek Mountains to your west were separated from the Deer Lodge Valley by a gently east-sloping normal fault called the Anaconda detachment fault that forms the gently sloping mountain front on the west side of this valley. Rocks that form the mountains are hard, resistant metamorphic and igneous rocks brought up from deep in the earth’s crust. The sedimentary rocks that formerly lay on top of those in the mountains slid eastward and downward along the detachment fault, and now lie buried beneath the Deer Lodge Valley. As the valley dropped and the mountains rose, the valley filled with thousands of feet of younger material derived from the eroding mountains. Although the Anaconda detachment fault is no longer active, other similar, but steeper, normal faults are, and so the mountains may still be growing.",,,,Montana Department of Transportation,https://gis.mtmdt.us/server/rest/services/MDTGIS/Historical_Highway_Marker/MapServer/0,46.092379,-112.807785
MT-185,MT,The Place Where the White Horse Went Down,Native American,fair,pending,,,,,Montana Department of Transportation,https://gis.mtmdt.us/server/rest/services/MDTGIS/Historical_Highway_Marker/MapServer/0,45.802756,-108.480787
MT-186,MT,A Lost World,Geology / natural history,fair,official,"(west-bound) View/Download a PDF of the Road Sign Imagine a world very different than we know today. About 1.5 billion years ago during the Precambrian Era, the earth's environment was desolate, with no trees, fish, animals or birds. Shallow seas with extensive near-shore flats were fed by streams that deposited great amounts of sand and mud. Rain frequently fell and pooled in vast shallow lakes and ponds in what would one day become northwest Montana. Despite the hostile environment, blue-green algae mats often trapped fine particles of calcium carbonate to form structures called stromatolites, that grew in shallow nearshore environments. The surface of the rocks often display mud cracks, ripple marks, and, sometimes, the spatter marks of primeval raindrops. The earth's crust slowly sank for about 100 million years forming a large geologic basin in which Belt Supergroup sediments accumulated as much as 10 miles thick! The rocks are common in northern and central Idaho and western Montana, and extend east to the Little Belt Mountains in central Montana. The sedimentary rocks along Interstate 90 between Lookout Pass and Alberton are almost entirely rocks of the Belt Supergroup. These rocks are distinguished by brown, gray, red, green, purple, and yellow colors and locally form dramatic cliffs where resistant, well-cemented sandstones are exposed in the canyon. Interstate 90 from near Lookout Pass through Missoula is located along the Lewis and Clark Fault Zone, a series of faults that stretch between northwest Washington State and the Helena area. The faults had significant movement about 70 million years ago when the Rocky Mountains were uplifting and were active until at least 25 million years ago. Interstate 90 and US Highway 10 in western Montana follow the trend of the faults along straight canyons that eroded along the fault zone.",,,,Montana Department of Transportation,https://gis.mtmdt.us/server/rest/services/MDTGIS/Historical_Highway_Marker/MapServer/0,47.419386,-115.628847
MT-187,MT,The Bozeman Trail,History,excellent,pending,,,,,Montana Department of Transportation,https://gis.mtmdt.us/server/rest/services/MDTGIS/Historical_Highway_Marker/MapServer/0,45.455363,-109.448742
MT-188,MT,Canyon Ferry,History,excellent,pending,,,,,Montana Department of Transportation,https://gis.mtmdt.us/server/rest/services/MDTGIS/Historical_Highway_Marker/MapServer/0,46.356482,-111.545045
MT-189,MT,Howse House,History,,pending,,,,,Montana Department of Transportation,https://gis.mtmdt.us/server/rest/services/MDTGIS/Historical_Highway_Marker/MapServer/0,48.167483,-114.29073
MT-190,MT,"Mountains, Belt Butte, and Great Falls Coal Field",Geology / natural history,excellent,official,"The scenic Highwood Mountains, visible on the skyline to the northeast, are composed of resistant volcanic rocks which tower above the relatively soft surrounding sedimentary rocks. The mountains contain an unusual abundance of a dark igneous rock called shonkinite. Shonkinite occurs in other parts of the world, but it was named for the exposures found near the community of Shonkin on the north side of the Highwood Mountains. As you drive to the northwest, look for a prominent hill known as Belt Butte northeast of the highway. You can recognize it by its ""belt"" of Cretaceous sandstone. Belt Butte is notable because it gave its name to Belt Creek, the town of Belt, and to the Big and Little Belt mountains to the south. The Belt Supergroup, an extremely thick and extensive package of western Montana sedimentary and metamorphosed sedimentary rock, hundreds of millions of years old, is found in many mountain ranges of western Montana. The Supergroup was named for the Big and Little Belt mountains thanks to the ""belt"" of sandstone around Belt Butte! The Little Belt Mountains, visible to the south, were bowed up by multiple blister-like pockets of magma, molten rock that arched up the overlying sedimentary layers to form domes. The domes and mountains are cored by igneous rock formed about the same time as the Highwood Mountains, about 50 million years ago. The Great Falls coal field extends through the Armington area. The coal is discontinuous, having developed from plant material that accumulated in a number of Early Cretaceous swamps. Compaction of the remains of swamp plants over millions of years produced the medium-grade bituminous coal in the area. Coal mined in this area powered the locomotives of the Great Northern Railway, fueled the smelter at Great Falls, and heated homes throughout central Montana. Coal mining in the area declined after 1950, when the coal of the Great Falls field could not compete with diesel, oil, and natural gas.",,,,Montana Department of Transportation,https://gis.mtmdt.us/server/rest/services/MDTGIS/Historical_Highway_Marker/MapServer/0,47.34986,-110.895948
MT-191,MT,A Perfect Defile,Geology / natural history,poor,official,"(south-bound) View/Download a PDF of the Road Sign Here nestled deep in the Big Belt Mountains, is one of the most spectacular canyons in Montana. More than a billion years ago, during the Precambrian Era, an ancient inland seaway deposited these shales and sands, which over time, became these vibrant red and green mudstones called ""Spokane Shale"" for the Spokane Hills east of Helena. The Big Belts themselves consist primarily of Spokane Shale. They contrast with the magnificent white cliffs of Madison Limestone exposed in the nearby Gates of the Mountains and the drab gravels of Confederate Gulch to the southeast. The greenish colors in the mudstones are provided by tiny amounts of iron minerals that formed on mudflats that were low in oxygen; the intervening pinkish layers oxidized in contact with slightly greater amounts of oxygen. Like most sedimentary rocks, there were originally laid down as horizontal layers. About 70 million years ago these rocks were crumpled, folded, and faulted during formation of the Rocky Mountains. As the floor of the Pacific Ocean slowly collided with the western margin of North America the horizontal layers became bent, broken, and tilted as you see them now. The most pronounced crumpling is here in the ""overthrust belt"" near the eastern edge of the Rockies. The Precambrian sedimentary rocks thin eastward in this area where they overlie the hard granite-like ""basement"" rocks of the central part of the continent. A Brief History: Although this multi-hued and rugged canyon was well-known to Native Americans for thousands of years, it was first recorded by road-builder John Mullan in 1859. He called this rocky canyon ""a perfect defile"" and ""by far the most difficult of any point along the [road], from Hell's Gate to Fort Benton."" In 1865, the Territorial Legislature granted a license to the Little Prickly Pear Wagon Road Company to build a toll road through the canyon. A year later, in 1866, Helena merchants James King and Warren Gillette bought the road and spent $40,000 upgrading it. By then traffic on it between Fort Benton and Helena had become so heavy, that the men were able to recoup their expenditure within two years. By the early 1870s, it was part of the Benton Road, an important freight and passenger route in the territory. Thereafter, other roads and a railroad were constructed through the Prickly Pear Canyon, culminating in the completion of Interstate 15 in 1967. Montana's first Interstate rest area, here at Lyons' Creek, was built in 1965.",,,,Montana Department of Transportation,https://gis.mtmdt.us/server/rest/services/MDTGIS/Historical_Highway_Marker/MapServer/0,46.954424,-112.107494
MT-193,MT,Bannack,History,good,pending,,,,,Montana Department of Transportation,https://gis.mtmdt.us/server/rest/services/MDTGIS/Historical_Highway_Marker/MapServer/0,45.125644,-112.747213
MT-194,MT,Earthquakes!,Geology / natural history,,official,"Few natural events cause as much fear in people as earthquakes. They remind us that the Earth is always changing and renewing itself and that this sometimes occurs violently and without warning. Earthquakes happen when stored energy is suddenly released by movement along a fault. A fault is a fracture that allows blocks of rocks to slide past each other. Tectonic forces gradually apply stress to the fault but friction along the fault keep the two sides locked in place. Eventually, the stress builds to the point where frictional forces locking the fault are exceeded and opposite sides of the fault suddenly slip past each other, releasing the stored energy. Some of this released energy radiates away from the fault surface as seismic waves, which we feel as an earthquake. The earthquakes in southwestern Montana are part of Intermountain Seismic Belt, a zone of frequent earthquake activity that extends about 800 miles from northwest Montana southward through Yellowstone National Park, through the Salt Lake City area, and all the way to southwestern Utah. A branch of the Intermountain Seismic Belt extends from Yellowstone about 300 miles west to the Idaho-Oregon border. The Intermountain Seismic Belt results from gradual stretching of the North American tectonic plate as it interacts with the Pacific tectonic plate. On August 17, 1959, a magnitude 7.3 earthquake struck Hebgen Lake about 12 miles northeast of here. The earthquake ruptured two faults, the Hebgen Lake fault and the Red Canyon fault, and caused parts of the Hebgen Lake basin to subside as much as 22 feet. The sudden tilting of Hebgen Lake caused a large wave—a seiche—to wash back and forth across the lake overtopping Hebgen Dam and sweeping shoreline cabins off their foundations. It also shook loose a mountainside—the 37 million cubic yard Madison Canyon landslide—that dammed the Madison River to form Earthquake Lake. The landslide buried part of a campground, killing 26 people.",,,,Montana Department of Transportation,https://gis.mtmdt.us/server/rest/services/MDTGIS/Historical_Highway_Marker/MapServer/0,44.82794,-111.467664
MT-195,MT,The Frenchwoman's Road,History,excellent,pending,,,,,Montana Department of Transportation,https://gis.mtmdt.us/server/rest/services/MDTGIS/Historical_Highway_Marker/MapServer/0,46.561911,-112.307607
MT-196,MT,Wood Mountain Trail,History,good,pending,,,,,Montana Department of Transportation,https://gis.mtmdt.us/server/rest/services/MDTGIS/Historical_Highway_Marker/MapServer/0,48.736331,-105.420812
MT-197,MT,Journey Not Easily Forgotten,Lewis & Clark,fair,pending,,,,,Montana Department of Transportation,https://gis.mtmdt.us/server/rest/services/MDTGIS/Historical_Highway_Marker/MapServer/0,47.53213,-111.206329
MT-198,MT,"The Bitterroot Valley, Home of the Selis",Native American,excellent,pending,,,,,Montana Department of Transportation,https://gis.mtmdt.us/server/rest/services/MDTGIS/Historical_Highway_Marker/MapServer/0,46.741951,-114.081239
MT-199,MT,The Oily Boid Gets the Woim,History,,pending,,,,,Montana Department of Transportation,https://gis.mtmdt.us/server/rest/services/MDTGIS/Historical_Highway_Marker/MapServer/0,48.489348,-111.817776
MT-200,MT,Historic Rainbow Hydroelectric Development,Lewis & Clark,good,pending,,,,,Montana Department of Transportation,https://gis.mtmdt.us/server/rest/services/MDTGIS/Historical_Highway_Marker/MapServer/0,47.531188,-111.20377
MT-201,MT,Indian Country,History,excellent,pending,,,,,Montana Department of Transportation,https://gis.mtmdt.us/server/rest/services/MDTGIS/Historical_Highway_Marker/MapServer/0,47.312644,-106.909372
MT-202,MT,Camp Disappointment,History,poor,pending,,,,,Montana Department of Transportation,https://gis.mtmdt.us/server/rest/services/MDTGIS/Historical_Highway_Marker/MapServer/0,48.659566,-112.759104
MT-203,MT,A Wonderful Piece of Engineering: the Mullan Road,History,,pending,,,,,Montana Department of Transportation,https://gis.mtmdt.us/server/rest/services/MDTGIS/Historical_Highway_Marker/MapServer/0,47.419774,-115.625439
MT-204,MT,Old Agency on the Teton,History,good,pending,,,,,Montana Department of Transportation,https://gis.mtmdt.us/server/rest/services/MDTGIS/Historical_Highway_Marker/MapServer/0,47.853346,-112.232546
MT-205,MT,The Powder River Country,History,,pending,,,,,Montana Department of Transportation,https://gis.mtmdt.us/server/rest/services/MDTGIS/Historical_Highway_Marker/MapServer/0,45.421965,-105.397344
MT-206,MT,Mountains on the Move,Geology / natural history,fair,official,"The spectacular Bitterroot Mountains northwest of Sula expose granite rocks of the Idaho batholith, a major geologic feature that consists of a series of igneous intrusions that pushed their way toward the surface between about 80 and 53 million years ago. The molten magma that formed these intrusions forced its way into older rocks and crystallized more than ten miles below the surface. As the magma rose upward, it raised up the overlying rocks, which sloughed off an enormous block that slid to the east, forming the Sapphire Range on the east side of the Bitterroot Valley. It took about seven million years for this block to slowly slide along a surface that forms the eastern slope of much of the Bitterroot Range. The granite rock exposed along US Highway 93 in the Sula area are part of this block that was once in the present Bitterroot Range. About 50 million years ago, magma again rose up through the crust of the earth resulting in the eruption of large volumes of volcanic rock in the southern Bitterroot Range southwest of Sula. Glaciers capped much of the Bitterroot Range and carved dramatic U-shaped profiles into side drainages that flow eastward into the Bitterroot Valley. The last glaciation ended about 15,000 years ago. Multiple times during the glacial ages, a glacier dammed the Clark Fork River near the Idaho/Montana border forming Glacial Lake Missoula. The highest lake stand reached an altitude of 4,200 feet above sea level, forming a lakeshore only a few miles downstream of Sula.",,,,Montana Department of Transportation,https://gis.mtmdt.us/server/rest/services/MDTGIS/Historical_Highway_Marker/MapServer/0,45.836253,-113.979598
MT-207,MT,The Montana Central Railroad,History,good,pending,,,,,Montana Department of Transportation,https://gis.mtmdt.us/server/rest/services/MDTGIS/Historical_Highway_Marker/MapServer/0,46.953396,-112.108103
MT-208,MT,Belt Commercial Historic District,History,good,pending,,,,,Montana Department of Transportation,https://gis.mtmdt.us/server/rest/services/MDTGIS/Historical_Highway_Marker/MapServer/0,47.387642,-110.927504
MT-209,MT,The Great Clearing,Lewis & Clark,good,pending,,,,,Montana Department of Transportation,https://gis.mtmdt.us/server/rest/services/MDTGIS/Historical_Highway_Marker/MapServer/0,45.836271,-113.979321
MT-210,MT,The New World Mining District,History,excellent,pending,,,,,Montana Department of Transportation,https://gis.mtmdt.us/server/rest/services/MDTGIS/Historical_Highway_Marker/MapServer/0,45.018179,-109.942988
MT-211,MT,Welcome to Dinosaur Country,Geology / natural history,,official,"Montana is famous for its dinosaur fossils. Paleontologists have discovered seventy-five different species of dinosaurs in Montana, more than any other state in America. The oldest dinosaur fossils are found in rocks of the Jurassic Period, which are 155 million years old. They include the gigantic Diplodocus, the plated Stegosaurus, and the fearsome Allosaurus. Most Montana dinosaurs come from Cretaceous Period rocks, including the ""raptor"" Deinonychus, made notorious by the 1993 motion picture Jurassic Park, and the burrowing dinosaur Oryctodromeus. About 80-75 million years ago, nesting dinosaurs like Maiasaura and Troodon lived in the coastal plains next to the inland sea. Many millions of years later, Tyrannosaurus rex, vast herds of horned Triceratops, and the armored Ankylosaurus all lived in Montana. During the millions of years the dinosaurs ruled this region, the climate and geography were very different from today. Inland bays of the Pacific Ocean during Jurassic times and the Atlantic Ocean during the Cretaceous period provided Montana with a hot and humid subtropical climate. A Brief History: Montana's big sky drew tourists even during the darkest days of the Great Depression in the 1930s. Thousands of people came to Montana to enjoy its wide open spaces and experience its Old West heritage. Good roads and cheap gasoline helped make it possible. The Montana Department of Transportation distributed colorful highway maps and brochures at ports-of-entry stations and information centers. Beginning in 1935, the MDT installed interpretive markers at roadside picnic areas to tell readers about Montana's exciting history. The signs told stories reminiscent of a cowboy spinning a yarn to a greenhorn. Over 250 roadside signs still introduce visitors and residents to Montana's history and geology.",,,,Montana Department of Transportation,https://gis.mtmdt.us/server/rest/services/MDTGIS/Historical_Highway_Marker/MapServer/0,46.990303,-104.179198
MT-212,MT,Freighters,History,good,pending,,,,,Montana Department of Transportation,https://gis.mtmdt.us/server/rest/services/MDTGIS/Historical_Highway_Marker/MapServer/0,46.406554,-112.013237
MT-213,MT,Appreciation,OTHER,good,pending,,,,,Montana Department of Transportation,https://gis.mtmdt.us/server/rest/services/MDTGIS/Historical_Highway_Marker/MapServer/0,45.1257,-112.74717
MT-214,MT,A Wonderful Piece of Engineering: the Big Side Cut,History,excellent,pending,,,,,Montana Department of Transportation,https://gis.mtmdt.us/server/rest/services/MDTGIS/Historical_Highway_Marker/MapServer/0,47.020804,-114.519965
MT-215,MT,The Powder River and the Red Trail,History,good,pending,,,,,Montana Department of Transportation,https://gis.mtmdt.us/server/rest/services/MDTGIS/Historical_Highway_Marker/MapServer/0,46.426465,-105.31215
MT-217,MT,The Pryor Mountains and Raptor Country,Geology / natural history,good,official,"The Pryor Mountains are located on the horizon to the southeast. The prominent cliffs and dip slopes are Madison Limestone, which was deposited in shallow seas over 300 million years ago. Along the margins of the mountains, younger tan colored Tensleep sandstone and brick-red Chugwater Formation crop out. Canyons in the range expose older rocks, including Precambrian basement rock more than two billion years old. Crustal blocks that form the Pryor Mountains were uplifted along reverse faults about 65-55 million years ago. Over millions of years, water dissolved deep caves in the limestone. Some open vertically to the surface, allowing cold dense air to sink down into the cave. The rock acts as an insulator, trapping the dense air and moisture underground, resulting in spectacular ice caves, such as Big Ice Cave. Other caves in the mountains have fantastic formations of stalagmites and stalactites. About 115 million years ago, a 10-foot long dinosaur with razor-sharp claws and teeth and retractable slashing talons on its hind feet hunted in packs in this area. Lightly-built, agile and quick, this intelligent carnivore could run at speeds up to 25 miles per hour and was the perfect killing machine of its time. In 1964, on a wind-swept hill in the badlands near here, Yale professor John Ostrom discovered the fossil remains of just such a creature. Called Deinonychus (""Terrible Claw""), the discovery of this animal revolutionized the study of paleontology and changed our understanding of dinosaurs. Because of its unique skeletal structure, Deinonychus had more in common with birds than it did reptiles. The great amount of energy needed for it to survive has also led some to believe that it was warmblooded rather than cold-blooded like its reptilian cousins. Because of Deinonychus, paleontologists now consider dinosaurs to have been agile, smart, and social animals rather than slow-moving and dull-witted. Fortunately for us, Deinonychus died out millions of years ago and no longer scours these hills for prey.",,,,Montana Department of Transportation,https://gis.mtmdt.us/server/rest/services/MDTGIS/Historical_Highway_Marker/MapServer/0,45.337896,-108.916261
MT-218,MT,The Judith Landing,History,good,pending,,,,,Montana Department of Transportation,https://gis.mtmdt.us/server/rest/services/MDTGIS/Historical_Highway_Marker/MapServer/0,47.725989,-109.634739
MT-219,MT,Madison Limestone and the Garnet Mountains,Geology / natural history,fair,official,"(east-bound) I-90 Frontage Road (old US 10), MP 10, ten miles west of Drummond GPS Latitude: 46.7204 Longitude: -113.3163 View/Download a PDF of the Road Sign About 350 million years ago, much of Montana was submerged under a shallow sea. Billions of tiny marine creatures thrived in the water and when they died their bodies settled into the muck on the sea bed. After hundreds of millions of years of accumulation and many more millions of years it metamorphosed into the pale gray rocks that are known today as Madison Limestone. The limestone is common throughout Montana, eastern Idaho, northern Wyoming, and in the Dakotas. In Montana, the limestone beds are from 1,000 to 2,000 feet thick in places. Because Madison Limestone resists weathering and erosion much better than most other kinds of rocks, it forms many of the spectacular cliffs and dramatic ridges that make Montana such a scenic place to drive through. A magnificent outcrop of Madison Limestone is visible on the north side of Interstate 90 just a few miles east of this rest area. The limestone pinnacles were exposed when the soil around them eroded away, creating the dramatic canyon along the Clark Fork River. The red streaks visible on the rocks and soil is iron oxide. About 75 million years ago molten rock intruded the area near the crest of the Garnet Range, seven miles north of this rest area. Northwest-trending faults and rock layers channeled mineral-rich fluids from the intrusion into Cambrian and Precambrian rocks to form three principal gold veins and numerous smaller, gold-bearing zones. Prospectors discovered gold placers at the mouth of Bear Gulch, about a mile northeast of the rest area in 1865; discoveries in other drainages of the Garnet Range soon followed. Although goldbearing veins were discovered by 1866, the technology was not readily available to work them. By 1896, however, numerous underground mines were producing gold, silver, and copper. In 1898, more than 1,000 people lived in the town of Garnet to support the miners living in the surrounding area.",,,,Montana Department of Transportation,https://gis.mtmdt.us/server/rest/services/MDTGIS/Historical_Highway_Marker/MapServer/0,46.703456,-113.338087
MT-220,MT,Dupuyer,History,excellent,pending,,,,,Montana Department of Transportation,https://gis.mtmdt.us/server/rest/services/MDTGIS/Historical_Highway_Marker/MapServer/0,48.198437,-112.506736
MT-221,MT,Bearmouth,History,,pending,,,,,Montana Department of Transportation,https://gis.mtmdt.us/server/rest/services/MDTGIS/Historical_Highway_Marker/MapServer/0,46.703704,-113.338224
MT-222,MT,Rosebud,History,,pending,,,,,Montana Department of Transportation,https://gis.mtmdt.us/server/rest/services/MDTGIS/Historical_Highway_Marker/MapServer/0,46.26909,-106.305964
MT-223,MT,The Red-Capped Hills of Eastern Montana,Geology / natural history,,official,"Striking red rock caps many of the hills of eastern Montana. Some of the rock looks volcanic, so it has incorrectly been called scoria. Lewis and Clark attributed the red rock to burning coal beds and called the red areas ""burnt hills."" Geologists call the rock clinker. It occurs within the Fort Union Formation which contains coal beds sandwiched between soft sedimentary rock. Clinker develops when coal burns from the surface into a hill, where it cooks, fuses, and melts the adjacent rock, forming new, completely different types of rocks. Sandstone is baked to a brick-like rock. Shale may be fused like a ceramic in a kiln. Other rock may melt to look like hardened lava. The heat from burning coal rises, so most of the clinker develops above the burning coal bed. Some clinker beds are 100 feet thick. Clinker beds are porous allowing water to infiltrate into them rather than run off. The infiltration recharges the groundwater and protects the underlying rock from erosion, producing hills with red clinker caps. Before a coal bed can ignite and burn it must be dry and exposed to air. Streams and flash floods erode the hills in eastern Montana. In the process, coal beds are left above the water table where water can drain out of them and the coal is exposed to oxygen. Lightning, spontaneous combustion, chemical reactions, and range fires ignite the coal. Burning trees rooted in coal beds can also start the fires. Scientists have determined that coal has been burning in eastern Montana for at least four million years, but each burning coal bed eventually extinguishes naturally. As the fire burns into the hill, the overlying rock breaks up and collapses, this allows air deeper into the hill and keeps the coal burning underground. Eventually, too much overlying rock collapses to allow air to enter, and the fire goes out.",,,,Montana Department of Transportation,https://gis.mtmdt.us/server/rest/services/MDTGIS/Historical_Highway_Marker/MapServer/0,46.898654,-105.019459
MT-225,MT,The Mullan Road,History,,pending,,,,,Montana Department of Transportation,https://gis.mtmdt.us/server/rest/services/MDTGIS/Historical_Highway_Marker/MapServer/0,46.703491,-113.338267
MT-227,MT,Fort Peck Dam and Lake,History,excellent,pending,,,,,Montana Department of Transportation,https://gis.mtmdt.us/server/rest/services/MDTGIS/Historical_Highway_Marker/MapServer/0,47.325188,-106.17132
MT-229,MT,The Thomas Party,History,excellent,pending,,,,,Montana Department of Transportation,https://gis.mtmdt.us/server/rest/services/MDTGIS/Historical_Highway_Marker/MapServer/0,45.735141,-109.714393
MT-230,MT,Fort Maginnis,History,good,pending,,,,,Montana Department of Transportation,https://gis.mtmdt.us/server/rest/services/MDTGIS/Historical_Highway_Marker/MapServer/0,47.062345,-109.114369
MT-231,MT,The Missouri River Canyon and Old Us Highway 91,History,excellent,pending,,,,,Montana Department of Transportation,https://gis.mtmdt.us/server/rest/services/MDTGIS/Historical_Highway_Marker/MapServer/0,47.159984,-111.819505
MT-232,MT,Fort Fizzle,History,fair,pending,,,,,Montana Department of Transportation,https://gis.mtmdt.us/server/rest/services/MDTGIS/Historical_Highway_Marker/MapServer/0,46.746308,-114.172533
MT-233,MT,The Shining Mountains,Geology / natural history,good,official,"The Madison Range rises from the east side of the Madison Valley along an active fault that threads its way along the base of the range. The mountains began to slowly rise along the fault about 50 million years ago and it remains active today. This was violently demonstrated on August 17, 1959 when a magnitude 7.5 earthquake struck the southern end of the Madison Range near Hebgen Lake. The earthquake triggered a massive landslide that dammed the Madison River, creating Earthquake Lake. Fault scarps as much as 21-feet high significantly changed the landscape and are visible in the valley along the length of the zone. Several prominent peaks in the northern Madison Range, such as Lone, Pioneer, and Fan mountains, are supported by resistant igneous rock that developed from magma that pushed upward along layers of sedimentary rock. Glaciers and landslides carved the peaks into the shapes we see today. Sphinx Mountain is topped by 3,000 feet of gravelly conglomerate rock. The gravels that became these conglomerates were eroded from surrounding highlands and were deposited in an ancient valley that now is part of the highest peaks. Mountain streams deposited the sediments into the Madison Valley creating alluvial fans, named because of their fan shapes as seen from above. A Brief History: The Madison Range provided a spectacular backdrop to one of the most thrilling periods in the history of the American West, the fur trade. Beginning in the 1830s, American fur trappers, sometimes called mountain men, caught beaver in streams emptying into the Madison River. The fur trade was a cutthroat business as the fur companies competed for a limited and rapidly dwindling resource. By the 1840s the Blackfeet and the beaver had all but disappeared from this area. The mountain men's legacy lives on in the names of many geographic features in the region.",,,,Montana Department of Transportation,https://gis.mtmdt.us/server/rest/services/MDTGIS/Historical_Highway_Marker/MapServer/0,45.347956,-111.722311
MT-234,MT,"Chicago, Burlington & Quincy Railroad",History,,pending,,,,,Montana Department of Transportation,https://gis.mtmdt.us/server/rest/services/MDTGIS/Historical_Highway_Marker/MapServer/0,45.832371,-107.611902
MT-235,MT,Join the Voyage of Discovery,Lewis & Clark,poor,pending,,,,,Montana Department of Transportation,https://gis.mtmdt.us/server/rest/services/MDTGIS/Historical_Highway_Marker/MapServer/0,46.261286,-106.279672
MT-236,MT,Keep Watching the Skies!,History,good,pending,,,,,Montana Department of Transportation,https://gis.mtmdt.us/server/rest/services/MDTGIS/Historical_Highway_Marker/MapServer/0,45.834999,-112.683841
MT-237,MT,No Name,History,poor,pending,,,,,Montana Department of Transportation,https://gis.mtmdt.us/server/rest/services/MDTGIS/Historical_Highway_Marker/MapServer/0,46.415702,-112.006414
MT-239,MT,The Havre Air Force Station,History,excellent,pending,,,,,Montana Department of Transportation,https://gis.mtmdt.us/server/rest/services/MDTGIS/Historical_Highway_Marker/MapServer/0,48.556624,-109.704632
MT-240,MT,Camp #44 of the 1873 Yellowstone Expedition,History,excellent,pending,,,,,Montana Department of Transportation,https://gis.mtmdt.us/server/rest/services/MDTGIS/Historical_Highway_Marker/MapServer/0,45.987172,-108.004919
MT-242,MT,American Hero Michael John Mackinnon,History,excellent,pending,,,,,Montana Department of Transportation,https://gis.mtmdt.us/server/rest/services/MDTGIS/Historical_Highway_Marker/MapServer/0,47.132473,-111.901523
MT-244,MT,The Highway Where the Country Greets the Stranger,History,,pending,,,,,Montana Department of Transportation,https://gis.mtmdt.us/server/rest/services/MDTGIS/Historical_Highway_Marker/MapServer/0,45.782529,-108.003078
MT-245,MT,Bearcreek,History,excellent,pending,,,,,Montana Department of Transportation,https://gis.mtmdt.us/server/rest/services/MDTGIS/Historical_Highway_Marker/MapServer/0,45.160943,-109.157868
MT-246,MT,The Blackfeet Nation,History,excellent,pending,,,,,Montana Department of Transportation,https://gis.mtmdt.us/server/rest/services/MDTGIS/Historical_Highway_Marker/MapServer/0,48.540769,-113.001265
MT-247,MT,Raptor Country,History,fair,official,"The Pryor Mountains are located on the horizon to the southeast. The prominent cliffs and dip slopes are Madison Limestone, which was deposited in shallow seas over 300 million years ago. Along the margins of the mountains, younger tan colored Tensleep sandstone and brick-red Chugwater Formation crop out. Canyons in the range expose older rocks, including Precambrian basement rock more than two billion years old. Crustal blocks that form the Pryor Mountains were uplifted along reverse faults about 65-55 million years ago. Over millions of years, water dissolved deep caves in the limestone. Some open vertically to the surface, allowing cold dense air to sink down into the cave. The rock acts as an insulator, trapping the dense air and moisture underground, resulting in spectacular ice caves, such as Big Ice Cave. Other caves in the mountains have fantastic formations of stalagmites and stalactites. About 115 million years ago, a 10-foot long dinosaur with razor-sharp claws and teeth and retractable slashing talons on its hind feet hunted in packs in this area. Lightly-built, agile and quick, this intelligent carnivore could run at speeds up to 25 miles per hour and was the perfect killing machine of its time. In 1964, on a wind-swept hill in the badlands near here, Yale professor John Ostrom discovered the fossil remains of just such a creature. Called Deinonychus (""Terrible Claw""), the discovery of this animal revolutionized the study of paleontology and changed our understanding of dinosaurs. Because of its unique skeletal structure, Deinonychus had more in common with birds than it did reptiles. The great amount of energy needed for it to survive has also led some to believe that it was warmblooded rather than cold-blooded like its reptilian cousins. Because of Deinonychus, paleontologists now consider dinosaurs to have been agile, smart, and social animals rather than slow-moving and dull-witted. Fortunately for us, Deinonychus died out millions of years ago and no longer scours these hills for prey.",,,,Montana Department of Transportation,https://gis.mtmdt.us/server/rest/services/MDTGIS/Historical_Highway_Marker/MapServer/0,45.278974,-108.917947
MT-248,MT,The Central Montana Railroad,History,poor,pending,,,,,Montana Department of Transportation,https://gis.mtmdt.us/server/rest/services/MDTGIS/Historical_Highway_Marker/MapServer/0,46.954436,-112.107532
MT-249,MT,Virginia City,History,excellent,pending,,,,,Montana Department of Transportation,https://gis.mtmdt.us/server/rest/services/MDTGIS/Historical_Highway_Marker/MapServer/0,45.294246,-111.941989
MT-250,MT,"“Removal”of Salish From Bitteroot Valley,1855-1891",History,poor,pending,,,,,Montana Department of Transportation,https://gis.mtmdt.us/server/rest/services/MDTGIS/Historical_Highway_Marker/MapServer/0,46.518056,-114.116176
MT-251,MT,The Rosebud Agency,History,excellent,pending,,,,,Montana Department of Transportation,https://gis.mtmdt.us/server/rest/services/MDTGIS/Historical_Highway_Marker/MapServer/0,45.473818,-109.448815
MT-252,MT,Silver Bow Creek Remediation and Restoration,OTHER,good,pending,,,,,Montana Department of Transportation,https://gis.mtmdt.us/server/rest/services/MDTGIS/Historical_Highway_Marker/MapServer/0,46.092676,-112.808115
MT-253,MT,Geology Caused the Falls,Lewis & Clark,fair,pending,,,,,Montana Department of Transportation,https://gis.mtmdt.us/server/rest/services/MDTGIS/Historical_Highway_Marker/MapServer/0,47.531195,-111.203815
MT-255,MT,Junction of Bighorn and Yellowstone Rivers,History,fair,pending,,,,,Montana Department of Transportation,https://gis.mtmdt.us/server/rest/services/MDTGIS/Historical_Highway_Marker/MapServer/0,46.063283,-107.708957
MT-256,MT,Camp Disappointment,History,good,pending,,,,,Montana Department of Transportation,https://gis.mtmdt.us/server/rest/services/MDTGIS/Historical_Highway_Marker/MapServer/0,48.595809,-112.7953
MT-257,MT,Unionville,History,good,pending,,,,,Montana Department of Transportation,https://gis.mtmdt.us/server/rest/services/MDTGIS/Historical_Highway_Marker/MapServer/0,46.541296,-112.088745
MT-258,MT,Chief Mountain,Native American,,pending,,,,,Montana Department of Transportation,https://gis.mtmdt.us/server/rest/services/MDTGIS/Historical_Highway_Marker/MapServer/0,48.198452,-112.506711
MT-259,MT,Benton Avenue Cemetery,History,,pending,,,,,Montana Department of Transportation,https://gis.mtmdt.us/server/rest/services/MDTGIS/Historical_Highway_Marker/MapServer/0,46.604615,-112.041507
MT-260,MT,The Battle of Bears Paw,History,,pending,,,,,Montana Department of Transportation,https://gis.mtmdt.us/server/rest/services/MDTGIS/Historical_Highway_Marker/MapServer/0,48.595365,-109.239637
MT-261,MT,Powder River,History,poor,pending,,,,,Montana Department of Transportation,https://gis.mtmdt.us/server/rest/services/MDTGIS/Historical_Highway_Marker/MapServer/0,46.739437,-105.426242
MT-262,MT,The Swan Massacre of 1908,History,excellent,pending,,,,,Montana Department of Transportation,https://gis.mtmdt.us/server/rest/services/MDTGIS/Historical_Highway_Marker/MapServer/0,47.428455,-113.664218
MT-263,MT,Old Us Highway 91,History,,pending,,,,,Montana Department of Transportation,https://gis.mtmdt.us/server/rest/services/MDTGIS/Historical_Highway_Marker/MapServer/0,47.019957,-112.010178
MT-264,MT,A Disappointing Time,Lewis & Clark,good,pending,,,,,Montana Department of Transportation,https://gis.mtmdt.us/server/rest/services/MDTGIS/Historical_Highway_Marker/MapServer/0,48.659498,-112.75908
MT-265,MT,The Prickly Pear Diggings,History,good,pending,,,,,Montana Department of Transportation,https://gis.mtmdt.us/server/rest/services/MDTGIS/Historical_Highway_Marker/MapServer/0,46.528309,-111.946196
MT-266,MT,Cantonment Wright & Hellgate,History,,pending,,,,,Montana Department of Transportation,https://gis.mtmdt.us/server/rest/services/MDTGIS/Historical_Highway_Marker/MapServer/0,46.8752,-113.88573
MT-267,MT,Pompey’s Pillar,History,excellent,pending,,,,,Montana Department of Transportation,https://gis.mtmdt.us/server/rest/services/MDTGIS/Historical_Highway_Marker/MapServer/0,45.987159,-108.004962
MT-268,MT,Homeward Bound on a Risky Shortcut,Lewis & Clark,good,pending,,,,,Montana Department of Transportation,https://gis.mtmdt.us/server/rest/services/MDTGIS/Historical_Highway_Marker/MapServer/0,46.875048,-113.885466
MT-269,MT,Red Lodge,History,excellent,pending,,,,,Montana Department of Transportation,https://gis.mtmdt.us/server/rest/services/MDTGIS/Historical_Highway_Marker/MapServer/0,45.17767,-109.24764
MT-270,MT,Liver-Eating Johnston's Cabin,History,,pending,,,,,Montana Department of Transportation,https://gis.mtmdt.us/server/rest/services/MDTGIS/Historical_Highway_Marker/MapServer/0,45.194278,-109.246811
MT-271,MT,The Great Divide Trophy,History,,pending,,,,,Montana Department of Transportation,https://gis.mtmdt.us/server/rest/services/MDTGIS/Historical_Highway_Marker/MapServer/0,45.914613,-112.377218
MT-272,MT,Montana's Jurassic Park,Geology / natural history,,pending,,,,,Montana Department of Transportation,https://gis.mtmdt.us/server/rest/services/MDTGIS/Historical_Highway_Marker/MapServer/0,45.735635,-109.75606
MT-273,MT,A Volcanic Island in the Rocky Mountains,Geology / natural history,good,pending,,,,,Montana Department of Transportation,https://gis.mtmdt.us/server/rest/services/MDTGIS/Historical_Highway_Marker/MapServer/0,47.159977,-111.819557
MT-274,MT,The Vision Quest,Native American,fair,pending,,,,,Montana Department of Transportation,https://gis.mtmdt.us/server/rest/services/MDTGIS/Historical_Highway_Marker/MapServer/0,48.482219,-108.757439
MT-275,MT,Dearborn River High Bridge,History,,pending,,,,,Montana Department of Transportation,https://gis.mtmdt.us/server/rest/services/MDTGIS/Historical_Highway_Marker/MapServer/0,47.281031,-112.389584
MT-276,MT,The Tongue River,History,,pending,,,,,Montana Department of Transportation,https://gis.mtmdt.us/server/rest/services/MDTGIS/Historical_Highway_Marker/MapServer/0,46.397547,-105.865876
MT-277,MT,Fur Trade,Lewis & Clark,poor,pending,,,,,Montana Department of Transportation,https://gis.mtmdt.us/server/rest/services/MDTGIS/Historical_Highway_Marker/MapServer/0,45.712205,-111.064399
MT-278,MT,The Crazy Mountains,Native American,,pending,,,,,Montana Department of Transportation,https://gis.mtmdt.us/server/rest/services/MDTGIS/Historical_Highway_Marker/MapServer/0,45.735906,-109.756644
MT-279,MT,Hysham and Treasure County,History,excellent,pending,,,,,Montana Department of Transportation,https://gis.mtmdt.us/server/rest/services/MDTGIS/Historical_Highway_Marker/MapServer/0,46.21837,-107.249421
MT-281,MT,Southern Flint Creek Valley,History,,pending,,,,,Montana Department of Transportation,https://gis.mtmdt.us/server/rest/services/MDTGIS/Historical_Highway_Marker/MapServer/0,46.580912,-113.199516
MT-282,MT,Southeastern Montana,History,,pending,,,,,Montana Department of Transportation,https://gis.mtmdt.us/server/rest/services/MDTGIS/Historical_Highway_Marker/MapServer/0,45.421421,-105.396555
MT-283,MT,Buffalo Country,Native American,good,pending,,,,,Montana Department of Transportation,https://gis.mtmdt.us/server/rest/services/MDTGIS/Historical_Highway_Marker/MapServer/0,45.780361,-108.000751
MT-284,MT,Sleeping Buffalo Rock,History,excellent,pending,,,,,Montana Department of Transportation,https://gis.mtmdt.us/server/rest/services/MDTGIS/Historical_Highway_Marker/MapServer/0,48.46972,-107.549458
MT-285,MT,The Judith Basin Country,History,,pending,,,,,Montana Department of Transportation,https://gis.mtmdt.us/server/rest/services/MDTGIS/Historical_Highway_Marker/MapServer/0,47.055792,-109.452168
MT-287,MT,The Highway Where the Country Greets the Stranger,History,fair,pending,,,,,Montana Department of Transportation,https://gis.mtmdt.us/server/rest/services/MDTGIS/Historical_Highway_Marker/MapServer/0,45.78036,-108.000736
MT-288,MT,The Nez Perce Conflict of 1877,Native American,fair,pending,,,,,Montana Department of Transportation,https://gis.mtmdt.us/server/rest/services/MDTGIS/Historical_Highway_Marker/MapServer/0,47.055123,-109.459686
MT-289,MT,The Sweet Grass Hills,Geology / natural history,,pending,,,,,Montana Department of Transportation,https://gis.mtmdt.us/server/rest/services/MDTGIS/Historical_Highway_Marker/MapServer/0,48.993325,-111.960656
MT-290,MT,Charting the Route,Lewis & Clark,fair,pending,,,,,Montana Department of Transportation,https://gis.mtmdt.us/server/rest/services/MDTGIS/Historical_Highway_Marker/MapServer/0,48.659477,-112.759089
MT-291,MT,Elkhorn Mountain Volcanoes,Geology / natural history,good,official,"(south-bound) View/Download a PDF of the Road Sign The story of the Elkhorn Mountains Volcanics and the Boulder Batholith is the story of how molten magma or melted rock rising up through the crust of the earth just kept coming and coming and coming—from about 81 to about 74 million years ago. Magma that reached the surface created violent explosions, hurling chunks of rock, cinders, and volcanic ash into the air. At times it ""rained"" droplets of melted rock. Great clouds of volcanic ash were carried by the wind to the east and buried many animals. The dinosaur fossils in the Two Medicine Formation near Choteau owe their preservation to eruptions of the Elkhorn Mountains Volcanics. The volcanic field was enormous-about 100 miles in diameter and up to 3 miles thick. After the pile of volcanic rocks got so thick, magma stopped going all the way to the surface and just accumulated near the bottom of the pile. So much magma intruded at this level that it formed a body of granitic rock that now extends from Helena to Butte and is known as the Boulder Batholith. You are now in the middle of the Boulder Batholith and the Elkhorn Mountains Volcanics. The magma was generated because one of the tectonic plates under the Pacific Ocean was subducted under Western North America. Approximately 10,000 miles of the Farallon Plate moved under Montana. This is one of places where it was easy for magma to reach the surface. A Brief History: The magma contained many metals. As the granite formed cooling cracks, hot solutions squirted into the cracks to form veins with copper (near Butte) and gold (in this area). Millions of years later weathering of the granite allowed gold in the veins to wash down to the gravels in the valley floor. A gold dredge chewed through the gravels of Prickly Pear Creek beginning in 1938. Mounted on a barge floating on a 30-foot deep pond, the machinery consisted of a chain of buckets that dumped the gravel on a maze of screens and sluices inside the dredge. In its wake, the dredge left behind a ""churned up"" landscape. In some places scrub brush holding the gravel piles together is still the only vegetation. Although the dredge shut down permanently in the mid-1960's, it was not until the early 1970's that a South American mining company purchased it and moved it to Bolivia.",,,,Montana Department of Transportation,https://gis.mtmdt.us/server/rest/services/MDTGIS/Historical_Highway_Marker/MapServer/0,46.406554,-112.013314
MT-292,MT,The Giant Ripples of Camas Prairie,Geology / natural history,,pending,,,,,Montana Department of Transportation,https://gis.mtmdt.us/server/rest/services/MDTGIS/Historical_Highway_Marker/MapServer/0,47.540734,-114.606079
MT-293,MT,Bozeman Trail,History,excellent,pending,,,,,Montana Department of Transportation,https://gis.mtmdt.us/server/rest/services/MDTGIS/Historical_Highway_Marker/MapServer/0,45.498937,-111.697048
MT-294,MT,The Sun River Leaving,History,good,pending,,,,,Montana Department of Transportation,https://gis.mtmdt.us/server/rest/services/MDTGIS/Historical_Highway_Marker/MapServer/0,47.552516,-111.56927
MT-295,MT,Garryowen,History,good,pending,,,,,Montana Department of Transportation,https://gis.mtmdt.us/server/rest/services/MDTGIS/Historical_Highway_Marker/MapServer/0,45.526555,-107.417025
MT-296,MT,Circle,History,good,pending,,,,,Montana Department of Transportation,https://gis.mtmdt.us/server/rest/services/MDTGIS/Historical_Highway_Marker/MapServer/0,47.411099,-105.591698
MT-297,MT,Lewis and Clark on Lolo Creek,Lewis & Clark,fair,pending,,,,,Montana Department of Transportation,https://gis.mtmdt.us/server/rest/services/MDTGIS/Historical_Highway_Marker/MapServer/0,46.746173,-114.172537
MT-299,MT,Twenty-Eight Mile Station,History,excellent,pending,,,,,Montana Department of Transportation,https://gis.mtmdt.us/server/rest/services/MDTGIS/Historical_Highway_Marker/MapServer/0,47.79683,-110.917942
MT-300,MT,Lewis and Clark Expedition,History,excellent,pending,,,,,Montana Department of Transportation,https://gis.mtmdt.us/server/rest/services/MDTGIS/Historical_Highway_Marker/MapServer/0,45.853248,-111.922045
MT-301,MT,The Front Range of the Rockies,History,good,pending,,,,,Montana Department of Transportation,https://gis.mtmdt.us/server/rest/services/MDTGIS/Historical_Highway_Marker/MapServer/0,48.198454,-112.50677
MT-302,MT,A Lost World,Geology / natural history,fair,official,"(west-bound) View/Download a PDF of the Road Sign Imagine a world very different than we know today. About 1.5 billion years ago during the Precambrian Era, the earth's environment was desolate, with no trees, fish, animals or birds. Shallow seas with extensive near-shore flats were fed by streams that deposited great amounts of sand and mud. Rain frequently fell and pooled in vast shallow lakes and ponds in what would one day become northwest Montana. Despite the hostile environment, blue-green algae mats often trapped fine particles of calcium carbonate to form structures called stromatolites, that grew in shallow nearshore environments. The surface of the rocks often display mud cracks, ripple marks, and, sometimes, the spatter marks of primeval raindrops. The earth's crust slowly sank for about 100 million years forming a large geologic basin in which Belt Supergroup sediments accumulated as much as 10 miles thick! The rocks are common in northern and central Idaho and western Montana, and extend east to the Little Belt Mountains in central Montana. The sedimentary rocks along Interstate 90 between Lookout Pass and Alberton are almost entirely rocks of the Belt Supergroup. These rocks are distinguished by brown, gray, red, green, purple, and yellow colors and locally form dramatic cliffs where resistant, well-cemented sandstones are exposed in the canyon. Interstate 90 from near Lookout Pass through Missoula is located along the Lewis and Clark Fault Zone, a series of faults that stretch between northwest Washington State and the Helena area. The faults had significant movement about 70 million years ago when the Rocky Mountains were uplifting and were active until at least 25 million years ago. Interstate 90 and US Highway 10 in western Montana follow the trend of the faults along straight canyons that eroded along the fault zone.",,,,Montana Department of Transportation,https://gis.mtmdt.us/server/rest/services/MDTGIS/Historical_Highway_Marker/MapServer/0,47.419764,-115.625453
MT-303,MT,Chief Mountain and Old North Trail,History,good,pending,,,,,Montana Department of Transportation,https://gis.mtmdt.us/server/rest/services/MDTGIS/Historical_Highway_Marker/MapServer/0,48.464868,-112.780894
MT-304,MT,The Coldfeet School,History,fair,pending,,,,,Montana Department of Transportation,https://gis.mtmdt.us/server/rest/services/MDTGIS/Historical_Highway_Marker/MapServer/0,48.472396,-112.800747
MT-305,MT,Surrounded by Mountains,Geology / natural history,,official,"The Gallatin Valley is one of the most picturesque and agriculturally productive valleys in Montana. From here, you can see four prominent Montana mountain ranges: the Bridger Range (east), Gallatin Range (south), Spanish Peaks (southwest), and the Big Belt Mountains (north). Each range has its own unique geology and topography. The high peaks of the Gallatin Range are carved from volcanic rocks and volcanic-derived mudflows that erupted during the Eocene, approximately 45 million years ago. The Spanish Peaks expose metamorphic rocks that date back to the Earth’s early history, over 3 billion years ago. Ancient metamorphic rocks are also exposed in the Tobacco Root Mountains, with the added bonus of a much younger granitic pluton exposed in the center of the range. The Elkhorn Mountains are composed of a thick succession of volcanic rocks that erupted about 75 million years ago, during a time when Montana was experiencing extensive mountain building – the birth of the Rocky Mountains. The uplift of the Rocky Mountains spanned tens of millions of years from the Cretaceous to the early Cenozoic and was driven by tectonic compressional forces along the western plate boundary of North America, affecting all of western North America from Alaska to Mexico. When mountain building ended around 50 million years ago, the landscape of southwest Montana did not look like the spectacular, snowcapped mountains we see today. Glaciers later carved the Rockies into the jagged peaks we see today. Over the last 50 million years, western Montana experienced several phases of regional extension and block-faulting, resulting in the creation of modern Basin-and-Range topography. The crest of the Bridger Range arch slowly down-dropped one earthquake at a time to form the modern Gallatin Valley. Thick layers of midand late Cenozoic sedimentary rocks and more recent stream deposits have been deposited in the Gallatin Valley, producing the fertile landscape that Native Americans called the ""Valley of Flowers"" – the Gallatin Valley.",,,,Montana Department of Transportation,https://gis.mtmdt.us/server/rest/services/MDTGIS/Historical_Highway_Marker/MapServer/0,45.671071,-111.230352
MT-306,MT,Blackfeet and Buffalo,Native American,good,pending,,,,,Montana Department of Transportation,https://gis.mtmdt.us/server/rest/services/MDTGIS/Historical_Highway_Marker/MapServer/0,47.860704,-112.259728
MT-308,MT,Keep Watching the Skies!,History,good,pending,,,,,Montana Department of Transportation,https://gis.mtmdt.us/server/rest/services/MDTGIS/Historical_Highway_Marker/MapServer/0,45.836846,-112.685448
MT-309,MT,Hepburn's Mesa,Geology / natural history,,official,"The black-capped bluffs located on the east side of the Yellowstone River are called Hepburn's Mesa. The mesa is capped by a basalt lava flow that erupted from a small local volcanic vent that has long since eroded away. Geologically, the lava flow is very young, perhaps having erupted as recently as 2.2 million years ago. Large amounts of iron in the basalt make it dark colored. Some of the iron crystallized as the mineral magnetite, which as the name implies is magnetic, and in large concentrations can cause compasses to behave erratically. The basalt flow overlies unconsolidated gravels, which in turn overlie older light-colored fine-grained sedimentary rocks that were deposited in an ancient lake that once occupied this site. The sedimentary beds of Hepburn's Mesa contain abundant Miocene fossils, including ancient rodents, moles, and a proto-horse called Merychippus, the first equine to exhibit the distinctive head of today's horses. On top of Hepburn's Mesa, overlying the basalt is glacial till of Pleistocene age. The surface of these deposits is hummocky and is littered with abundant glacial erratic boulders. For generations, Native Americans drove bison off the mesa's cliffs to obtain food, hides, and other materials important to their way of life. A Brief History: Hepburn's Mesa is named for John Hepburn, a local rancher, rockhound and amateur paleontologist. He arrived in the Emigrant area in 1909 after working in Yellowstone National Park for many years. From 1935 until his death in 1959, he operated a museum next to Secondary Highway 540 that displayed many of the geologic specimens and fossils he had found in this area. The museum was a local landmark for many years. It still stands next to the old highway and is listed on the National Register of Historic Places.",,,,Montana Department of Transportation,https://gis.mtmdt.us/server/rest/services/MDTGIS/Historical_Highway_Marker/MapServer/0,45.294967,-110.834746
MT-310,MT,The Bozeman Trail,History,poor,pending,,,,,Montana Department of Transportation,https://gis.mtmdt.us/server/rest/services/MDTGIS/Historical_Highway_Marker/MapServer/0,45.498848,-111.696603
MT-311,MT,The Smith Mine Disaster,History,excellent,pending,,,,,Montana Department of Transportation,https://gis.mtmdt.us/server/rest/services/MDTGIS/Historical_Highway_Marker/MapServer/0,45.158491,-109.188995
MT-312,MT,The Smith River Valley,History,good,pending,,,,,Montana Department of Transportation,https://gis.mtmdt.us/server/rest/services/MDTGIS/Historical_Highway_Marker/MapServer/0,46.435569,-110.904688
MT-313,MT,“... Was Pleasingly Beautiful,Lewis & Clark,fair,pending,,,,,Montana Department of Transportation,https://gis.mtmdt.us/server/rest/services/MDTGIS/Historical_Highway_Marker/MapServer/0,47.531194,-111.203798
MT-314,MT,All Aboard,Lewis & Clark,poor,pending,,,,,Montana Department of Transportation,https://gis.mtmdt.us/server/rest/services/MDTGIS/Historical_Highway_Marker/MapServer/0,47.53219,-111.206438
MT-315,MT,Gold in Alder Gulch,Geology / natural history,good,pending,,,,,Montana Department of Transportation,https://gis.mtmdt.us/server/rest/services/MDTGIS/Historical_Highway_Marker/MapServer/0,45.314078,-111.980204
MT-317,MT,American Hero Michael John Mackinnon,History,excellent,pending,,,,,Montana Department of Transportation,https://gis.mtmdt.us/server/rest/services/MDTGIS/Historical_Highway_Marker/MapServer/0,47.130769,-111.90147
MT-318,MT,The Bozeman Trail,History,fair,pending,,,,,Montana Department of Transportation,https://gis.mtmdt.us/server/rest/services/MDTGIS/Historical_Highway_Marker/MapServer/0,45.734443,-109.75816
MT-319,MT,Havre,History,excellent,pending,,,,,Montana Department of Transportation,https://gis.mtmdt.us/server/rest/services/MDTGIS/Historical_Highway_Marker/MapServer/0,48.55661,-109.704631
MT-320,MT,Bearpaw Shale and the Inland Ocean,Geology / natural history,excellent,official,"The black shale rocks seen in this area represent the muddy sediments deposited by the last ocean to exist in Montana. The shale, known by geologists as the Bearpaw Shale contains fossils of sea-going creatures that lived and died some 70 million years ago. Twenty foot long swimming reptiles like Mososaurus and Tylosaurus fed on fishes and ammonites, relatives of squids and octopi. The remains of the gigantic coiled ammonites called Placentaceras and the straight shelled ammonites called Baculites are often found in these shale deposits. This inland ocean extended north to south, from the Gulf of Mexico to the Arctic Ocean, and divided North America into two subcontinents. Dinosaurs roamed the lands, and alligators and turtles inhabited the streams and rivers. But, one of the largest animals to live in this area was a gigantic, forty foot long crocodile called Deinosuchus that lived in the coastal waters of the inland seaway. The first remains of this animal were found near here. In the early 1900s, geologists learned that geological structures called anticlines, a kind of large wrinkle in the rock strata, were good places to drill for oil. Geologists also realized that certain parts of anticlines were better than others, and that the good spots were beneath structures they called domes. Here at the Mosby rest area you are standing on a part of the Mosby Dome, of the Cat Creek Anticline.",,,,Montana Department of Transportation,https://gis.mtmdt.us/server/rest/services/MDTGIS/Historical_Highway_Marker/MapServer/0,46.989879,-107.859716
MT-323,MT,Cattle Brands,History,poor,pending,,,,,Montana Department of Transportation,https://gis.mtmdt.us/server/rest/services/MDTGIS/Historical_Highway_Marker/MapServer/0,48.362363,-107.829841
MT-324,MT,The Boulder Batholith and the Richest Hill on Eart,Geology / natural history,,official,"The Boulder Batholith originated as part of the Elkhorn Mountains Volcanics. Molten magma rose up through the earth’s crust from 81 to about 74 million years ago. When it reached the surface, the magma created violent explosions that hurled chunks of rock, cinders, and volcanic ash into the air. The volcanic field was enormous–about 100 miles in diameter and up to 3 miles thick. After the pile of volcanic rocks got too thick, magma stopped going all the way to the surface and accumulated near the bottom of the pile. So much magma intruded at this level that when it cooled it formed a body of granitic rock, called a batholith. Granite similar to that exposed along Interstate Highway 15 north and east of Butte is the host rock for the ores mined at Butte. This granite formed by slow cooling of molten rock deep below the earth’s surface about 76 million years ago. Faults and fractures in the Butte area later cut the granite, forming pathways for hot water that carried metals in solution. As these solutions reacted with the enclosing granite they cooled and deposited quartz and metallic minerals to form veins. Some of these veins were of tremendous size: up to 50 feet wide and 4,500 long. The discovery of copper-rich veins together with the need for copper wire for electrical use from 1880 on stimulated both the development of many underground mines and the city of Butte. From a few dozen gold prospectors in 1864, Butte went to a reported population of 91,000 in 1917. The head frames of some of the former underground shaft mines can be seen piercing the skyline above the tan rock exposed on the sides of the Berkeley pit. Open-pit mining began there in 1955 and continued until mid-1982. Currently copper and molybdenum ore are mined in the Continental pit, which is hidden by the hills just west of the Interstate Highway.",,,,Montana Department of Transportation,https://gis.mtmdt.us/server/rest/services/MDTGIS/Historical_Highway_Marker/MapServer/0,45.991154,-112.47518
MT-325,MT,Twilight of an Era,History,good,pending,,,,,Montana Department of Transportation,https://gis.mtmdt.us/server/rest/services/MDTGIS/Historical_Highway_Marker/MapServer/0,46.874882,-113.885401
MT-326,MT,Adobetown,History,excellent,pending,,,,,Montana Department of Transportation,https://gis.mtmdt.us/server/rest/services/MDTGIS/Historical_Highway_Marker/MapServer/0,45.314107,-111.980232
MT-327,MT,Cree Crossing,History,,pending,,,,,Montana Department of Transportation,https://gis.mtmdt.us/server/rest/services/MDTGIS/Historical_Highway_Marker/MapServer/0,48.469734,-107.54931
MT-328,MT,The Ace in the Hole,History,,pending,,,,,Montana Department of Transportation,https://gis.mtmdt.us/server/rest/services/MDTGIS/Historical_Highway_Marker/MapServer/0,47.080989,-110.824856
MT-329,MT,Vital Passageway for People and Wildlife,OTHER,good,pending,,,,,Montana Department of Transportation,https://gis.mtmdt.us/server/rest/services/MDTGIS/Historical_Highway_Marker/MapServer/0,46.875003,-113.885482
MT-331,MT,Dearborn Crossing,History,,pending,,,,,Montana Department of Transportation,https://gis.mtmdt.us/server/rest/services/MDTGIS/Historical_Highway_Marker/MapServer/0,47.207355,-112.101608
MT-334,MT,A Trail Woefully Hard to Travel: the Bridger Cut-,History,excellent,pending,,,,,Montana Department of Transportation,https://gis.mtmdt.us/server/rest/services/MDTGIS/Historical_Highway_Marker/MapServer/0,45.278967,-108.917971
MT-336,MT,"Jim Bridger, Mountain Man",History,excellent,pending,,,,,Montana Department of Transportation,https://gis.mtmdt.us/server/rest/services/MDTGIS/Historical_Highway_Marker/MapServer/0,45.29109,-108.914261
MT-337,MT,Mining Plays Second Fiddle,History,good,pending,,,,,Montana Department of Transportation,https://gis.mtmdt.us/server/rest/services/MDTGIS/Historical_Highway_Marker/MapServer/0,47.228475,-110.447671
MT-339,MT,Fort Benton,History,,pending,,,,,Montana Department of Transportation,https://gis.mtmdt.us/server/rest/services/MDTGIS/Historical_Highway_Marker/MapServer/0,47.839537,-110.685247
MT-340,MT,The Little Belt Mountains,Geology / natural history,,pending,,,,,Montana Department of Transportation,https://gis.mtmdt.us/server/rest/services/MDTGIS/Historical_Highway_Marker/MapServer/0,47.081097,-110.824958
MT-342,MT,Beaverhead Rock,Geology / natural history,excellent,official,"The prominent geological feature to the west is called Beaverhead Rock. On the afternoon of August 8, 1805, members of the Lewis and Clark Expedition pulled its canoes up the Beaverhead River toward the Continental Divide. They sighted what Clark later called a ""remarkable Clift"" to the southwest. Sacajawea recognized this large promontory and told the captains that her people called it ""beaver’s head."" Beaverhead Rock is composed principally of Madison Limestone. About 350 million years ago, a shallow sea covered much of Montana. Billions of tiny marine creatures thrived in the water and when they died their bodies settled into the muck on the sea bed. After about 10 million years of accumulation and many more millions of years of compaction this muck became the pale gray rocks that are known today as Madison Limestone. The limestone is common throughout Montana, eastern Idaho, northern Wyoming, and in the Dakotas. In Montana, the limestone beds range from 1,000 to 2,000 feet thick. Because in Montana’s dry climate Madison Limestone resists weathering and erosion much better than most other kinds of rocks, it forms many of the spectacular cliffs and ridges that make Montana so scenic. Beaverhead Rock served as an important landmark not only for Lewis and Clark, but also for the trappers, miners, and traders who followed them into this area. It was known to many of them as Point of Rocks. In 1863, a man named Goetschius built a stage station on the ""well-traveled, deep rutted road"" between Bannack and Alder Gulch near here. It was part of the Montana-Utah Road, but was also known as Road Agents Trail because of all the robberies that occurred along it during the 1860s. In addition to changing tired horses for fresh animals for the stagecoaches, the station also served meals and provided a place to sleep for stagecoach travelers.",,,,Montana Department of Transportation,https://gis.mtmdt.us/server/rest/services/MDTGIS/Historical_Highway_Marker/MapServer/0,45.365831,-112.473873
MT-343,MT,A New World: Tertiary Mammals,History,excellent,official,"Between the time dinosaurs went extinct 65 million years ago, and the beginning of the Ice Age, some 2 million years ago, is a time called the Age of Mammals. During this period of time the western third of Montana experienced a variety of geological activities, some of which raised mountains and lowered valleys. The valleys became the homes of a wide variety of interesting and bizarre animals. Many of these have since gone extinct or today live in much warmer climates. During the early part of this time period, about 35 million years ago, Montana was home to animals like the double-horned rhinoceros-like brontotheres, and primitive little three-toed horses, camels, and deer. In the later part of the time period, 20 million years ago, the valleys hosted bizarre-looking ancestors of our modern elephants, camels, deer, and pigs. These included elephants with shovel-like tusks, deer-like animals with forked horns over their noses, and pigs the size of hippos. Montana was lush and subtropical. The extinction of these groups of animals would coincide with the coming of the Ice Age, and the arrival of humans less than 50,000 years ago.",,,,Montana Department of Transportation,https://gis.mtmdt.us/server/rest/services/MDTGIS/Historical_Highway_Marker/MapServer/0,45.810507,-112.168685
MT-345,MT,A Fantastically Beautiful Place: the Medicine Rock,Geology / natural history,excellent,pending,,,,,Montana Department of Transportation,https://gis.mtmdt.us/server/rest/services/MDTGIS/Historical_Highway_Marker/MapServer/0,46.045658,-104.458287
MT-347,MT,Jedediah Smith,History,excellent,pending,,,,,Montana Department of Transportation,https://gis.mtmdt.us/server/rest/services/MDTGIS/Historical_Highway_Marker/MapServer/0,46.217904,-107.24967
MT-348,MT,Square Butte and the Shonkin Sag,Geology / natural history,good,official,"Between the communities of Square Butte and Geraldine, two prominent geologic features dominate the skyline. About 50 million years ago, the Highwood Mountains had a sizeable volcano that erupted a rare rock called shonkinite, a dark rock similar to basalt. About 75 million years ago, magma injected eastward between layers of sandstone laid down along the shores of a broad inland sea extending to the southeast. Locally, that magma bulged up to form a huge blister or ""laccolith"" that solidified to form the immense flat-topped Square Butte to the south. The vertical cracks that fed magma to the laccolith radiated out from the center of the volcano and are called dikes. Square Butte is one of many laccoliths scattered from the Adel Mountain Volcanics south of Great Falls to the Bears Paw Mountains near Havre. During the Bull Lake Ice Age between 70,000 and 130,000 years ago, the continental ice sheet spreading south from Canada blocked the Missouri River, backing up its water to form Glacial Lake Great Falls. The glacial meltwater poured eastward through the Highwoods to erode Shonkin Sag, the large valley extending west, north of Square Butte. Shonkin Sag is one of the most famous abandoned meltwater channels in the world. (photo credit: Tim Urbaniak)",,,,Montana Department of Transportation,https://gis.mtmdt.us/server/rest/services/MDTGIS/Historical_Highway_Marker/MapServer/0,47.680277,-110.34488
MT-349,MT,Join the Voyage of Discovery,Lewis & Clark,excellent,pending,,,,,Montana Department of Transportation,https://gis.mtmdt.us/server/rest/services/MDTGIS/Historical_Highway_Marker/MapServer/0,47.325165,-106.171362
MT-350,MT,The Bonanza or Bozeman Trail,History,,pending,,,,,Montana Department of Transportation,https://gis.mtmdt.us/server/rest/services/MDTGIS/Historical_Highway_Marker/MapServer/0,45.830854,-109.963442
MT-351,MT,The Little Rocky Mountains,Geology / natural history,,official,"The Little Rocky Mountains are an island on the northern Great Plains of Montana. About 50 million years ago, a fifteen-mile-wide igneous dome pushed its way up through 1700 million-year-old Precambrian basement rocks to form this spectacular mountain range. The mountains are a composite of Precambrian metamorphic rocks, Paleozoic limestone and dolomite, Mesozoic sandstone and shale, and Tertiary intrusive rocks. The loftiest portion of the range is girdled by a steeply dipping wall of Madison Limestone that makes the interior part of the range appear as a fortress. The Little Rockies also contain igneous dikes and sills that contribute to the rugged appearance of these mountains. In 1884, prospectors found placer gold in many of the stream beds in the southern part of the range. The placers soon played out, and underground mining began. Hundreds of miners, most of whom lived in Landusky and Zortman, worked in mines that reached more than 600 feet deep to extract the gold and silver.",,,,Montana Department of Transportation,https://gis.mtmdt.us/server/rest/services/MDTGIS/Historical_Highway_Marker/MapServer/0,48.034213,-108.533431
MT-352,MT,The Powder River Basin and Tongue River Sandstone,Geology / natural history,good,official,"Colstrip is located in the northern end of the Powder River Basin, an enormous shallow bowl in southeastern Montana and northern Wyoming that was formed when the Rocky Mountains and Black Hills began uplifting during the late Cretaceous Period. The basin contains sediments of the Fort Union Formation which were deposited after the dinosaur extinction about 60 million years ago. Rivers originating in mountain uplifts to the west and south carried abundant sediment to a shallow inland sea, crossing the subtropical, swampy coastal plain of eastern Montana on their way. As the rivers shifted, the swamp vegetation and peat were covered with thick deposits of sand, silt, and clay. In time, the vegetation and peat compacted to form coal. The sand, silt, and clay cemented and compacted into sandstone, siltstone, and mudstone. Eastern Montana has an estimated 200 billion tons of coal that developed from the vegetation of these swamps. The scattered red rock hills you see in the area in the Fort Union Formation are clinker. Clinker forms when lightning strikes, wildfires, or spontaneous combustion cause the coal to ignite and burn. The fires might burn for centuries. The intense heat of the burning coal bakes the adjacent sedimentary layers transforming rock into the hard, red clinker. The rocky outcrops that you see bordering rivers and along the sides of hills are sandstones of the Tongue River Member, which comprises the uppermost level and youngest beds of the Fort Union Formation. Most of the Powder River Basin coals are found interbedded with these sandstones. There are around thirty-two coal seams in the thick Tongue River Member with a combined thickness of more than 300 feet. The coal seams are mined where they are thick and close to the surface. The sub-bituminous coal in this area is low in sulfur content and is suitable for steam-electric generating plants. The Northern Pacific Railway began strip mining coal in this area in 1924 to fuel its steam locomotives.",,,,Montana Department of Transportation,https://gis.mtmdt.us/server/rest/services/MDTGIS/Historical_Highway_Marker/MapServer/0,45.881532,-106.62894
MT-353,MT,Rosebud,History,,pending,,,,,Montana Department of Transportation,https://gis.mtmdt.us/server/rest/services/MDTGIS/Historical_Highway_Marker/MapServer/0,46.261299,-106.279435
MT-354,MT,A Montana Crossroads,History,,pending,,,,,Montana Department of Transportation,https://gis.mtmdt.us/server/rest/services/MDTGIS/Historical_Highway_Marker/MapServer/0,47.972209,-110.498913
MT-355,MT,Lone Mountain,Geology / natural history,good,official,"Geologic processes have created a winter wonderland for skiers and snow boarders on Lone Mountain, the prominent peak that rises above Big Sky. Some geologists think that if the mountain was cut in half, there would be a Christmas tree pattern of igneous rock within layers of sandstone and shale. Magma from deep in the earth rose up along a vertical crack, then spread out laterally between the layers of sedimentary rock. The magma never erupted as a volcano, but crystallized into an igneous rock called dacite before it reached the surface of the earth. The ""trunk and branches of the tree"" are dacite. The igneous rock and adjacent baked sedimentary rocks are much more resistant to erosion than softer sedimentary rock, which has eroded away to leave the mountain standing tall. Glaciers, landslides, and rock fall have greatly modified Lone Mountain, sculpting bowl-shaped cirques high on Lone Mountain. The cirques contain rock glaciers, which are piles of rock with year-round ice in their cores. Like ice glaciers, they slowly creep down the mountain slopes. The rugged mountains to the northwest of Big Sky are the Spanish Peaks, composed of metamorphic rock that is billions of years older than the igneous and sedimentary rocks on Lone Mountain. These extremely old rocks were brought up from the depths along an enormous fault zone that extends from the Tobacco Root Mountains to the town of Gardiner north of Yellowstone Park. A Brief History: The mountains provided a spectacular backdrop for visitors to one of the Gallatin Canyon's many dude ranches. The ranches offered visitors adventure and a taste of the Old West. They rode horses, hiked mountain trails, fished the area's trout streams, and reveled in the solitude of the mountains. The ranches were immensely popular before World War II, but their popularity diminished in the 1950s until now only a few remain.",,,,Montana Department of Transportation,https://gis.mtmdt.us/server/rest/services/MDTGIS/Historical_Highway_Marker/MapServer/0,45.263699,-111.25379
MT-357,MT,Old Crow Agency,History,,pending,,,,,Montana Department of Transportation,https://gis.mtmdt.us/server/rest/services/MDTGIS/Historical_Highway_Marker/MapServer/0,45.473781,-109.448807
MT-358,MT,Old Fort Peck,History,poor,pending,,,,,Montana Department of Transportation,https://gis.mtmdt.us/server/rest/services/MDTGIS/Historical_Highway_Marker/MapServer/0,48.000692,-106.480174
MT-359,MT,Bird Tail Rock,History,,pending,,,,,Montana Department of Transportation,https://gis.mtmdt.us/server/rest/services/MDTGIS/Historical_Highway_Marker/MapServer/0,47.335578,-112.077007
MT-360,MT,Regulars & Volunteers,History,fair,pending,,,,,Montana Department of Transportation,https://gis.mtmdt.us/server/rest/services/MDTGIS/Historical_Highway_Marker/MapServer/0,46.746314,-114.17253
MT-362,MT,Missing - No Sign,History,,pending,,,,,Montana Department of Transportation,https://gis.mtmdt.us/server/rest/services/MDTGIS/Historical_Highway_Marker/MapServer/0,46.436534,-108.564336
MT-363,MT,Lewistown Army Airfield,History,good,pending,,,,,Montana Department of Transportation,https://gis.mtmdt.us/server/rest/services/MDTGIS/Historical_Highway_Marker/MapServer/0,47.055124,-109.459448
MT-365,MT,Big Blackfoot Railroad,History,excellent,pending,,,,,Montana Department of Transportation,https://gis.mtmdt.us/server/rest/services/MDTGIS/Historical_Highway_Marker/MapServer/0,47.005842,-113.360223
MT-366,MT,Pierre Wibaux,History,,pending,,,,,Montana Department of Transportation,https://gis.mtmdt.us/server/rest/services/MDTGIS/Historical_Highway_Marker/MapServer/0,46.990224,-104.179149
MT-367,MT,The Boulder River Bridge,History,excellent,pending,,,,,Montana Department of Transportation,https://gis.mtmdt.us/server/rest/services/MDTGIS/Historical_Highway_Marker/MapServer/0,46.210959,-112.090574
MT-368,MT,Fort Belknap Reservation,History,excellent,pending,,,,,Montana Department of Transportation,https://gis.mtmdt.us/server/rest/services/MDTGIS/Historical_Highway_Marker/MapServer/0,48.482071,-108.75745
MT-369,MT,Lewistown,History,excellent,pending,,,,,Montana Department of Transportation,https://gis.mtmdt.us/server/rest/services/MDTGIS/Historical_Highway_Marker/MapServer/0,47.070198,-109.382376
MT-372,MT,Buffalo Country,History,,pending,,,,,Montana Department of Transportation,https://gis.mtmdt.us/server/rest/services/MDTGIS/Historical_Highway_Marker/MapServer/0,48.280981,-106.703759
MT-373,MT,The Bozeman Trail,History,,pending,,,,,Montana Department of Transportation,https://gis.mtmdt.us/server/rest/services/MDTGIS/Historical_Highway_Marker/MapServer/0,45.600376,-109.065944
MT-374,MT,The Miles City Air Force Station,History,,pending,,,,,Montana Department of Transportation,https://gis.mtmdt.us/server/rest/services/MDTGIS/Historical_Highway_Marker/MapServer/0,46.261288,-106.27921
MT-375,MT,A Wonderful Piece of Engineering: the Big Side Cut,History,,pending,,,,,Montana Department of Transportation,https://gis.mtmdt.us/server/rest/services/MDTGIS/Historical_Highway_Marker/MapServer/0,47.07599,-114.76721
MT-376,MT,The Great Inland Seaway,Geology / natural history,fair,official,"(west-bound) View/Download a PDF of the Road Sign For over sixty million years during the Cretaceous Period, much of eastern Montana was underwater, covered by an vast inland sea. As the Rocky Mountains formed to the west, it created a broad, flat coastal plain that was home to many different species of dinosaurs. Indeed, the long life of the sea saw the rise and extinction of many dinosaur species until it finally receded from Montana about 65 million years ago at the end of the Cretaceous Period. The sediments deposited underwater or along the sea's coast formed the spectacular sandstone rimrocks in the Yellowstone River valley between Columbus and Billings. The sea was shallow and warm, probably no more than a few hundred feet deep. But it was home to a wide variety of aquatic life. Oysters lived in dense banks along the shore, while tentacled ammonites fed on monster clams that lived in the shallow water offshore; sharks also cruised the shallows preying on whatever animals appeared tasty to them. For several million years, two predators, synonymous with prehistoric sea creatures, were at the top of the food chain in the sea: the long-necked Plesiosaurs and the snakelike Mosasaurs. Neither animals were dinosaurs, but were air-breathing reptiles who had adapted to living in the oceans. Both were carnivores that ate just about anything they could seize and swallow. Fossils of Plesiosaurs and Mosasaurs have been found throughout eastern Montana. A Brief History: For centuries, the sandstone rimrocks along the Yellowstone River guided travelers between the mountains and the buffalo country to the east. In 1912, regional Good Roads enthusiasts and county officials created one of the first interstate highways in the United States, the Yellowstone Trail, an interconnected network of county roads blazed by distinctive chrome yellow signs with black arrows. The 4,000-mile highway connected Plymouth Rock, Massachusetts and Seattle, Washington with a branch to Yellowstone National Park. Later re-designated U.S. Highway 10, Interstate 90 bypassed it in 1971.",,,,Montana Department of Transportation,https://gis.mtmdt.us/server/rest/services/MDTGIS/Historical_Highway_Marker/MapServer/0,45.600703,-109.065559
MT-377,MT,The Lewis Overthrust Fault and Marias Pass,Geology / natural history,,official,"Although Marias Pass was well-known to Montana's Indians, it was a recent discovery by non-Indians. The Salish, Kootenai, and Blackfeet frequently crossed the pass to hunt buffalo and raid their neighbors. By the 1830s, the area had become so associated with the Blackfeet, that few non-Indians dared search for the pass. Isaac Stevens' railroad survey attempted to ""discover"" the pass in 1854, but failed to find it. In 1889, the Great Northern Railway sent engineer John F. Stevens to locate the pass. Stevens plowed through four feet of snow in subzero weather in search of the 5,214-foot pass, finding it on December 10, 1889. The Great Northern built its line over Marias Pass in 1891. It was not until 1930 that a highway was constructed over it. Before then, motorists on U.S. Highway 2 had to load their automobiles onto railroad cars at East or West Glacier to ship them around the southern boundary of Glacier National Park on the Great Northern. The railroad dedicated the statue of John F. Stevens in 1925. The federal Bureau of Public Roads installed the stone obelisk in 1930 after it completed the highway.",,,,Montana Department of Transportation,https://gis.mtmdt.us/server/rest/services/MDTGIS/Historical_Highway_Marker/MapServer/0,48.317637,-113.353086
MT-379,MT,Richey,History,excellent,pending,,,,,Montana Department of Transportation,https://gis.mtmdt.us/server/rest/services/MDTGIS/Historical_Highway_Marker/MapServer/0,47.642084,-105.064416
MT-380,MT,The Mann Gulch Fire,History,,pending,,,,,Montana Department of Transportation,https://gis.mtmdt.us/server/rest/services/MDTGIS/Historical_Highway_Marker/MapServer/0,47.020016,-112.010058
MT-381,MT,Wolf Point,History,poor,pending,,,,,Montana Department of Transportation,https://gis.mtmdt.us/server/rest/services/MDTGIS/Historical_Highway_Marker/MapServer/0,48.092808,-105.644258
MT-382,MT,Black Gold,Geology / natural history,poor,official,"About sixty million years ago, this area was part of a vast subtropical coastal plain with major rivers flowing eastward into an inland seaway. Between these major river systems great thicknesses of plant material accumulated that was converted to peat and eventually buried under sand, mud, and other sediments. Over millions of years, the increased pressure and temperature from burial compressed and baked the peat into medium grade sub-bituminous coal. Between about 70 to 55 million years ago, tectonic forces caused dramatic deformation of the region and culminated in the formation of mountain ranges like the Beartooth, Pryor, and Big Horn Mountains. This deformation tilted the sedimentary layers and associated coal seams in this area downward to the east. The coal in the Bear Creek field is part of the immense Fort Union Formation, which is estimated to contain over 200 billion tons of coal in eastern and central Montana. A Brief History: ""Yankee Jim"" George discovered the Bear Creek coal field in 1866, but it would not be commercially mined for another forty years with the arrival of the Yellowstone Park Railway. Five companies operated coal mines in this narrow valley by 1910. Two towns, Bearcreek and Washoe, provided living quarters and services to the multi-ethnic miners and their families. The field contains about a dozen workable coal beds, with some seams as thick as 11 feet. Underground coal mining peaked in the early 1920s, when Bear Creek coal powered railroad locomotives, fueled the Anaconda Copper Company's smelter in Anaconda, and heated homes throughout Montana. Production gradually diminished as the railroads converted to diesel-powered locomotives and private homes began using natural gas. Commercial coal mining in the Bear Creek field ended in 1953 when the Smith Mine closed. Small privately operated companies provided coal to area residents for years afterwards.",,,,Montana Department of Transportation,https://gis.mtmdt.us/server/rest/services/MDTGIS/Historical_Highway_Marker/MapServer/0,45.158514,-109.18912
MT-383,MT,A Wonderful Piece of Engineering: the Mullan Road,History,,pending,,,,,Montana Department of Transportation,https://gis.mtmdt.us/server/rest/services/MDTGIS/Historical_Highway_Marker/MapServer/0,47.419403,-115.628878
MT-384,MT,Bozeman Pass,History,excellent,pending,,,,,Montana Department of Transportation,https://gis.mtmdt.us/server/rest/services/MDTGIS/Historical_Highway_Marker/MapServer/0,45.666912,-110.80585
MT-385,MT,The Salish and Pend D'oreille People and the Jocko,History,excellent,pending,,,,,Montana Department of Transportation,https://gis.mtmdt.us/server/rest/services/MDTGIS/Historical_Highway_Marker/MapServer/0,47.143059,-114.049145
MT-386,MT,"""The Yellowstone"" by Wallace Mcrae",History,,pending,,,,,Montana Department of Transportation,https://gis.mtmdt.us/server/rest/services/MDTGIS/Historical_Highway_Marker/MapServer/0,46.218052,-107.249738
MT-387,MT,Marias River,History,excellent,pending,,,,,Montana Department of Transportation,https://gis.mtmdt.us/server/rest/services/MDTGIS/Historical_Highway_Marker/MapServer/0,47.928921,-110.513849
MT-388,MT,Southeastern Montana,History,,pending,,,,,Montana Department of Transportation,https://gis.mtmdt.us/server/rest/services/MDTGIS/Historical_Highway_Marker/MapServer/0,45.443355,-105.413593
MT-389,MT,The Nez Perce Sikum,Lewis & Clark,fair,pending,,,,,Montana Department of Transportation,https://gis.mtmdt.us/server/rest/services/MDTGIS/Historical_Highway_Marker/MapServer/0,46.754471,-114.225546
MT-390,MT,Homestake Pass,Geology / natural history,poor,pending,,,,,Montana Department of Transportation,https://gis.mtmdt.us/server/rest/services/MDTGIS/Historical_Highway_Marker/MapServer/0,45.915709,-112.377082
MT-391,MT,The Bozeman Trail,History,good,pending,,,,,Montana Department of Transportation,https://gis.mtmdt.us/server/rest/services/MDTGIS/Historical_Highway_Marker/MapServer/0,45.668575,-110.9754
MT-392,MT,Reyonalds Pass,History,good,pending,,,,,Montana Department of Transportation,https://gis.mtmdt.us/server/rest/services/MDTGIS/Historical_Highway_Marker/MapServer/0,44.827919,-111.467837
MT-393,MT,Black Eagle,History,good,pending,,,,,Montana Department of Transportation,https://gis.mtmdt.us/server/rest/services/MDTGIS/Historical_Highway_Marker/MapServer/0,47.51964,-111.257426
MT-394,MT,Lewis & Clark Portage Route,Lewis & Clark,poor,pending,,,,,Montana Department of Transportation,https://gis.mtmdt.us/server/rest/services/MDTGIS/Historical_Highway_Marker/MapServer/0,47.494062,-111.222467
MT-395,MT,Malmstorm Air Force Base,History,good,pending,,,,,Montana Department of Transportation,https://gis.mtmdt.us/server/rest/services/MDTGIS/Historical_Highway_Marker/MapServer/0,47.494049,-111.22246
MT-396,MT,Coal Mines and Railroads,History,good,pending,,,,,Montana Department of Transportation,https://gis.mtmdt.us/server/rest/services/MDTGIS/Historical_Highway_Marker/MapServer/0,47.439875,-111.146999
MT-397,MT,In the Event of an Attack:,History,good,pending,,,,,Montana Department of Transportation,https://gis.mtmdt.us/server/rest/services/MDTGIS/Historical_Highway_Marker/MapServer/0,47.92499,-111.730807
MT-398,MT,The Whoop Up Trail,History,good,pending,,,,,Montana Department of Transportation,https://gis.mtmdt.us/server/rest/services/MDTGIS/Historical_Highway_Marker/MapServer/0,47.924964,-111.7307
MT-399,MT,The Whoop Up Trail,History,good,pending,,,,,Montana Department of Transportation,https://gis.mtmdt.us/server/rest/services/MDTGIS/Historical_Highway_Marker/MapServer/0,47.924743,-111.735161
MT-400,MT,In the Event of an Attack:,History,good,pending,,,,,Montana Department of Transportation,https://gis.mtmdt.us/server/rest/services/MDTGIS/Historical_Highway_Marker/MapServer/0,47.924784,-111.73513
MT-801,MT,Sun River Crossing,History,good,pending,,,,,Montana Department of Transportation,https://gis.mtmdt.us/server/rest/services/MDTGIS/Historical_Highway_Marker/MapServer/0,47.537583,-111.71409
MT-802,MT,Fort Shaw,History,good,pending,,,,,Montana Department of Transportation,https://gis.mtmdt.us/server/rest/services/MDTGIS/Historical_Highway_Marker/MapServer/0,47.500181,-111.81897
MT-803,MT,Augusta and Gilman,History,good,pending,,,,,Montana Department of Transportation,https://gis.mtmdt.us/server/rest/services/MDTGIS/Historical_Highway_Marker/MapServer/0,47.510579,-112.365502
MT-804,MT,Egg Mountain,Geology / natural history,good,official,"In 1978, rock-shop owner Marion Brandvold found a group of small bones that paleontologists Jack Horner and Bob Makela later identified as baby bones belonging to a new species of duck-billed dinosaur. Horner and Makela named this new species Maiasaura peeblesorum, the good mother reptile. The site where the Maiasaura bones were found was named Egg Mountain, and has since yielded the largest cache of dinosaur eggs, embryos, and baby skeletons found in the Western Hemisphere. The site has also yielded one of the largest concentrations of adult dinosaur skeletons found in the world. Paleontologists have interpreted this accumulation as a gigantic herd of Maiasaura that died in a catastrophic event, possibly resulting from a volcanic eruption or a hurricane. Besides Maiasaura, a little meat-eating dinosaur named Troodon also nested at the Egg Mountain site. Its eggs indicate that they were brooded similar to birds, by direct contact of the parent. About 76 million years ago, when Maiasaura and Troodon lived in this area, the Rocky Mountains were just beginning to form to the west, and a shallow ocean existed 300 miles to the east. The dinosaurs nested near lakes and streams on a fern covered coastal plain. Maiasaura is Montana's state fossil.",,,,Montana Department of Transportation,https://gis.mtmdt.us/server/rest/services/MDTGIS/Historical_Highway_Marker/MapServer/0,47.715557,-112.225835
MT-805,MT,A Permanent and Substantial Road,History,good,pending,,,,,Montana Department of Transportation,https://gis.mtmdt.us/server/rest/services/MDTGIS/Historical_Highway_Marker/MapServer/0,47.956471,-114.034069
MT-806,MT,Us 93 North Wildlife Crossing Structures and Fenci,OTHER,poor,pending,,,,,Montana Department of Transportation,https://gis.mtmdt.us/server/rest/services/MDTGIS/Historical_Highway_Marker/MapServer/0,47.67151,-114.105898
MT-807,MT,Us93 N Wildlife Crossing Structures and Fencing,OTHER,poor,pending,,,,,Montana Department of Transportation,https://gis.mtmdt.us/server/rest/services/MDTGIS/Historical_Highway_Marker/MapServer/0,47.671514,-114.105881
MT-808,MT,The Beavers Dam,Geology / natural history,good,pending,,,,,Montana Department of Transportation,https://gis.mtmdt.us/server/rest/services/MDTGIS/Historical_Highway_Marker/MapServer/0,47.671537,-114.105853
MT-809,MT,Flathead House,History,excellent,pending,,,,,Montana Department of Transportation,https://gis.mtmdt.us/server/rest/services/MDTGIS/Historical_Highway_Marker/MapServer/0,47.525484,-115.003828
MT-813,MT,Saleesh House,History,excellent,pending,,,,,Montana Department of Transportation,https://gis.mtmdt.us/server/rest/services/MDTGIS/Historical_Highway_Marker/MapServer/0,47.591264,-115.325126
MT-814,MT,Tobacco Plains,History,good,pending,,,,,Montana Department of Transportation,https://gis.mtmdt.us/server/rest/services/MDTGIS/Historical_Highway_Marker/MapServer/0,48.866143,-115.028647
MT-815,MT,The Beartooth Plateau and Stillwater Complex,Geology / natural history,good,pending,,,,,Montana Department of Transportation,https://gis.mtmdt.us/server/rest/services/MDTGIS/Historical_Highway_Marker/MapServer/0,45.43555,-109.808236
ID-355,ID,Bonneville Flood,,removed,pending,,,,Jerome,Idaho Transportation Department / Idaho State Historical Society,https://services1.arcgis.com/Qqv4dYPC8Vv8e3c3/arcgis/rest/services/HistoricalMarkerSigns_ViewLayer/FeatureServer/0,42.627888,-114.40639
ID-13,ID,Lava Hot Springs,Native American,active,official,"Except where they found hot springs, pre-historic Indians had a hard time getting hot water. They wove watertight baskets into which they put heated rocks. Here they had plenty of hot water for baths and for processing hides without going to all the work of heating baskets. This was one of their major campgrounds, especially in winter. After 1868, when they began to stay mostly on the Fort Hall Indian reservation, this spot lost its importance as a winter camp.",US-30,371.22,Bannock,Idaho Transportation Department / Idaho State Historical Society,https://services1.arcgis.com/Qqv4dYPC8Vv8e3c3/arcgis/rest/services/HistoricalMarkerSigns_ViewLayer/FeatureServer/0,42.619303,-112.005728
ID-17,ID,Idaho's 1st Railroad,Railroad,active,official,"Construction, undertaken by a Mormon co-op, came northward from a junction with the transcontinental line, but stopped in 1874 at Franklin on the Utah-Idaho border. Jay Gould, famous financier of the Union Pacific, took over in 1877; trains were passing here the next summer, and the rails reached Montana in 1880. New life for eastern Idaho followed the shrieking whistles of those little Utah and Northern trains.",I-15B Inkom (Near Exit 58),0.9,Bannock,Idaho Transportation Department / Idaho State Historical Society,https://services1.arcgis.com/Qqv4dYPC8Vv8e3c3/arcgis/rest/services/HistoricalMarkerSigns_ViewLayer/FeatureServer/0,42.797753,-112.261929
ID-23,ID,Idaho's Oldest Town,Pioneer / settlement,active,official,"The founding of Franklin was part of a well organized plan of Mormon expansion. Church authorities sent the colonists under Thomas Smart from Provo, Utah. Men of many trades were included in order to make the community self-sufficient. From 1874-1877, Franklin was the busy terminus of the Utah Northern Railroad where freight for the Montana mines was reloaded for the long wagon haul north.",US-91,1.17,Franklin,Idaho Transportation Department / Idaho State Historical Society,https://services1.arcgis.com/Qqv4dYPC8Vv8e3c3/arcgis/rest/services/HistoricalMarkerSigns_ViewLayer/FeatureServer/0,42.014054,-111.804129
ID-28,ID,Starrh's Ferry,Transportation,active,official,"From 1880-2, freighters hauling supplies for a mining rush to Wood River used Starrh's ferry (powered by river current when stiff winds were not blowing too hard), and local traffic lasted until Milner Reservoir flooded out summer operations after 1904. But a small town with a post office (1909-12) remained there for more than a decade. During that time, nearby bridges replaced Starrh's ferry.",US-30,253.63,Cassia,Idaho Transportation Department / Idaho State Historical Society,https://services1.arcgis.com/Qqv4dYPC8Vv8e3c3/arcgis/rest/services/HistoricalMarkerSigns_ViewLayer/FeatureServer/0,42.533718,-113.868619
ID-38,ID,Nez Perce War,Native American,active,official,"East of here on July 5, 1877, Nez Perce warriors created a strategic diversion by surrounding 17 Mount Idaho volunteers. Two of the volunteers were killed and three were wounded before help arrived from the U.S. forces stationed at Cottonwood. Meanwhile the Nez Perce bands crossed the prairie to join allies on the Clearwater. A circuitous path led to Montana and the War's end in October 1877.",US-95,252.88,Idaho,Idaho Transportation Department / Idaho State Historical Society,https://services1.arcgis.com/Qqv4dYPC8Vv8e3c3/arcgis/rest/services/HistoricalMarkerSigns_ViewLayer/FeatureServer/0,46.0265,-116.327609
ID-42,ID,Saint Joseph Indian Mission,Native American,removed,official,"Eagerly sought by the Coeur d'Alene Indians, the black-robed missionaries supervised the building of a log cabin and in the spring began to teach ""the mysteries of plowing and planting."" Soon two-thirds of the tribe were baptised. But floods gave trouble here, and in 1846 the mission moved north to Cataldo.",SH-3,92.61,Benewah,Idaho Transportation Department / Idaho State Historical Society,https://services1.arcgis.com/Qqv4dYPC8Vv8e3c3/arcgis/rest/services/HistoricalMarkerSigns_ViewLayer/FeatureServer/0,47.366751,-116.680427
ID-45,ID,Mount Borah,Geology / natural history,active,official,"Ten or a dozen large but shallow inland seas have covered this area in the past billion years. They became a graveyard for countless generations of sea creatures: bones, shells, coral, and microscopic remains piled up through the eons into a clay-and-limestone deposit thousands of feet thick. During the past 10 or 20 million years, part of this deposit has been thrust upward into the towering ridge which you see before you.",US-93,131.19,Custer,Idaho Transportation Department / Idaho State Historical Society,https://services1.arcgis.com/Qqv4dYPC8Vv8e3c3/arcgis/rest/services/HistoricalMarkerSigns_ViewLayer/FeatureServer/0,44.140135,-113.904778
ID-72,ID,Airmail Service,Transportation,removed,official,"After Varney Airlines was merged with newer companies to become United Airlines, this flight was recognized as United's initial flight. A year later, Charles A. Lindberg landed here on his national tour after his solo flight to Paris. Boise's municipal airport continued to serve planes here until 1940 when 8,800-foot runways were built at its present site.",,,Ada,Idaho Transportation Department / Idaho State Historical Society,https://services1.arcgis.com/Qqv4dYPC8Vv8e3c3/arcgis/rest/services/HistoricalMarkerSigns_ViewLayer/FeatureServer/0,43.603474,-116.194312
ID-75,ID,The Ward Massacre,Oregon / California Trail,active,official,"Military retaliation for the slaughter so enraged the Indians that Hudson's Bay Co. posts Fort Boise and Fort Hall had to be abandoned, and the Oregon Trail became unsafe without army escort. Eight years of Indian terror followed. Finally, the 1862 gold rush brought powerful forces, civilian and military, that gradually subdued the tribes.",Lincoln Rd (E of Caldwell),,Canyon,Idaho Transportation Department / Idaho State Historical Society,https://services1.arcgis.com/Qqv4dYPC8Vv8e3c3/arcgis/rest/services/HistoricalMarkerSigns_ViewLayer/FeatureServer/0,43.676941,-116.608557
ID-78,ID,Marie Dorion,Pioneer / settlement,active,official,"She and her two infant children were the sole survivors of a mid-January Bannock Indian clash at John Reid's fur trade post 6 miles west of here. So they had to set out with two horses on a 200-mile retreat through deep mountain snow. Finally, a Columbia River band of Walla Walla Indians rescued them in April.",US-20 (Fort Boise Park),46.66,Canyon,Idaho Transportation Department / Idaho State Historical Society,https://services1.arcgis.com/Qqv4dYPC8Vv8e3c3/arcgis/rest/services/HistoricalMarkerSigns_ViewLayer/FeatureServer/0,43.779859,-116.932412
ID-85,ID,Old Fort Boise,Pioneer / settlement,active,official,"Fur trading declined, but this British post became famous for its hospitality to American travelers on the Oregon Trail. An 1845 report spoke of ""two acres of land under cultivation...1,991 sheep, 73 pigs, 17 horses and 27 meat cattle""-a welcome oasis at the ford of the Snake River after 300 thirsty miles from Fort Hall. A flood in 1853 washed away the adobe buildings and Indian trouble forced the Company to abandon the post two years later.",US-20 (Fort Boise Park),46.66,Canyon,Idaho Transportation Department / Idaho State Historical Society,https://services1.arcgis.com/Qqv4dYPC8Vv8e3c3/arcgis/rest/services/HistoricalMarkerSigns_ViewLayer/FeatureServer/0,43.779834,-116.932345
ID-100,ID,Camas Prairie,Native American,active,official,"Tolo Lake -- visible below -- provided a campground for Chief Joseph's Wallowa band and White Bird's Salmon River band when war broke out on the Salmon River directly south of here, June 14, 1877. Both of these bands were under military pressure to settle on the Camas Prairie when three young men from White Bird's band avenged a long series of past wrongs and army authorities retaliated.",US-95,233.59,Idaho,Idaho Transportation Department / Idaho State Historical Society,https://services1.arcgis.com/Qqv4dYPC8Vv8e3c3/arcgis/rest/services/HistoricalMarkerSigns_ViewLayer/FeatureServer/0,45.875819,-116.228581
ID-111,ID,Spalding's Mission,Native American,active,official,"Spalding began his mission and school nearby, but moved here in 1838. Believing in secular as well as religious teaching, he taught the Indians irrigated farming, brought in the Northwest's first printing press, and built saw and flour mills. But hostility slowly developed, and Spalding left after the Whitman massacre at Walla Walla in 1847. He returned with the gold rush to labor among his converts until his death in 1874. His grave is nearby.",US-12,12.23,Nez Perce,Idaho Transportation Department / Idaho State Historical Society,https://services1.arcgis.com/Qqv4dYPC8Vv8e3c3/arcgis/rest/services/HistoricalMarkerSigns_ViewLayer/FeatureServer/0,46.452156,-116.81838
ID-112,ID,Lapwai Mission,Native American,active,official,"Ever since they met Lewis and Clark in 1805-6, the Nez Perce had wanted to find out more about the white mans ways. In 1831, a Nez Perce delegation went all the way to St. Louis, where they saw Clark again and asked for teachers. Spalding came west to answer their call: with Indian help, a house and assembly hall were built in 24 days, and in two months, Mrs. Spalding started a mission school. In 1838 the mission was moved north to the Clearwater.",US-95,300.59,Nez Perce,Idaho Transportation Department / Idaho State Historical Society,https://services1.arcgis.com/Qqv4dYPC8Vv8e3c3/arcgis/rest/services/HistoricalMarkerSigns_ViewLayer/FeatureServer/0,46.417243,-116.802639
ID-122,ID,Lewis and Clark,Lewis & Clark,active,official,"His small advance party camped near here with poor but friendly Indians. Clark reported that the Salmon ""is almost one continued rapid,"" and that passage ""with Canoes is entirely impossible,"" so the expedition had to buy packhorses and go 110 miles north to an Indian trail across the mountains. QUOTATIONS FROM THE ORGINAL JOURNALS OF LEWIS AND CLARK.",US-93,326.1,Lemhi,Idaho Transportation Department / Idaho State Historical Society,https://services1.arcgis.com/Qqv4dYPC8Vv8e3c3/arcgis/rest/services/HistoricalMarkerSigns_ViewLayer/FeatureServer/0,45.404706,-113.991732
ID-125,ID,Historic Lemhi Co.,Pioneer / settlement,active,official,"Mining has continued in Lemhi Co. with production of $30 Mil. in gold and nearly $35 Mil. in copper, lead, tungsten, silver, etc. 63 mineral species have been found. Aug. 1805 - Lewis & Clark entered Lemhi Valley 20 Mi. So. & crossed Idaho 75 Mi. No. representing the U.S. in Oregon Territory. 1855- a Mormon settlement established at Fort Lemhi near the place where Lewis & Clark first encamped: abandoned 1858. Agriculture and stock raising established in 1870.",US-93,310.04,Lemhi,Idaho Transportation Department / Idaho State Historical Society,https://services1.arcgis.com/Qqv4dYPC8Vv8e3c3/arcgis/rest/services/HistoricalMarkerSigns_ViewLayer/FeatureServer/0,45.243716,-113.894263
ID-127,ID,Lewis and Clark,Lewis & Clark,active,official,"Lewis had to obtain Indian horses so his men could get from the upper Missouri to a navigable stream flowing to the Pacific. So he persuaded the Shoshoni to accompany him to the expedition's main camp east of the mountains. There he found the Shoshoni chief to be Sacajawea's brother. With horses and help from Sacajawea's people, Lewis and Clark came to this valley Aug. 26 on their way north to the Lolo Trail and the Clearwater.",SH-28,122.37,Lemhi,Idaho Transportation Department / Idaho State Historical Society,https://services1.arcgis.com/Qqv4dYPC8Vv8e3c3/arcgis/rest/services/HistoricalMarkerSigns_ViewLayer/FeatureServer/0,45.051106,-113.685265
ID-128,ID,Fort Lemhi,Pioneer / settlement,active,official,"A religious settlement rather than a military fort, Salmon River Mission grew to more than 100 settlers before Indian trouble forced them to abandon the valley in 1858. By that time, the missionaries had baptized 100 Indians and had begun irrigated farming in spite of ruinous summer frost and plagues of grasshoppers. Some of the old mission ditches are still used, and part of an old adobe mission wall still stands at Fort Lemhi.",SH-28,117.3,Lemhi,Idaho Transportation Department / Idaho State Historical Society,https://services1.arcgis.com/Qqv4dYPC8Vv8e3c3/arcgis/rest/services/HistoricalMarkerSigns_ViewLayer/FeatureServer/0,44.983209,-113.650498
ID-135,ID,Fort Henry,Pioneer / settlement,active,official,"Driven from their upper Missouri beaver camp by hostile Blackfeet, they expanded their operation from United States territory into Oregon--a land with only a few British posts at that time. They built cabins and wintered here in deep snow. Game was scarce, and they had little to eat except horses. So they abandoned this area, and Henry took only 40 packs of beaver pelts--a thin catch--back to Saint Louis after a season's work.",N 1900 E (N of Rexburg/Sugar City),,Fremont,Idaho Transportation Department / Idaho State Historical Society,https://services1.arcgis.com/Qqv4dYPC8Vv8e3c3/arcgis/rest/services/HistoricalMarkerSigns_ViewLayer/FeatureServer/0,43.925447,-111.777695
ID-139,ID,Pierre's Hole,Pioneer / settlement,active,official,"""Old Pierre"" Tevanitagon, an Iroquois Indian fur trapper for the Hudson Bay Company, gave his name to this beaver-rich valley. Pierre's Hole was the scene of the annual rendezvous of mountain men and suppliers- ""The Great Rocky Mountain Fair"" - in 1832. That wild party ended in a free-for all battle with the Gros Ventre Indians, which the trappers and their Indian friends won. The valley was permanently settled in 1882.",SH-33,143.97,Teton,Idaho Transportation Department / Idaho State Historical Society,https://services1.arcgis.com/Qqv4dYPC8Vv8e3c3/arcgis/rest/services/HistoricalMarkerSigns_ViewLayer/FeatureServer/0,43.684247,-111.110355
ID-144,ID,Old Mission of the Sacred Heart,Native American,removed,official,"Black-robed Jesuits founded the mission on the St. Joe River in 1842, but moved here in 1846 and raised this imposing building in a complete wilderness. Dwellings and outbuildings are now gone, and the mission moved to Desmet in 1877, but the Mass is still celebrated here every year.","I-90 (Old Mission State Park, Near Exit 39)",38.8,Kootenai,Idaho Transportation Department / Idaho State Historical Society,https://services1.arcgis.com/Qqv4dYPC8Vv8e3c3/arcgis/rest/services/HistoricalMarkerSigns_ViewLayer/FeatureServer/0,47.551144,-116.358145
ID-148,ID,Kullyspell House,Pioneer / settlement,removed,official,"Kullyspell House (Thompson spelled ""Kalispell"" that way) was the earliest fur trade post in the American Pacific Northwest. A geographer and surveyor of rare skill, Thompson explored and mapped vast fur regions for the North West Company of Montreal. Reaching south from present day British Columbia, he added what now is North Idaho to the Canadian fur empire. It was David Thompson who discovered the route this highway now follows.",SH-200,48.07,Bonner,Idaho Transportation Department / Idaho State Historical Society,https://services1.arcgis.com/Qqv4dYPC8Vv8e3c3/arcgis/rest/services/HistoricalMarkerSigns_ViewLayer/FeatureServer/0,48.220385,-116.266882
ID-150,ID,Wild Horse Trail,Mining / industry,removed,official,"An extension of North America's earlier gold excitements, Wild Horse was served by pack trains that hauled supplies from Columbia River steamboats and wagon roads that connected with this trail. Some packers used camel trains that made an odd sight in this forested wilderness.",US-2,503.7,Boundary,Idaho Transportation Department / Idaho State Historical Society,https://services1.arcgis.com/Qqv4dYPC8Vv8e3c3/arcgis/rest/services/HistoricalMarkerSigns_ViewLayer/FeatureServer/0,48.652755,-116.345334
ID-151,ID,The Oregon Trail,Oregon / California Trail,active,official,"The first cart passed here with Spalding and Whitman, pioneer missionaries, in 1836. By the middle 1840's, thousands of emigrant wagons had cut a broad track, later the Overland Road. The tide of travel went down when the railroad was completed in 1884, but the tracks of the wagons and stages can still be followed for miles east in the desert.",SH-21 (Along Boise River Greenbelt),3.3,Ada,Idaho Transportation Department / Idaho State Historical Society,https://services1.arcgis.com/Qqv4dYPC8Vv8e3c3/arcgis/rest/services/HistoricalMarkerSigns_ViewLayer/FeatureServer/0,43.551195,-116.098841
ID-152,ID,Atoms for Peace,Engineering / technology,active,official,"Chosen by the Atomic Energy Commission as an experiment in the peaceful use of atomic power, Arco, Idaho became the first town in the free world to be served by electrical energy developed from the atom. The energy for this experiment was produced at the National Reactor Testing Station in the Arco desert southwest of here.",US-93 (Bottolfsen Park),248.15,Butte,Idaho Transportation Department / Idaho State Historical Society,https://services1.arcgis.com/Qqv4dYPC8Vv8e3c3/arcgis/rest/services/HistoricalMarkerSigns_ViewLayer/FeatureServer/0,43.632423,-113.305665
ID-153,ID,Canal Gulch,Mining / industry,active,official,"E.D. Pierce, who knew the country, had led twelve prospectors, including Bassett, out from Walla Walla in August. After news of the strike spread, about sixty men came in and wintered nearby in spite of snow and Indians. Next spring the stampede was on, and by that July this six-month-old county cast the largest vote in Washington Territory.",SH-11,29.65,Clearwater,Idaho Transportation Department / Idaho State Historical Society,https://services1.arcgis.com/Qqv4dYPC8Vv8e3c3/arcgis/rest/services/HistoricalMarkerSigns_ViewLayer/FeatureServer/0,46.492363,-115.799639
ID-154,ID,Wood River Mines,Mining / industry,active,official,"Mining quickly brought a railroad and prosperity. The Ketchum smelter pioneered electric lighting. Hailey soon had Idaho's earliest phone service and three daily newspapers. But lodes ran out and mining declined. Now these hills attract more skiers and actors than miners. In 1984, Clint Eastwood filmed his movie Pale Rider near here.",SH-75,112.86,Blaine,Idaho Transportation Department / Idaho State Historical Society,https://services1.arcgis.com/Qqv4dYPC8Vv8e3c3/arcgis/rest/services/HistoricalMarkerSigns_ViewLayer/FeatureServer/0,43.480507,-114.27109
ID-155,ID,Long Valley Ambush,Pioneer / settlement,active,official,"Monday and Groseclose were killed immediately and Healy wounded; Smith, ""being a man of experience in such matters"", fled. He made it 40 miles to Salmon Meadows. Infantrymen buried the 3, marked the spot, and took up the Indian trail. Smith estimated there were 75 Indians; Army trackers finally concluded there were only 5--but they never caught them.",SH-55,115.48,Valley,Idaho Transportation Department / Idaho State Historical Society,https://services1.arcgis.com/Qqv4dYPC8Vv8e3c3/arcgis/rest/services/HistoricalMarkerSigns_ViewLayer/FeatureServer/0,44.51888,-116.044366
ID-156,ID,Oro Fino City,Mining / industry,active,official,"Pierce City was only 2 miles away but another town sprang up near some rich gold strikes. In its first few weeks, Oro Fino City had ""about sixty houses--more going up every day; nine or ten stores, more saloons than are needed, two smith-shops, two butcher-shops, three families and about 500 inhabitants,""----But with the gold rush over, the place was abandoned. The deserted town burned to the ground August 10, 1867.",SH-11,28.53,Clearwater,Idaho Transportation Department / Idaho State Historical Society,https://services1.arcgis.com/Qqv4dYPC8Vv8e3c3/arcgis/rest/services/HistoricalMarkerSigns_ViewLayer/FeatureServer/0,46.477481,-115.799814
ID-157,ID,Thomas Fork,Oregon / California Trail,active,official,"In that year, gold-seeking 49'ers developed a shortcut (practically U.S. 30 west of here) which crossed this stream. By the early 1850's, two bridges had been built and their enterprising owner was charging $1 a wagon toll--which not everyone could afford. Penniless emigrants struggling in the water cursed while richer companions comfortably clattered across the bridges.",US-30,454.49,Bear Lake,Idaho Transportation Department / Idaho State Historical Society,https://services1.arcgis.com/Qqv4dYPC8Vv8e3c3/arcgis/rest/services/HistoricalMarkerSigns_ViewLayer/FeatureServer/0,42.214146,-111.066482
ID-158,ID,Soda Springs,Oregon / California Trail,active,official,"Earlier, fur traders often--less elegantly--called the place ""Beer Springs"" after one spring whose water tasted ""like Lager Beer ... only flat."" Another, Steamboat Spring, made sounds ""exactly resembling ... a high pressure steam engine."" Both springs are now drowned in the modern reservoir, but others still can be tasted.",US-30,403.92,Caribou,Idaho Transportation Department / Idaho State Historical Society,https://services1.arcgis.com/Qqv4dYPC8Vv8e3c3/arcgis/rest/services/HistoricalMarkerSigns_ViewLayer/FeatureServer/0,42.657794,-111.626043
ID-159,ID,Smith's Trading Post,Pioneer / settlement,active,official,"Some travelers called it ""Fort Smith"", though it was only four log cabins and some Indian lodges. Packing a plow and tools from Salt Lake City, Smith (a mountain man who had to amputate his own leg 20 years before) tried unsuccessfully to raise crops. But he did a big business when the California gold rush of 1849 brought thousands past here; 49'ers reported that he had many horses and cattle, and was making $100 a day.",US-30,440.1,Bear Lake,Idaho Transportation Department / Idaho State Historical Society,https://services1.arcgis.com/Qqv4dYPC8Vv8e3c3/arcgis/rest/services/HistoricalMarkerSigns_ViewLayer/FeatureServer/0,42.252527,-111.255882
ID-161,ID,Hudspeth's Cutoff,Oregon / California Trail,active,official,"Stampeding 49'ers would try anything to save miles and time in their rush for California gold: the regular Oregon and California trails looped north of here to Fort Hall, but on July 19, 1849 Benoni M. Hudspeth led a party west from Soda Springs through rough country hoping for a more direct route through a gap 1.4 miles south of here. This immediately became the main road, though it saved far less than Hudspeth thought.",US-30,376.28,Caribou,Idaho Transportation Department / Idaho State Historical Society,https://services1.arcgis.com/Qqv4dYPC8Vv8e3c3/arcgis/rest/services/HistoricalMarkerSigns_ViewLayer/FeatureServer/0,42.629837,-111.917343
ID-163,ID,Lawyer's Canyon,Native American,active,official,"Called ""The Lawyer"" by early fur traders for his exceptional talents in languages and oratory, he was a friend of the whites. He had learned English before the missionaries came in 1836, and helped them prepare dictionaries and translate the Bible into Nez Perce. He played an important part in all the treaties negotiated with his people before his death in 1876, a year before the Nez Perce War.",US-95,268.62,Lewis,Idaho Transportation Department / Idaho State Historical Society,https://services1.arcgis.com/Qqv4dYPC8Vv8e3c3/arcgis/rest/services/HistoricalMarkerSigns_ViewLayer/FeatureServer/0,46.200755,-116.415286
ID-164,ID,Mullan Military Road,Military,removed,official,"From 1858-62, Lt. John Mullan's crew built the Northwest's first engineered highway, connecting Fort Benton with Fort Walla Walla, 625 miles. In Idaho, I-90 closely follows the original road. Mullan's crew spent July 4, 1861 here, carving the date into a white pine -- the famous Mullan Tree. The diseased tree -- and last Mullan Road Marker -- was removed in 1988.","I-90 (E Alder Creek Rd, Near Exit 28)",28,Kootenai,Idaho Transportation Department / Idaho State Historical Society,https://services1.arcgis.com/Qqv4dYPC8Vv8e3c3/arcgis/rest/services/HistoricalMarkerSigns_ViewLayer/FeatureServer/0,47.621135,-116.519751
ID-165,ID,Bonner's Ferry,Pioneer / settlement,active,official,The ferry and its trading store served the Wild Horse packtrains for many years. Steamers - - the first tiny one dragged in overland - - came to the river in the 1880's and the Great Northern Railway arrived in 1892. A thriving town soon sprang up where once the ferryman and his family had been the only white people.,US-2,507.81,Boundary,Idaho Transportation Department / Idaho State Historical Society,https://services1.arcgis.com/Qqv4dYPC8Vv8e3c3/arcgis/rest/services/HistoricalMarkerSigns_ViewLayer/FeatureServer/0,48.701379,-116.31474
ID-166,ID,Thousand Springs,Geology / natural history,active,official,"Over thousands of years, volcanic activity repeatedly spread lava over the Snake River plain, slowly forcing the Snake River southward in a great curve. Successive channels of the river and its tributaries were filled with spongy lava, and became underground reservoirs and conduits, gathering water from far to the northeast. Torrents from one or more of these buried channels now burst forth on the opposite canyon wall.",US-30,186.98,Twin Falls,Idaho Transportation Department / Idaho State Historical Society,https://services1.arcgis.com/Qqv4dYPC8Vv8e3c3/arcgis/rest/services/HistoricalMarkerSigns_ViewLayer/FeatureServer/0,42.745838,-114.851324
ID-167,ID,The First Capital,Pioneer / settlement,active,official,"When Lewiston served as the capital, Idaho Territory included modern Montana and practically all of Wyoming--an area much larger than Texas. Then in 1864, after Montana was established as a separate territory and most of Wyoming was attached to Dakota, the governor and legislature decided to locate the capital of Idaho in Boise, where it has been ever since.",US-95,316.6,Nez Perce,Idaho Transportation Department / Idaho State Historical Society,https://services1.arcgis.com/Qqv4dYPC8Vv8e3c3/arcgis/rest/services/HistoricalMarkerSigns_ViewLayer/FeatureServer/0,46.461531,-116.991994
ID-168,ID,Elk City,Mining / industry,active,official,"Through July the houses were ""nice and airy, being constructed of brush,"" with bars for doors ""to keep out the cayuse horses."" Permanent log buildings were begun August 6, and within a month about 40 stores, saloons, and cabins were ready for winter use. Most of the miners rushed off to other new bonanzas that fall, but Elk City still became one of the important Idaho gold camps.",SH-14,49.43,Idaho,Idaho Transportation Department / Idaho State Historical Society,https://services1.arcgis.com/Qqv4dYPC8Vv8e3c3/arcgis/rest/services/HistoricalMarkerSigns_ViewLayer/FeatureServer/0,45.827705,-115.439394
ID-169,ID,Hudspeth's Cutoff,Oregon / California Trail,active,official,"Opened by ""Messrs, Hudspeth & Myers, of the Jackson County, Missouri Company,"" who reached here on July 24, 1849, this new route was mistakenly thought to save nearly a hundred miles over the old way along the Snake River to the north. From here, the 49'ers struck southwest for California and golden riches.",SH-77,2.8,Cassia,Idaho Transportation Department / Idaho State Historical Society,https://services1.arcgis.com/Qqv4dYPC8Vv8e3c3/arcgis/rest/services/HistoricalMarkerSigns_ViewLayer/FeatureServer/0,42.290235,-113.416255
ID-170,ID,Coeur D'Alene Lake,Geology / natural history,removed,official,"When the glacier melted, about 600,000 years ago, it left a moraine - a ridge of rubble gathered under the galcier front - at Rathdrum, Idaho northwest of here. This moraine dammed the rivers, and run-off water were forced west to form what is now the Spokane River. Lake Facts: Area- 50 sq. mi., Length-32 mi. Depth-unknown; Elev. 2,124 ft.",SH-97,95.94,Kootenai,Idaho Transportation Department / Idaho State Historical Society,https://services1.arcgis.com/Qqv4dYPC8Vv8e3c3/arcgis/rest/services/HistoricalMarkerSigns_ViewLayer/FeatureServer/0,47.618284,-116.651838
ID-171,ID,Red Rock Pass,Geology / natural history,active,official,"Covering over 20,000 square miles when it overflowed here about 14,500 years ago, its winding shoreline would have stretched from here to New Orleans if it were straightened out. This pass was deepened considerably when Lake Bonneville began to flow into the Snake River. For a time, a torrent several times larger than the Amazon was discharged here. Finally, with a hotter, drier climate that slowly emerged about 8,000 years ago, Lake Bonneville gradually disappeared.",US-91,30.19,Bannock,Idaho Transportation Department / Idaho State Historical Society,https://services1.arcgis.com/Qqv4dYPC8Vv8e3c3/arcgis/rest/services/HistoricalMarkerSigns_ViewLayer/FeatureServer/0,42.354415,-112.049269
ID-172,ID,Shoshone Falls,Geology / natural history,active,official,"Indians, trappers and travelers all knew the ""Great Shoshonie."" The waters above the Falls have been harnessed for irrigation and power. The adjacent land was donated to the city of Twin Falls in 1932, so that it could be preserved for public enjoyment. The park provides spectacular views of the roaring Falls in the spring as winter snows melt, and the sheer canyon walls and rocky drop as the water slows in the drier months.",US-93,50,Twin Falls,Idaho Transportation Department / Idaho State Historical Society,https://services1.arcgis.com/Qqv4dYPC8Vv8e3c3/arcgis/rest/services/HistoricalMarkerSigns_ViewLayer/FeatureServer/0,42.598413,-114.454732
ID-174,ID,Fabulous Florence,Mining / industry,active,official,"Early prospectors, fanning south from Pierce - Idaho's first gold camp - came unexpectedly upon rich ground in August 1861. Their secret leaked, golden rumors started an eager rush that fall, and winter famine followed. Next spring, thousands stampeded into Florence, even from the California mines, but the rich camp had only 575 men by 1863. Today scarcely a trace of town remains among scars of the old diggings. Original town vanished; side trip ordinarily impracticable.",US-95,205.59,Idaho,Idaho Transportation Department / Idaho State Historical Society,https://services1.arcgis.com/Qqv4dYPC8Vv8e3c3/arcgis/rest/services/HistoricalMarkerSigns_ViewLayer/FeatureServer/0,45.547786,-116.304492
ID-175,ID,Hydraulic Mining,Mining / industry,active,official,"Big nozzles, called ""hydraulic giants,"" shot powerful streams of water against a pre-historic river bed (now the bank of the stream) to expose and wash down gold-bearing gravel, which then was sluiced to recover the gold. This method, brought to Idaho in the 1860's, remained in use until recent economic changes made gold mining unprofitable. Many pits--some enormously larger than this one--are left as reminders of the mining days gone by.",US-95,205.59,Idaho,Idaho Transportation Department / Idaho State Historical Society,https://services1.arcgis.com/Qqv4dYPC8Vv8e3c3/arcgis/rest/services/HistoricalMarkerSigns_ViewLayer/FeatureServer/0,45.547701,-116.30451
ID-176,ID,Mackenzie's Post,Pioneer / settlement,active,official,"Disappointed to find that beaver were unavailable in this area, he built only a store and two houses out of driftwood. Then the War of 1812 and Indian trouble tangled his plans; in May 1813 he abandoned this site, since Astor's venture had failed and was about to be sold to the North West Company of Montreal. ""Perpetual Motion"" Mackenzie who once had been a Nor'Wester, rejoined the Canadians in 1816 and finally organized the Snake country fur trade.",US-95,316.6,Nez Perce,Idaho Transportation Department / Idaho State Historical Society,https://services1.arcgis.com/Qqv4dYPC8Vv8e3c3/arcgis/rest/services/HistoricalMarkerSigns_ViewLayer/FeatureServer/0,46.461538,-116.992151
ID-177,ID,Seneacquoteen,Native American,removed,official,"Fur traders, surveyors and miners followed the old Indian trail that forded the river here at Seneacquoteen - a Kalispell word meaning ""crossing."" During the Kootenay gold rush of 1864, a wagon road came from Walla Walla to a ferry here. The Wild Horse Trail - a pack route - ran on north to the Kootenay mines in British Columbia.",,,Bonner,Idaho Transportation Department / Idaho State Historical Society,https://services1.arcgis.com/Qqv4dYPC8Vv8e3c3/arcgis/rest/services/HistoricalMarkerSigns_ViewLayer/FeatureServer/0,48.174396,-116.744282
ID-183,ID,Packer John's Cabin,Pioneer / settlement,active,official,He built a cabin (1/4 mile north of here) that immediately became an historic Idaho landmark. Territorial political conventions (Republican in 1863 and Democratic in 1864) used his facility as a point where North Idaho leaders could meet with southern representatives to choose congressional candidates. This site now is a state park.,SH-55,152.99,Adams,Idaho Transportation Department / Idaho State Historical Society,https://services1.arcgis.com/Qqv4dYPC8Vv8e3c3/arcgis/rest/services/HistoricalMarkerSigns_ViewLayer/FeatureServer/0,44.955598,-116.224854
ID-185,ID,Brownlee Ferry,Oregon / California Trail,active,official,"A Boise Basin gold rush followed that fall, and prospectors coming from the west used Goodale's route. John Brownlee started ferry service here in 1862 but left in 1864 to work his own Boise Basin mine.  A new ferry commenced in 1875, a year after James Ruth and T.J. Health discovered silver on Brownlee Creek, with service until after 1920.",SH-71,1.57,Washington,Idaho Transportation Department / Idaho State Historical Society,https://services1.arcgis.com/Qqv4dYPC8Vv8e3c3/arcgis/rest/services/HistoricalMarkerSigns_ViewLayer/FeatureServer/0,44.828701,-116.903535
ID-186,ID,Idaho City,Pioneer / settlement,active,official,"By the next summer, this was the largest city in the Northwest, with 6,275 people -- 5,691 of them men! Families followed, and respectable businesses, schools, libraries, good theaters, churches, and fraternal orders came soon. The town survived several disastrous fires and remained an important mining center until the war shut down gold production in 1942.",SH-21,38.66,Boise,Idaho Transportation Department / Idaho State Historical Society,https://services1.arcgis.com/Qqv4dYPC8Vv8e3c3/arcgis/rest/services/HistoricalMarkerSigns_ViewLayer/FeatureServer/0,43.824133,-115.838267
ID-188,ID,Grimes' Creek,Mining / industry,active,official,"The party was searching for a rich basin described to Splawn a year earlier by an Indian. Further up this creek, they found the gold they were looking for. A few days later, Grimes was killed at Grimes Pass (it was blamed on Indians), and his partners had to bury him in a prospect hole nearby.",SH-21,28.88,Boise,Idaho Transportation Department / Idaho State Historical Society,https://services1.arcgis.com/Qqv4dYPC8Vv8e3c3/arcgis/rest/services/HistoricalMarkerSigns_ViewLayer/FeatureServer/0,43.725912,-115.951197
ID-192,ID,Owyhee Country,Pioneer / settlement,active,official,"Fur-trading ships brought Hawaiian natives--then called ""Owyhees""-- to the Northwest. In 1818, Donald Mackenzie brought the first big brigade of fur hunters to the Snake River Valley. He sent several Owyhees to trap in this region--and they never came back. Ever since then, this has been called the Owyhee country and Owyhee county carries the name on. (Pronounce ""Owyhee"" and ""Hawaii"" aloud--they sound the same.)",US-95,14.15,Owyhee,Idaho Transportation Department / Idaho State Historical Society,https://services1.arcgis.com/Qqv4dYPC8Vv8e3c3/arcgis/rest/services/HistoricalMarkerSigns_ViewLayer/FeatureServer/0,43.407318,-116.864909
ID-193,ID,Initial Point,Geology / natural history,active,official,"When he began surveying Idaho in 1867, Lafayette Cartee, first surveyor general of Idaho Territory, established the initial point on a volcanic hill visible for many miles. Everywhere in Idaho, surveyors depend upon this essential point in establishing land boundaries. The city of Meridian is named for the Boise Meridian--the surveyors' north-south line which runs through Initial Point.","S Main St, Meridian (Storey Park)",,Ada,Idaho Transportation Department / Idaho State Historical Society,https://services1.arcgis.com/Qqv4dYPC8Vv8e3c3/arcgis/rest/services/HistoricalMarkerSigns_ViewLayer/FeatureServer/0,43.60437,-116.391395
ID-194,ID,"Steamer ""Shoshone""",Transportation,active,official,"It was intended to ply 105 miles between here and Old's Ferry. Once it even explored the river for 60 miles above here, astonishing the jackrabbits with its ambitious whistle. But business was poor and firewood for boilers was scarce, and service stopped after a few trips. Finally in a hair-raising ride, the 136-foot, 300-ton boat was run down through Hell's Canyon to the Columbia.",SH-45,10.35,Owyhee,Idaho Transportation Department / Idaho State Historical Society,https://services1.arcgis.com/Qqv4dYPC8Vv8e3c3/arcgis/rest/services/HistoricalMarkerSigns_ViewLayer/FeatureServer/0,43.34092,-116.6039
ID-195,ID,Rattlesnake Station,Pioneer / settlement,active,official,"Stage service commenced in 1864, and a road to the Rocky Bar mines was opened 2 months later. In 1878 the station owners thought it would sound a lot better to call their place Mountain Home instead of Rattlesnake. Then the Union Pacific -- built out in the valley in 1883 -- replaced the freight wagons and stage lines that came through here. So Mountain Home was moved on down Rattlesnake Creek to its present location on the railroad.",US-20,96.01,Elmore,Idaho Transportation Department / Idaho State Historical Society,https://services1.arcgis.com/Qqv4dYPC8Vv8e3c3/arcgis/rest/services/HistoricalMarkerSigns_ViewLayer/FeatureServer/0,43.147791,-115.658601
ID-197,ID,Toll Gate,Transportation,active,official,"Julius Newberg's South Boise wagon road had reached Rocky Bar in 1864, but a route through this canyon was needed to avoid steep Syrup Creek grades on Goodale's Cutoff eight miles northwest of here. Tolls were collected here for 20 years to maintain it, and James A. Porter's splendid hotel and dairy attracted travelers for many miles.",US-20,107.04,Elmore,Idaho Transportation Department / Idaho State Historical Society,https://services1.arcgis.com/Qqv4dYPC8Vv8e3c3/arcgis/rest/services/HistoricalMarkerSigns_ViewLayer/FeatureServer/0,43.250925,-115.579465
ID-198,ID,Oregon Trail,Oregon / California Trail,active,official,"No other ford between Missouri and Oregon troubled them so much. This was their largest river. Using two of three islands, they crossed three channels, but sometimes lost stock and wagons. Many emigrants depended upon Shoshoni Indian guides to get them across safely.","S Commercial St, Glenns Ferry",,Elmore,Idaho Transportation Department / Idaho State Historical Society,https://services1.arcgis.com/Qqv4dYPC8Vv8e3c3/arcgis/rest/services/HistoricalMarkerSigns_ViewLayer/FeatureServer/0,42.947853,-115.297556
ID-199,ID,Glenn's Ferry,Transportation,active,official,"THIS CROSSING (just below I-84's bridges) connected to a shorter and better freight road. James S. Reynolds noted its advantages: ""By it King Hill, Clear Creek Hill, and that horrid road between Canyon Creek and Rattlesnake are avoided."" Indians captured and sank Glenn's Ferry during a Bannock War skirmish here in 1878. But overland stage service started here in 1879 and lasted until Glenn's Ferry became an important railroad center in 1883.","S Commerical St, Glenns Ferry",,Elmore,Idaho Transportation Department / Idaho State Historical Society,https://services1.arcgis.com/Qqv4dYPC8Vv8e3c3/arcgis/rest/services/HistoricalMarkerSigns_ViewLayer/FeatureServer/0,42.953495,-115.299863
ID-204,ID,Salmon Falls,Native American,active,official,"After 1842, they also traded salmon to Oregon Trail emigrants. John C. Fremont marveled at Salmon Falls 18-foot vertical drop, adjacent to ""a sheet of foaming water...divided and broken into cataracts"" by islands that ""give it much picturesque beauty, and make it one of those places that the traveler turns again and again to fix in his memory.""",US-30,186.97,Twin Falls,Idaho Transportation Department / Idaho State Historical Society,https://services1.arcgis.com/Qqv4dYPC8Vv8e3c3/arcgis/rest/services/HistoricalMarkerSigns_ViewLayer/FeatureServer/0,42.745878,-114.851357
ID-206,ID,Payne's Ferry,Oregon / California Trail,active,official,"Then Overland Stage service from Boise to a rail terminal in Kelton, Utah, was moved to this crossing, and M.E. Payne installed a large (14 by 60 foot) new cable ferry that used river current for power. After stage service was shifted to a more direct route at Glenns Ferry in 1879, this boat handled mostly local traffic until 1910, when it broke away and sank 3 miles below here.",US-30,190.44,Twin Falls,Idaho Transportation Department / Idaho State Historical Society,https://services1.arcgis.com/Qqv4dYPC8Vv8e3c3/arcgis/rest/services/HistoricalMarkerSigns_ViewLayer/FeatureServer/0,42.698995,-114.856638
ID-208,ID,Milner Dam,Engineering / technology,active,official,"A gravity system unmatched in size in national reclamation development, this project irrigates 360,000 acres of land. Twin Falls, Jerome, and a half dozen other communities suddenly sprang up in a desert plain watered by 160 miles of main canals. Located on lava channels formed by two rock islands, Milner Dam's three segments (462, 404, and 280 feet in length) were built by four locally powered electric cranes that were an engineering marvel of that time.",US-30,249.99,Cassia,Idaho Transportation Department / Idaho State Historical Society,https://services1.arcgis.com/Qqv4dYPC8Vv8e3c3/arcgis/rest/services/HistoricalMarkerSigns_ViewLayer/FeatureServer/0,42.509138,-113.925524
ID-216,ID,Bear River Massacre,Native American,active,official,"In 1863, Connor and his force set out from Salt Lake City on a cold January campaign in response to friction between Indians and white travelers. They found more than 400 Shoshoni settled in a winter camp on Battle Creek. When Connor struck at daybreak on January 29, the Shoshoni suffered a massacre unrivaled in Western history.",US-91,13.18,Franklin,Idaho Transportation Department / Idaho State Historical Society,https://services1.arcgis.com/Qqv4dYPC8Vv8e3c3/arcgis/rest/services/HistoricalMarkerSigns_ViewLayer/FeatureServer/0,42.140876,-111.911184
ID-218,ID,Camp Connor,Pioneer / settlement,active,official,"The gold rush to Idaho had greatly increased traffic on the Oregon Trail, and the post was needed to protect travelers from the Indians. Along with his troops, Connor brought 160 settlers from Utah, and the town they founded became the Oneida County seat from 1864-66. It soon declined, but in 1870 Brigham Young visited here and established the present townsite just east of the earlier location.",SH-34,403.93,Caribou,Idaho Transportation Department / Idaho State Historical Society,https://services1.arcgis.com/Qqv4dYPC8Vv8e3c3/arcgis/rest/services/HistoricalMarkerSigns_ViewLayer/FeatureServer/0,42.65776,-111.625914
ID-219,ID,John Bidwell,Oregon / California Trail,active,official,"When they reached here, August 12, 1841, half of his group decided to go northwest to Oregon instead. But his California crew turned south down Bear River to try a terrible route west of Salt Lake. So Joseph R. Chiles returned east in 1842 to find a practical California Trail across Idaho through Fort Hall and Granite Pass.",US-30 (Power Plant Rd),399.95,Caribou,Idaho Transportation Department / Idaho State Historical Society,https://services1.arcgis.com/Qqv4dYPC8Vv8e3c3/arcgis/rest/services/HistoricalMarkerSigns_ViewLayer/FeatureServer/0,42.64781,-111.702131
ID-220,ID,Bear River Lava,Geology / natural history,active,official,"Then these lava eruptions blocked that route, diverting Bear River south into what now is Salt Lake. At that time a large inland sea--known as Lake Bonneville--covered much of Utah. Additional water from Bear River helped make it overflow into Snake River before a change in climate dried it up about 8,000 years ago.",US-30 (Power Plant Rd),399.95,Caribou,Idaho Transportation Department / Idaho State Historical Society,https://services1.arcgis.com/Qqv4dYPC8Vv8e3c3/arcgis/rest/services/HistoricalMarkerSigns_ViewLayer/FeatureServer/0,42.647817,-111.702162
ID-222,ID,Beaver Canyon,Pioneer / settlement,active,official,"Freighters and travelers on stage lines from Salt Lake to Montana stopped at this station until Utah and Northern Railway service reached here in 1879. Large ranches also were supplied here until 1897, when they decided to move their Beaver Canyon town to a better site at Spencer.",I-15 (Near Exit 184),184,Clark,Idaho Transportation Department / Idaho State Historical Society,https://services1.arcgis.com/Qqv4dYPC8Vv8e3c3/arcgis/rest/services/HistoricalMarkerSigns_ViewLayer/FeatureServer/0,44.411416,-112.196219
ID-223,ID,Taylor's Bridge,Transportation,active,official,"James Madison Taylor (a relative of Presidents Madison and Taylor and a founder of Denver, Colorado) settled here in 1864 to develop an improved route for his freight line from Salt Lake to Montana's new gold mines. After his bridge was built, telegraph service reached here, July 16, 1866, and Eagle Rock (as Idaho Falls was known until 1890) became a regional transportation center. A railroad bridge was built adjacent to Taylor's bridge in 1879.",I-15B Idaho Falls (River Pkwy),6.73,Bonneville,Idaho Transportation Department / Idaho State Historical Society,https://services1.arcgis.com/Qqv4dYPC8Vv8e3c3/arcgis/rest/services/HistoricalMarkerSigns_ViewLayer/FeatureServer/0,43.494261,-112.044951
ID-224,ID,Eagle Rock Ferry,Transportation,active,official,"Named for an eagle that had a nest on a rock there, his ferry flourished until James Madison Taylor replaced it two years later with a bridge across a narrow lava gorge here. Idaho Falls eventually grew up around Taylor's bridge.",I-15B Idaho Falls (River Pkwy),6.73,Bonneville,Idaho Transportation Department / Idaho State Historical Society,https://services1.arcgis.com/Qqv4dYPC8Vv8e3c3/arcgis/rest/services/HistoricalMarkerSigns_ViewLayer/FeatureServer/0,43.4943,-112.044947
ID-225,ID,John Colter,Pioneer / settlement,active,official,"Setting out all by himself with his gun and a 30 pound pack, he tried to get the Indians to join in his trapping business. On the way here from a Yellowstone post 240 miles to the northeast, he came upon Colter's Hell -- some hot springs near Cody, Wyoming. On his way back, he explored Yellowstone Park. In the spring of 1810, after several perilous escapes from the Blackfeet, he returned to Missouri, lucky to get back alive.",SH-33,136.47,Teton,Idaho Transportation Department / Idaho State Historical Society,https://services1.arcgis.com/Qqv4dYPC8Vv8e3c3/arcgis/rest/services/HistoricalMarkerSigns_ViewLayer/FeatureServer/0,43.79253,-111.110865
ID-227,ID,John Day's River,Pioneer / settlement,active,official,"John Day had started west with John Jacob Astor's Pacific Fur Company party that discovered the Snake River Valley to the south of here in 1811. After 1816 he joined Donald Mackenzie's band of fur hunters who finally spent the winter of 1819-1820 in what is now is known as little Lost River Valley. For many years, trappers and mapmakers referred to Mackenzie's campground as on John Day's River, which in now Little Lost River.",SH-33,16.47,Butte,Idaho Transportation Department / Idaho State Historical Society,https://services1.arcgis.com/Qqv4dYPC8Vv8e3c3/arcgis/rest/services/HistoricalMarkerSigns_ViewLayer/FeatureServer/0,43.783468,-112.993535
ID-229,ID,Goddin's River,Pioneer / settlement,active,official,"Thyery Goddin, a prominent Iroquois who explored this river in 1819 or 1820, had come here with Donald Mackenzie's fur hunters who worked for the North West Company of Montreal. Well stocked with beaver until it was trapped out in 1824, Goddin's River offered a wealth of furs to early trappers. Then after the fur trade was over, the river's original name was forgotten. Later settlers called it Lost River because it sinks into the desert lava.",US-93,119.53,Custer,Idaho Transportation Department / Idaho State Historical Society,https://services1.arcgis.com/Qqv4dYPC8Vv8e3c3/arcgis/rest/services/HistoricalMarkerSigns_ViewLayer/FeatureServer/0,43.996517,-113.759471
ID-234,ID,Gilmore,Mining / industry,active,official,"Construction of a branch railroad from Montana to serve this mining area resulted in a production of $11,520,852 before a power plant explosion halted operations here in 1929. Old Gilmore and Pittsburgh Railway grades are visible north of here and remnants of Gilmore, where current residents still preserve its heritage, remain from that bygone mining era.",SH-28,73.25,Lemhi,Idaho Transportation Department / Idaho State Historical Society,https://services1.arcgis.com/Qqv4dYPC8Vv8e3c3/arcgis/rest/services/HistoricalMarkerSigns_ViewLayer/FeatureServer/0,44.456712,-113.241139
ID-235,ID,Vienna,Mining / industry,active,official,"Before shutting down in 1886, Vienna was a thriving mining camp with a $200,000 twenty-stamp mill to crush gold ore nearby. Miners here supported 14 saloons, 3 stores, 2 meat markets, a bank, a hotel, a sawmill, 2 livery stables, 6 restaurants, and, in 1882, a newspaper. More than 200 buildings disappeared when Vienna became a ghost town shortly after 1900.",SH-75,164,Blaine,Idaho Transportation Department / Idaho State Historical Society,https://services1.arcgis.com/Qqv4dYPC8Vv8e3c3/arcgis/rest/services/HistoricalMarkerSigns_ViewLayer/FeatureServer/0,43.890602,-114.784059
ID-237,ID,Yankee Fork Mines,Mining / industry,unknown,official,"The gold rush here came at the end of a dozen years of prospecting, mostly after the rush to Loon creek (just north of Yankee Fork) had brought in a horde of gold hunters in 1869. Discovery of the General Custer mine in 1876 made Yankee Fork into Idaho's leading mineral region for a year or two. A Forest Service museum at Custer (10 miles north of here) tells the story of Yankee Fork.",,,Custer,Idaho Transportation Department / Idaho State Historical Society,https://services1.arcgis.com/Qqv4dYPC8Vv8e3c3/arcgis/rest/services/HistoricalMarkerSigns_ViewLayer/FeatureServer/0,44.271187,-114.735364
ID-238,ID,Bannock Pass,Transportation,active,official,"Hudson's Bay Company trapping expeditions came this way after 1822, and prospectors followed searching for mines. Then in 1877, Nez Perce war combatants returned from Montana to Idaho through Bannock Pass on their way from Big Hole battleground to Yellowstone Park and Canada. From 1910 to 1939, railroad trains from Dillon to Salmon steamed through here. Old Gilmore and Pittsburgh railroad tunnels and grades still can be seen from this highway.",SH-29,13.57,Lemhi,Idaho Transportation Department / Idaho State Historical Society,https://services1.arcgis.com/Qqv4dYPC8Vv8e3c3/arcgis/rest/services/HistoricalMarkerSigns_ViewLayer/FeatureServer/0,44.813936,-113.271981
ID-239,ID,Sacajawea,Native American,active,official,"When she was only about 14 years old, she had been captured by Indians in Montana, where her people were out hunting buffalo in 1800. Reunited with her family, she helped Lewis and Clark obtain Indian horses and a Shoshoni guide to show them how to reach their Columbia River destination.",SH-28,122.37,Lemhi,Idaho Transportation Department / Idaho State Historical Society,https://services1.arcgis.com/Qqv4dYPC8Vv8e3c3/arcgis/rest/services/HistoricalMarkerSigns_ViewLayer/FeatureServer/0,45.051143,-113.685299
ID-240,ID,Salmon Dam,Engineering / technology,active,official,"220 feet high, it blocks a narrow lava gorge of Salmon Falls Creek. Intended to create a large reservoir to irrigate desert lands north of here, it was only a partial success. Porous lava canyon walls let water escape around it, and lack of rainfall in Nevada's desert above here provided less than enough moisture for this reservoir. It did not fill up until 1984.",US-93,11.2,Twin Falls,Idaho Transportation Department / Idaho State Historical Society,https://services1.arcgis.com/Qqv4dYPC8Vv8e3c3/arcgis/rest/services/HistoricalMarkerSigns_ViewLayer/FeatureServer/0,42.155756,-114.674524
ID-241,ID,Fort Bonneville,Pioneer / settlement,active,official,"His fort, described by a rival trapper as ""a miserable establishment""---""consisted of several log cabins, low, badly constructed, and admirably situated for besiegers only, who would be sheltered on every side by timber, brush, etc."" But several bands of friendly Flathead and Nez Perce Indians camped nearby, and Bonneville fully enjoyed his hunter's life here in the midst of ""a wild and bustling scene.""",US-93,310.04,Lemhi,Idaho Transportation Department / Idaho State Historical Society,https://services1.arcgis.com/Qqv4dYPC8Vv8e3c3/arcgis/rest/services/HistoricalMarkerSigns_ViewLayer/FeatureServer/0,45.24377,-113.894299
ID-243,ID,Gibbonsville,Mining / industry,active,official,"Discovery of a major lode here in 1877 and construction of a good wagon road to a Utah and Northern Railway terminal in Montana brought prosperity when mining was not suspended because of litigation. With close to 100 buildings, two saw mills, a roller mill, five stamp mills, a newspaper, and six to eight saloons, Gibbonsville produced about $2,000,000 in gold.",US-93,336.95,Lemhi,Idaho Transportation Department / Idaho State Historical Society,https://services1.arcgis.com/Qqv4dYPC8Vv8e3c3/arcgis/rest/services/HistoricalMarkerSigns_ViewLayer/FeatureServer/0,45.54328,-113.929436
ID-247,ID,Lolo Summit,Lewis & Clark,active,official,"From the headwaters of the Missouri they had crossed the mountains to the Salmon. Finding that river impassable, they traded for packhorses, hired an Indian guide, and came north to an Indian trail across the mountains here. Tired and ill-fed, the men were to have a hard struggle in early snow along the steep ridges which the trail followed for most of its 125 mile course west to the Clearwater River.",US-12 (Elk Meadows Rd),174.39,Idaho,Idaho Transportation Department / Idaho State Historical Society,https://services1.arcgis.com/Qqv4dYPC8Vv8e3c3/arcgis/rest/services/HistoricalMarkerSigns_ViewLayer/FeatureServer/0,46.635221,-114.577657
ID-248,ID,DeSmet Mission,Native American,removed,official,"So in 1877 their Jesuit mission was relocated here. After their community grew large enough, a three--story school building--still preserved by Coeur d' Alene Tribal Council authorities--was built in 1900. It serves as a community cultural center for Desmet.",US-95,381.15,Benewah,Idaho Transportation Department / Idaho State Historical Society,https://services1.arcgis.com/Qqv4dYPC8Vv8e3c3/arcgis/rest/services/HistoricalMarkerSigns_ViewLayer/FeatureServer/0,47.149145,-116.910951
ID-249,ID,Lewis and Clark,Lewis & Clark,active,official,"After more than a month's search, they finally had reached a westward river where they could use canoes. From here they continued another 16 miles with their pack horses before they found a campsite with trees suitable for making canoes. But at this point, they had finished their difficult mountain passage to navigable Columbia water.",US-12,47.35,Clearwater,Idaho Transportation Department / Idaho State Historical Society,https://services1.arcgis.com/Qqv4dYPC8Vv8e3c3/arcgis/rest/services/HistoricalMarkerSigns_ViewLayer/FeatureServer/0,46.444175,-116.214793
ID-250,ID,Slaterville,Mining / industry,active,official,"Founded by Seth S. Slater, May 6, 1861, Slaterville (permanent population, 50) had 5 edifices- built mainly of colored blankets-- 2 stores, 2 houses, and a saloon. When the Colonel Wright ""snapped her tow-line on the Grand Rapids and went whirling through the Big Eddy"" just below here, May 13, Lewiston was founded to replace the new port. One more steamer reached here June 1, but Slaterville was doomed.",US-12 (Lenore Rest Area),27.75,Nez Perce,Idaho Transportation Department / Idaho State Historical Society,https://services1.arcgis.com/Qqv4dYPC8Vv8e3c3/arcgis/rest/services/HistoricalMarkerSigns_ViewLayer/FeatureServer/0,46.511234,-116.561354
ID-252,ID,1910 Fire,Geology / natural history,removed,official,"Skies in Montreal and London were blackened by its smoke, which interfered with North Atlantic navigation. Strenuous efforts saved most of Wallace from its flames, but 85 fire fighters were lost, mostly in other areas. Edward Pulaski's heroic measures to save his crew in a nearby mine tunnel have become a forest legend recounted in Wallace's mining museum at 509 Bank Street.",I-90,72.65,Shoshone,Idaho Transportation Department / Idaho State Historical Society,https://services1.arcgis.com/Qqv4dYPC8Vv8e3c3/arcgis/rest/services/HistoricalMarkerSigns_ViewLayer/FeatureServer/0,47.462592,-115.710547
ID-256,ID,Purcell Trench,Geology / natural history,removed,official,"Rocks and boulders transported here by glacial ice backed up Lake Coeur d'Alene. Then a gradually warming climate let an outlet from Lake Pend d'Oreille discharge past here-sometimes with catastrophic results. As ice receded, Kootenai River also flowed past here before lower channels in British Columbia no longer were blocked by a glacial barrier. In those days, this was Columbia River's main channel.",SH-53,0.45,Kootenai,Idaho Transportation Department / Idaho State Historical Society,https://services1.arcgis.com/Qqv4dYPC8Vv8e3c3/arcgis/rest/services/HistoricalMarkerSigns_ViewLayer/FeatureServer/0,47.739263,-117.033437
ID-257,ID,Utah & Northern Railway,Railroad,active,official,"Jay Gould-- a nationally prominent financier and Union Pacific owner-- extended Utah and Northern service north from Franklin to Montana by 1880. A narrow gauge line until 1887, it helped build up Cache Valley and accounted for many new Idaho cities and towns farther north. But small, wood-burning locomotives had a hard time ascending this hill. After a more direct route 4 miles west of here was completed, service north of Preston was abandoned on this grade.",US-91,13.18,Franklin,Idaho Transportation Department / Idaho State Historical Society,https://services1.arcgis.com/Qqv4dYPC8Vv8e3c3/arcgis/rest/services/HistoricalMarkerSigns_ViewLayer/FeatureServer/0,42.140909,-111.911249
ID-259,ID,Nez Perce War,Native American,active,official,"Advancing northward along the high ground with 600 troops and artillery, General Howard found the Indian camp on the flat across the river. But 24 brave Indians blocked his advance, and 100 more pinned him in rifle pits for a day. Then the Indians, camp and all, moved slowly northward past Kamiah, while Howard followed without fighting. There the Indians decided to move east away from the troops.",SH-13,21.21,Idaho,Idaho Transportation Department / Idaho State Historical Society,https://services1.arcgis.com/Qqv4dYPC8Vv8e3c3/arcgis/rest/services/HistoricalMarkerSigns_ViewLayer/FeatureServer/0,46.076258,-115.975333
ID-261,ID,Lewis and Clark,Lewis & Clark,active,official,"Clark first saw 3 frightened Indian boys, who hid in the grass. Finding two, he reassured them with small presents and ""Sent them forward to the village."" The Indian people, though naturally somewhat nervous in greeting the first whites to reach their land, fed Clark's men. The next day, Clark ""collected a horse load of roots & 3 Sammon"" to send back to the main expedition. QUOTATIONS FROM THE ORIGINAL JOURNALS OF LEWIS AND CLARK.",SH-11,17.26,Clearwater,Idaho Transportation Department / Idaho State Historical Society,https://services1.arcgis.com/Qqv4dYPC8Vv8e3c3/arcgis/rest/services/HistoricalMarkerSigns_ViewLayer/FeatureServer/0,46.375816,-115.951493
ID-262,ID,Coyote's Fishnet,Native American,active,official,"Coyote, the all-powerful animal spirit, was having a good time until Black Bear, the busybody, began to tease him. Finally losing his temper, Coyote tossed his huge fishnet onto the hills across the river. To teach Black Bear a lesson, Coyote threw him to the top of the hill on his side and turned him to stone. The Nez Perce people know just where to look for the net and unfortunate bear.",US-12,306.78,Nez Perce,Idaho Transportation Department / Idaho State Historical Society,https://services1.arcgis.com/Qqv4dYPC8Vv8e3c3/arcgis/rest/services/HistoricalMarkerSigns_ViewLayer/FeatureServer/0,46.441817,-116.892685
ID-263,ID,Snake River,Transportation,active,official,"The Oregon Trail forded the river at Old Fort Boise, the Hudson's Bay Company post 12 miles upstream. Many a famous early westerner saw the valley you now see - though the look of the land has changed since white settlement brought irrigated farms. Today the river provides both irrigation and power along its thousand-mile course from the Yellowstone country to the Columbia. Highways, railroads, and airlines follow its open valley east of here; but to the north, Hell's Canyon of the Snake is still almost impassable to man.",I-84 (Snake River View Rest Area),0.95,Payette,Idaho Transportation Department / Idaho State Historical Society,https://services1.arcgis.com/Qqv4dYPC8Vv8e3c3/arcgis/rest/services/HistoricalMarkerSigns_ViewLayer/FeatureServer/0,43.993847,-116.93604
ID-264,ID,Ant & Yellowjacket,Native American,active,official,"Ant and Yellowjacket had an argument and came to blows over who had the right to eat dried salmon here. Fighting fiercely, they failed to notice Coyote, the all-powerful animal spirit. Even when he ordered them to stop, they kept on struggling. For not heeding his warning, he turned them to stone while their backs were arched and their jaws locked together in combat.",US-12,10.93,Nez Perce,Idaho Transportation Department / Idaho State Historical Society,https://services1.arcgis.com/Qqv4dYPC8Vv8e3c3/arcgis/rest/services/HistoricalMarkerSigns_ViewLayer/FeatureServer/0,46.44567,-116.843514
ID-266,ID,The Old Toll Road,Transportation,active,official,"Climbing the More's creek canyon wall, it crossed this highway about here and swung north. The road was built and stage services began in 1864 when Idaho City was the largest town in the Pacific Northwest. Even though the road was shorter than today's highway, it was a long, hard day's trip from Boise to Idaho City. A stage from this run is in the State Museum in Boise.",SH-21,20.19,Boise,Idaho Transportation Department / Idaho State Historical Society,https://services1.arcgis.com/Qqv4dYPC8Vv8e3c3/arcgis/rest/services/HistoricalMarkerSigns_ViewLayer/FeatureServer/0,43.626698,-115.988261
ID-267,ID,The Three Tetons,Geology / natural history,active,official,"Perhaps as early as 1819, French-speaking trappers were calling them the Trois Tetons -- the three breasts. More prosaic English speaking mountain men named them the Pilot Knobs, but the romantic French name stuck. This is one of the finest views of the peaks from the west, the side from which they were seen by the men who named them.",US-20,362.71,Fremont,Idaho Transportation Department / Idaho State Historical Society,https://services1.arcgis.com/Qqv4dYPC8Vv8e3c3/arcgis/rest/services/HistoricalMarkerSigns_ViewLayer/FeatureServer/0,44.10198,-111.452976
ID-268,ID,Lake Steamers,Military,removed,official,"Commercial steamboating began in 1884 with the mining rush. In later years, fleets of tallfunnelled boats hauled freight, towed logs, and carried passengers and excursionists. Steamers served the lake and river communities until highways changed the transportation pattern.",E Coeur D'Alene Lake Dr (S of Coeur D'Alene),,Kootenai,Idaho Transportation Department / Idaho State Historical Society,https://services1.arcgis.com/Qqv4dYPC8Vv8e3c3/arcgis/rest/services/HistoricalMarkerSigns_ViewLayer/FeatureServer/0,47.647994,-116.735811
ID-269,ID,Lewis and Clark,Lewis & Clark,active,official,"No Indian trail came this way, but Tobe, their experienced Shoshoni guide, got them past here anyway. They had to follow a difficult ridgetop divide over peaks more than 1000 feet higher than this highway. They met some Flathead Indians who surprised them by speaking a language stranger than anything they had ever heard.",US-93,346.09,Lemhi,Idaho Transportation Department / Idaho State Historical Society,https://services1.arcgis.com/Qqv4dYPC8Vv8e3c3/arcgis/rest/services/HistoricalMarkerSigns_ViewLayer/FeatureServer/0,45.659771,-113.975933
ID-270,ID,Prehistoric Man,Native American,active,official,"The first men here found the valley forested. As the climate became drier, other mountain dwellers--known to archaeologists as people of the Bitterroot culture--settled here, perhaps about 8000 years ago. These forerunners of the modern northern Shoshoni Indians lived in family bands and hunted big game, such as bison and mountain sheep.",SH-28,44.37,Clark,Idaho Transportation Department / Idaho State Historical Society,https://services1.arcgis.com/Qqv4dYPC8Vv8e3c3/arcgis/rest/services/HistoricalMarkerSigns_ViewLayer/FeatureServer/0,44.142692,-112.900076
ID-273,ID,Beaver Dick,Pioneer / settlement,active,official,"He was born in England, and his real name was Richard Leigh. He came west as a trapper, but the real fur trade was already over. So he married a Shoshoni woman and stayed hereabouts. A popular early outfitter and guide, he served the famous Hayden surveying party in 1872: Leigh Lake in Grand Teton National Park is named for him and Jenny Lake for his first wife. A picturesque character, he was widely known and liked.",SH-33 (Beaver Dick Park),73.36,Madison,Idaho Transportation Department / Idaho State Historical Society,https://services1.arcgis.com/Qqv4dYPC8Vv8e3c3/arcgis/rest/services/HistoricalMarkerSigns_ViewLayer/FeatureServer/0,43.825613,-111.906251
ID-274,ID,American Falls,Pioneer / settlement,active,official,"The Oregon Trail passed close to the falls, which had been named in contrast to ""Canadian Falls""--now known as Shoshone Falls--95 miles downstream. The town of American Falls was founded when the railroad came in 1882, and served a ranching area. An important power dam was built in 1902. When the present large irrigation dam was built in 1925-1927, the town had to be moved out of the reservoir area.","Harrison St, American Falls (City Park)",,Power,Idaho Transportation Department / Idaho State Historical Society,https://services1.arcgis.com/Qqv4dYPC8Vv8e3c3/arcgis/rest/services/HistoricalMarkerSigns_ViewLayer/FeatureServer/0,42.784176,-112.850608
ID-275,ID,Paris,Pioneer / settlement,active,official,"More pioneers soon followed, some living in huts of quaking aspen and others building log cabins for the mild first winter. Next spring, 700 more people arrived in the valley. The second winter was terrible, but the settlers persevered. They thought they were in Utah until an 1872 boundary survey showed this was part of Idaho. When Bear Lake County was created in 1875, Paris became county seat.",US-89,15.83,Bear Lake,Idaho Transportation Department / Idaho State Historical Society,https://services1.arcgis.com/Qqv4dYPC8Vv8e3c3/arcgis/rest/services/HistoricalMarkerSigns_ViewLayer/FeatureServer/0,42.22527,-111.400866
ID-276,ID,Prehistoric Hunters,Native American,active,official,"Archaeologists have confirmed that people camped here at least 10,000 years ago, some suspect they might have arrived 6,000 years earlier. The youngest occupation layer began at 1300 A.D. and includes figurines, baskets, moccasins and pottery -- and bones of much smaller animals than those hunted by the Paleoindian pioneers.",SH-25,14.84,Jerome,Idaho Transportation Department / Idaho State Historical Society,https://services1.arcgis.com/Qqv4dYPC8Vv8e3c3/arcgis/rest/services/HistoricalMarkerSigns_ViewLayer/FeatureServer/0,42.662427,-114.285191
ID-277,ID,Bannock War,Native American,active,official,"Trouble had been brewing on the reservation for years, and the government had consistently disregarded its treaty obligations. Some Bannocks still refused to get involved, but the rest began the war in this valley and fought clear to central Oregon before returning, defeated, to Idaho and Wyoming.",US-20,148.56,Camas,Idaho Transportation Department / Idaho State Historical Society,https://services1.arcgis.com/Qqv4dYPC8Vv8e3c3/arcgis/rest/services/HistoricalMarkerSigns_ViewLayer/FeatureServer/0,43.342119,-114.86348
ID-278,ID,Horse Shoe Bend,Pioneer / settlement,active,official,"Traffic came by steamer up the Columbia to Umatilla, and thence overland. At first there were only pack and saddle trains, but in 1864, John Hailey, a famous Idaho pioneer, ran stages this way, and a toll road up Harris Creek was opened shortly. Though other routes to the Basin also developed, freighters continued to come through Horse Shoe Bend for many years.",SH-55,64.42,Boise,Idaho Transportation Department / Idaho State Historical Society,https://services1.arcgis.com/Qqv4dYPC8Vv8e3c3/arcgis/rest/services/HistoricalMarkerSigns_ViewLayer/FeatureServer/0,43.914242,-116.198063
ID-279,ID,University of Idaho,Education,active,official,"Established by the territorial legislature, Jan. 30, 1889, the university opened in the fall of 1892. As Idaho's land grant institution, the university was charged to bring the benefits of quality teaching, research, and service to the people of Idaho. Its nine colleges and its graduate school now serve thousands of students and is a major center for higher education in Idaho.",US-95,342.69,Latah,Idaho Transportation Department / Idaho State Historical Society,https://services1.arcgis.com/Qqv4dYPC8Vv8e3c3/arcgis/rest/services/HistoricalMarkerSigns_ViewLayer/FeatureServer/0,46.695346,-117.008056
ID-281,ID,Submerged Valley,Geology / natural history,removed,official,"The ice sheet occupied major valleys north of here. As the glacier receded, melt waters flooded across the outlet of this valley, beyond modern Coeur d' Alene. Rock, sand, and gravel deposited there by those floods raised the level of the land and blocked the old river channel. This backed up the river, submerged the valley before you, and produced one of Idaho's lovely views.",SH-97,67.36,Kootenai,Idaho Transportation Department / Idaho State Historical Society,https://services1.arcgis.com/Qqv4dYPC8Vv8e3c3/arcgis/rest/services/HistoricalMarkerSigns_ViewLayer/FeatureServer/0,47.447966,-116.775337
ID-282,ID,Twin Springs,Oregon / California Trail,active,official,"Except in wet seasons, there was no water for 22 miles to the east. Parties often had to travel late into the night across that rough country to reach these two great springs and avoid the hardships of a dry camp. From here they had two more tough ranges to cross before reaching the new perils of the Humboldt and high Sierra. You can still see their trail winding up the hill to the west.",N Holbrook Rd (Old SH-37),,Oneida,Idaho Transportation Department / Idaho State Historical Society,https://services1.arcgis.com/Qqv4dYPC8Vv8e3c3/arcgis/rest/services/HistoricalMarkerSigns_ViewLayer/FeatureServer/0,42.262964,-112.762611
ID-283,ID,Froman's Ferry,Transportation,active,official,"The ferry barge was connected by ropes to a pulley that slid along a cable spanning the river. By angling the barge into the swift current, the ferryman could make it across the stream in either direction with no other power. Ferries of this type were a common solution to the transportation problem imposed on the pioneers by western rivers. There were several others not far upstream.",SH-55,2.58,Owyhee,Idaho Transportation Department / Idaho State Historical Society,https://services1.arcgis.com/Qqv4dYPC8Vv8e3c3/arcgis/rest/services/HistoricalMarkerSigns_ViewLayer/FeatureServer/0,43.547323,-116.801222
ID-284,ID,Caldron Linn,Geology / natural history,active,official,"They had lost a man and a canoe in a roaring chute upstream. Finding worse water ahead they abandoned river travel. Next year, another explorer said of Caldron Linn, ""Its terrific appearance beggars all description."" Today no road reaches the spot and the name is forgotten.",US-30,233.85,Twin Falls,Idaho Transportation Department / Idaho State Historical Society,https://services1.arcgis.com/Qqv4dYPC8Vv8e3c3/arcgis/rest/services/HistoricalMarkerSigns_ViewLayer/FeatureServer/0,42.504861,-114.200225
ID-285,ID,The Mullan Road,Military,removed,official,"Swamps in the St. Joe Valley had to be corduroyed with logs, and 70 men spent a week digging out sidehills south of here and chopping through three miles of forest. But after all that work, spring floods made this route impossible. Two years later, Mullan had to survey and build a new section of his road around the north of Coeur d'Alene lake.",US-3,95.83,Kootenai,Idaho Transportation Department / Idaho State Historical Society,https://services1.arcgis.com/Qqv4dYPC8Vv8e3c3/arcgis/rest/services/HistoricalMarkerSigns_ViewLayer/FeatureServer/0,47.39939,-116.661426
ID-286,ID,John Mullan,Military,removed,official,"The road was to connect the Missouri and the Columbia, and Congress approved it in 1855. Indian troubles and lack of funds delayed the job, but the road was completed in 1862. The first route in 1859 had passed about 6 miles west of here, but floods forced a change, and the final road passed north of Coeur d'Alene lake. Interstate 90 follows Mullan's final route.",SH-5,17.87,Benewah,Idaho Transportation Department / Idaho State Historical Society,https://services1.arcgis.com/Qqv4dYPC8Vv8e3c3/arcgis/rest/services/HistoricalMarkerSigns_ViewLayer/FeatureServer/0,47.31829,-116.58715
ID-287-402,ID,Lava Formations,Geology / natural history,active,official,"Continued pressure from below has made great cracks in the contorted surface. This lava solidified only a few thousand years ago, and not very much soil covers it yet. But vegetation is getting a start and unless new flows intervene, windblown soils will cover these rock layers. Then the surface here will look the same as the surrounding plains, which also are layers of lava and windblown soils.",I-15 (N Blackfoot Rest Area NB),101.15,Bingham,Idaho Transportation Department / Idaho State Historical Society,https://services1.arcgis.com/Qqv4dYPC8Vv8e3c3/arcgis/rest/services/HistoricalMarkerSigns_ViewLayer/FeatureServer/0,43.302807,-112.268935
ID-289,ID,Idaho State University,Education,active,official,"Originally the Academy of Idaho, it became Idaho Technical Institute in 1915, the Southern Branch of the University of Idaho in 1927, and Idaho State College in 1947. Its development of professional and graduate programs and its continued growth in stature led to its designation as a university in 1963.",I-15B Pocatello (ISU Campus),1.94,Bannock,Idaho Transportation Department / Idaho State Historical Society,https://services1.arcgis.com/Qqv4dYPC8Vv8e3c3/arcgis/rest/services/HistoricalMarkerSigns_ViewLayer/FeatureServer/0,42.859196,-112.434815
ID-290,ID,Kellogg's Jackass,Mining / industry,removed,official,"Not far from here, his jackass strayed away. Kellogg finally found his wandering burro grazing on a tremendous outcropping of galena on the hillside above Wardner, about two miles south of here. Such was the discovery of the world famous Bunker Hill mine, which has produced more than 28 million tons of lead, silver and zinc --- and the end is not yet in sight.",I-90 (Near Exit 49),49.71,Shoshone,Idaho Transportation Department / Idaho State Historical Society,https://services1.arcgis.com/Qqv4dYPC8Vv8e3c3/arcgis/rest/services/HistoricalMarkerSigns_ViewLayer/FeatureServer/0,47.546121,-116.131908
ID-291,ID,The College of Idaho,Education,active,official,"William Judson Boone, the founder, remained president for 45 years. From a modest beginning with a faculty of 8 (including two later governors and a chief justice), it grew to full college status and moved in 1910 to this site, then an alkali desert. A Boise Valley electric railroad served the college, and an interurban station, always known as the ""Hat,"" still stands on the campus as a reminder of the college's pioneer days.",I-84 (C of I Campus),50.8,Canyon,Idaho Transportation Department / Idaho State Historical Society,https://services1.arcgis.com/Qqv4dYPC8Vv8e3c3/arcgis/rest/services/HistoricalMarkerSigns_ViewLayer/FeatureServer/0,43.65557,-116.677267
ID-292,ID,Salmon River,Geology / natural history,active,official,"Discovered in 1805 by Lewis and Clark, and explored with great difficulty by fur traders and prospectors, the Salmon drains a vast tangle of rugged mountains and deep canyons. Until after 1950, boats could not ascend the main canyon, so the Salmon got the name ""river of no return"". Large tracts of untamed wilderness still are found in the Salmon River mountains.",SH-75,160.79,Blaine,Idaho Transportation Department / Idaho State Historical Society,https://services1.arcgis.com/Qqv4dYPC8Vv8e3c3/arcgis/rest/services/HistoricalMarkerSigns_ViewLayer/FeatureServer/0,43.886775,-114.742975
ID-293,ID,An Early Industry,Native American,active,official,"Projectiles, knives, and scrapers were among the tools made by these early people who camped at the foot of the hill. These nomads hunted deer and other game, collected plant foods, and fished in the river here. They had spears and spear throwers for hunting and fishing, and mortars and pestles for grinding roots and berries. Archaeologists have not yet determined when this industry shut down.",US-95 (Midvale Hill Rest Area),100.97,Washington,Idaho Transportation Department / Idaho State Historical Society,https://services1.arcgis.com/Qqv4dYPC8Vv8e3c3/arcgis/rest/services/HistoricalMarkerSigns_ViewLayer/FeatureServer/0,44.445776,-116.800135
ID-294,ID,Nez Perce War,Native American,active,official,"Rushing from Grangeville on the evening of June 16, 1877, Captain David Perry planned to stop the Indians from crossing the Salmon River to safety from pursuit. At daylight the next morning, he headed down the ravine below you. Some sixty to eighty Indians wiped out a third of his force and the survivors retired in disorder. No Indians were killed.",US-95,227.05,Idaho,Idaho Transportation Department / Idaho State Historical Society,https://services1.arcgis.com/Qqv4dYPC8Vv8e3c3/arcgis/rest/services/HistoricalMarkerSigns_ViewLayer/FeatureServer/0,45.801791,-116.287106
ID-295,ID,Freezeout Hill,Pioneer / settlement,active,official,"Later that year a gold rush to Boise Basin came up Payette valley, and the next summer farmers along the river started raising crops to supply the mines. For a year or more they were troubled by a notorious band of horse thieves based at Pickett's Corral located at the head of the valley before you. Late in 1864, the farmers organized the Payette Vigilance Committee and drove out the Pickett Corral gang.",SH-16,110.97,Gem,Idaho Transportation Department / Idaho State Historical Society,https://services1.arcgis.com/Qqv4dYPC8Vv8e3c3/arcgis/rest/services/HistoricalMarkerSigns_ViewLayer/FeatureServer/0,43.84431,-116.467986
ID-296,ID,Charcoal Kilns,Mining / industry,active,official,"Discovered in 1881, the Viola mine became an important source for lead and silver from 1886-1888. Ore also was hauled from Gilmore to the Viola smelter. British capital kept the Viola mine going until 1889, when the hoisting works burned. Low prices for lead and silver kept the smelter shut down after 1889, and charcoal production ceased here. You are invited to take a self-guided tour of the kilns, provided by the Targhee National Forest.",SH-28,61.04,Lemhi,Idaho Transportation Department / Idaho State Historical Society,https://services1.arcgis.com/Qqv4dYPC8Vv8e3c3/arcgis/rest/services/HistoricalMarkerSigns_ViewLayer/FeatureServer/0,44.332785,-113.082099
ID-297,ID,Nuclear Reactors,Engineering / technology,active,official,"This 900-square-mile Idaho National Laboratory is the birthplace of the Nuclear Navy. Commercial power reactor prototypes, including reactors that breed more fuel than they consume were developed here. Also, internationally renowned for its materials testing reactors and reactor programs, this laboratory has become a major research center for developing peaceful uses of atomic energy.",US-20 (Big Lost River Rest Area),265,Butte,Idaho Transportation Department / Idaho State Historical Society,https://services1.arcgis.com/Qqv4dYPC8Vv8e3c3/arcgis/rest/services/HistoricalMarkerSigns_ViewLayer/FeatureServer/0,43.548466,-113.008058
ID-298,ID,Salmon River,Geology / natural history,active,official,"Travel through the Salmon River mountains always was hard in the early days. An 1872 railway survey showed the Salmon River canyon to be too expensive a route to build. Until a highway was finished down White Bird hill in 1921, only some pack trails and a difficult wagon road crossed the rugged mountain barrier that separated north and south Idaho.",US-95,230.89,Idaho,Idaho Transportation Department / Idaho State Historical Society,https://services1.arcgis.com/Qqv4dYPC8Vv8e3c3/arcgis/rest/services/HistoricalMarkerSigns_ViewLayer/FeatureServer/0,45.83977,-116.236955
ID-300,ID,Fossil Beds,Geology / natural history,active,official,"Lava flows, pouring out over the plains on this side, met and dammed up sedimentary deposits washed in on the other side, making lakes and swamps. Here the river divides these two important geologic settings, formed at a time when the climate was wetter and the plains were tree-dotted grasslands where zebra-like horses used to graze.",US-30,175.72,Gooding,Idaho Transportation Department / Idaho State Historical Society,https://services1.arcgis.com/Qqv4dYPC8Vv8e3c3/arcgis/rest/services/HistoricalMarkerSigns_ViewLayer/FeatureServer/0,42.885754,-114.915055
ID-301,ID,Menan Buttes,Geology / natural history,active,official,"Hot molten lava, erupting from great depth, met cold surface water in the wet flood plain of the Snake river: the northern butte, in fact, formed in the channel of Henry's fork, which was forced further east. Suddenly chilled into small particles of volcanic glass, the lava exploded up in a great spray of steam and solid fragments which built up into windblown cones around large summit craters a half mile long and 200 to 400 feet deep.",SH-33,70.25,Madison,Idaho Transportation Department / Idaho State Historical Society,https://services1.arcgis.com/Qqv4dYPC8Vv8e3c3/arcgis/rest/services/HistoricalMarkerSigns_ViewLayer/FeatureServer/0,43.826552,-111.968461
ID-302,ID,Alexander Ross,Pioneer / settlement,active,official,"Leading a large brigade of Hudson's Bay Company trappers, he wondered whether he could get through unknown mountains and rocky defiles that obstructed his passage back to his base of operations at present Challis. Unwilling to tum back, he pressed on to explore Stanley Basin and the difficult canyon beyond. When he reached Challis, Oct. 6, he had traveled this highway route from Bellevue to Salmon, mostly through unexplored land.",SH-75,156.01,Blaine,Idaho Transportation Department / Idaho State Historical Society,https://services1.arcgis.com/Qqv4dYPC8Vv8e3c3/arcgis/rest/services/HistoricalMarkerSigns_ViewLayer/FeatureServer/0,43.881691,-114.697222
ID-303,ID,Michel Bourdon,Pioneer / settlement,active,official,"Bourdon had come to the Northwest with David Thompson, who had started the Idaho fur trade in 1808-9. Trappers searched everywhere for beaver and were active south of here for years before Bourdon took them farther into this mountain wilderness. Fur hunting went on for another decade in these parts before the country was trapped out and abandoned by the fur traders.",US-93,245.27,Custer,Idaho Transportation Department / Idaho State Historical Society,https://services1.arcgis.com/Qqv4dYPC8Vv8e3c3/arcgis/rest/services/HistoricalMarkerSigns_ViewLayer/FeatureServer/0,44.487388,-114.217651
ID-304,ID,Lost River,Geology / natural history,active,official,"Lava flows in the Snake River plains buried old channels of the Lost River, Little Lost River, and Birch Creek. No longer able to reach the Snake on the surface, they went underground. After a 120-mile journey under the lava plains, water from the Lost River eventually emerges through numerous large springs below Twin Falls, making up a small part of the flow of Thousand Springs near Hagerman.",US-26,265,Butte,Idaho Transportation Department / Idaho State Historical Society,https://services1.arcgis.com/Qqv4dYPC8Vv8e3c3/arcgis/rest/services/HistoricalMarkerSigns_ViewLayer/FeatureServer/0,43.548435,-113.008142
ID-305,ID,Goodale's Cutoff,Oregon / California Trail,active,official,"This route, discovered by Donald Mackenzie's fur trade party in 1820, came into use for emigrant wagons in 1852. Indian hostility along the regular Oregon Trail to the south led Timothy Goodale to bring a large emigrant party of Idaho pioneers this way in 1862, and after that, the road was known as Goodale's cutoff.",US-20,124.39,Elmore,Idaho Transportation Department / Idaho State Historical Society,https://services1.arcgis.com/Qqv4dYPC8Vv8e3c3/arcgis/rest/services/HistoricalMarkerSigns_ViewLayer/FeatureServer/0,43.301396,-115.31569
ID-306,ID,Diamondfield Jack,Pioneer / settlement,active,official,"By far the best known of the gunmen who fought in Idaho's sheep and cattle wars, he was tried here for shooting two sheepherders in 1896. After he was convicted, other cattlemen confessed to the crime. Twice he narrowly escaped hanging, before the pardon board turned him loose late in 1902 after deciding he wasn't guilty after all. NOTE: THE OLD CASSIA COUNTY JAIL STOOD IN THIS PARK.",SH-77,18.41,Cassia,Idaho Transportation Department / Idaho State Historical Society,https://services1.arcgis.com/Qqv4dYPC8Vv8e3c3/arcgis/rest/services/HistoricalMarkerSigns_ViewLayer/FeatureServer/0,42.412419,-113.578044
ID-307,ID,Chinese Hanging,Pioneer / settlement,active,official,"They were just setting out on a long, hard 240 mile trip from Pierce to face trial at the county seat in Murray when the vigilantes struck. A large group of armed, masked men forced the deputy sheriff and his posse to give up the Chinese prisoners and to return to Pierce. A marked trail leads 365 feet from here to the site where this incident occurred.",SH-11,27.45,Clearwater,Idaho Transportation Department / Idaho State Historical Society,https://services1.arcgis.com/Qqv4dYPC8Vv8e3c3/arcgis/rest/services/HistoricalMarkerSigns_ViewLayer/FeatureServer/0,46.471595,-115.81814
ID-308,ID,William Craig,Pioneer / settlement,active,official,"In 1850 the Oregon Donation Land Act gave free farms to pioneers who had come to Oregon territory. Craig had about the only eligible farm in Idaho (then part of Oregon) and filed a 640 acre claim here. When the Nez Perce Reservation was set up, the Indians trusted Craig and let him keep his farm.",US-95,295.45,Nez Perce,Idaho Transportation Department / Idaho State Historical Society,https://services1.arcgis.com/Qqv4dYPC8Vv8e3c3/arcgis/rest/services/HistoricalMarkerSigns_ViewLayer/FeatureServer/0,46.357291,-116.769416
ID-309,ID,Asa Smith Mission,Native American,active,official,"Coming here May 10, 1839 to study with Lawyer, an important Nez Perce leader, he stayed to work on an Indian dictionary and to hold daily religious classes each spring and winter. After spending six months in a ""mere hovel,"" he finished a comfortable home and started a garden of several acres. But he never got used to pioneer life here. Leaving Kamiah April 19, 1841, he moved to a mission in Hawaii.",US-12,67.58,Idaho,Idaho Transportation Department / Idaho State Historical Society,https://services1.arcgis.com/Qqv4dYPC8Vv8e3c3/arcgis/rest/services/HistoricalMarkerSigns_ViewLayer/FeatureServer/0,46.222483,-116.009779
ID-310,ID,Long Camp,Lewis & Clark,active,official,"In May and June, they camped across the river from present-day Kamiah near the railroad bridge. With their Nez Perce friends, they hunted, traded and played games. They showed the Nez Perce ""the power of magnetism, the spye glass, compass, watch, air gun and Sundry other articles...novel to them."" Finally, with Indian guides, the captains set out on their long journey home.",US-12,67.59,Idaho,Idaho Transportation Department / Idaho State Historical Society,https://services1.arcgis.com/Qqv4dYPC8Vv8e3c3/arcgis/rest/services/HistoricalMarkerSigns_ViewLayer/FeatureServer/0,46.222386,-116.009724
ID-312,ID,MacDonald's Battle,Pioneer / settlement,active,official,"After the Hudson's Bay Company trappers burned the Indians out of a strong position by starting a large brush fire, the Blackfeet lost ten warriors in a hot battle. Though he came out the victor, Finnan MacDonald decided that before he would return to trap anywhere around here again, ""the Beaver will have a Gould Skin.""",SH-28,119.96,Lemhi,Idaho Transportation Department / Idaho State Historical Society,https://services1.arcgis.com/Qqv4dYPC8Vv8e3c3/arcgis/rest/services/HistoricalMarkerSigns_ViewLayer/FeatureServer/0,45.020008,-113.660264
ID-313,ID,Salmon River Canyon,Geology / natural history,active,official,"Then this part of the earth's surface gradually rose. As the mountains were rising, the river cut down into the older rock below. Many other Northwestern rivers cut similar gorges. The Snake flows through Hell's Canyon--deepest of them all--8 miles west of here.",US-95,211.21,Idaho,Idaho Transportation Department / Idaho State Historical Society,https://services1.arcgis.com/Qqv4dYPC8Vv8e3c3/arcgis/rest/services/HistoricalMarkerSigns_ViewLayer/FeatureServer/0,45.613638,-116.281309
ID-314,ID,Lewis Clark State College,Education,active,official,"After more than half a century of growth, Lewiston State Normal School expanded into a four-year college in 1947. An area vocational school and a nursing education program were added in 1965. Designated a state college in 1971, Lewis Clark continues to specialize in teacher education.",US-95,316.6,Nez Perce,Idaho Transportation Department / Idaho State Historical Society,https://services1.arcgis.com/Qqv4dYPC8Vv8e3c3/arcgis/rest/services/HistoricalMarkerSigns_ViewLayer/FeatureServer/0,46.461534,-116.992069
ID-315,ID,Teton Range,Geology / natural history,active,official,"Hinged at the base of the ridge before you, a block of rock 40 miles long broke along a fault line, where the rock tipped up to become the top of the ridge. During the past 1/4 million years, extensive glacial ice sculptured these spectacular peaks from the hard, resistant granite.",SH-33,136.48,Teton,Idaho Transportation Department / Idaho State Historical Society,https://services1.arcgis.com/Qqv4dYPC8Vv8e3c3/arcgis/rest/services/HistoricalMarkerSigns_ViewLayer/FeatureServer/0,43.792478,-111.110864
ID-316,ID,Indian Houses,Native American,active,official,"As long as 3,000 years ago, they had large oval houses, 28 feet long by 24 feet wide. To build these houses, they put a bark and mat covering over a frame of 50 or so house posts. Four or more families lived in a house this size. From their village here by the river, they went out to hunt deer or to dig camas. They had to travel widely in their constant search for food.",US-12 (Lenore Rest Area),27.64,Nez Perce,Idaho Transportation Department / Idaho State Historical Society,https://services1.arcgis.com/Qqv4dYPC8Vv8e3c3/arcgis/rest/services/HistoricalMarkerSigns_ViewLayer/FeatureServer/0,46.510245,-116.563325
ID-317-429,ID,Lake Bonneville,Geology / natural history,active,official,"Formed in a basin from which no river reached the ocean, this became the largest lake in North America. Finally the lake rose enough to overflow into the Snake River. Then, after the climate got drier, and the great basin of Utah and Nevada became mostly a desert, the lake receded. Salt Lake and two other remnants are all that are left of this old 20,000 square mile lake.",I-84 (Juniper Rest Area EB),269.08,Oneida,Idaho Transportation Department / Idaho State Historical Society,https://services1.arcgis.com/Qqv4dYPC8Vv8e3c3/arcgis/rest/services/HistoricalMarkerSigns_ViewLayer/FeatureServer/0,42.07448,-112.91134
ID-317-430,ID,Lake Bonneville,Geology / natural history,active,official,"Formed in a basin from which no river reached the ocean, this became the largest lake in North America. Finally the lake rose enough to overflow into the Snake River. Then, after the climate got drier, and the great basin of Utah and Nevada became mostly a desert, the lake receded. Salt Lake and two other remnants are all that are left of this old 20,000 square mile lake.",I-84 (Juniper Rest Area WB),269.35,Oneida,Idaho Transportation Department / Idaho State Historical Society,https://services1.arcgis.com/Qqv4dYPC8Vv8e3c3/arcgis/rest/services/HistoricalMarkerSigns_ViewLayer/FeatureServer/0,42.073029,-112.905242
ID-318,ID,More's Creek,Mining / industry,active,official,"Like most of Idaho's early miners, he came originally from the South. Unlike most of them, he struck it rich. During the Idaho gold rush, he had profitable investments in many important mining camps. Hardly anyone else did as much to build Idaho during the early days.",SH-21,17.14,Ada,Idaho Transportation Department / Idaho State Historical Society,https://services1.arcgis.com/Qqv4dYPC8Vv8e3c3/arcgis/rest/services/HistoricalMarkerSigns_ViewLayer/FeatureServer/0,43.591072,-115.998652
ID-319,ID,British Settlers,Pioneer / settlement,active,official,"Born in Preston, England, Aug. 24, 1806, Ann Elizabeth Walmsley Palmer was baptized July 30, 1837. An invalid, she was carried into the water, but walked out unaided. After coming to Nauvoo, Illinois, in 1842, she drove an oxteam to Utah in 1849 and settled here in 1863. She died here Nov. 2, 1890. Through faith she gained the strength to overcome trials and to achieve triumphs.",US-89,12.97,Bear Lake,Idaho Transportation Department / Idaho State Historical Society,https://services1.arcgis.com/Qqv4dYPC8Vv8e3c3/arcgis/rest/services/HistoricalMarkerSigns_ViewLayer/FeatureServer/0,42.183999,-111.401531
ID-320,ID,Lake Pend Oreille,Geology / natural history,removed,official,"Ice about as high as the mountain ridges held back water as deep as 800 to 1000 feet at Missoula, ten to twenty thousand years ago. At times this lake cut through the ice dam, and Lake Missoula discharged tremendous torrents before the ice came back. Finally the climate turned warm and the great ice sheet melted. Lake Pend Oreille is a small remnant of all that glacial action.",SH-200,44.3,Bonner,Idaho Transportation Department / Idaho State Historical Society,https://services1.arcgis.com/Qqv4dYPC8Vv8e3c3/arcgis/rest/services/HistoricalMarkerSigns_ViewLayer/FeatureServer/0,48.25692,-116.324866
ID-321,ID,Glacial Lakes,Geology / natural history,removed,official,"Then as the ice gradually melted, a lake rose here behind the receding ice dam, and extended up Kootenai valley into Canada. Until the ice disappeared about 10,000 years ago, this lake drained through the valley to the south. Then, Kootenai river cut down the lake bottom, exposing the small tree-covered granite hill in the valley before you. Lakes Coeur d' Alene and Pend d'Oreille, to the south, are remnants of this glacial action.",US-95,503.7,Boundary,Idaho Transportation Department / Idaho State Historical Society,https://services1.arcgis.com/Qqv4dYPC8Vv8e3c3/arcgis/rest/services/HistoricalMarkerSigns_ViewLayer/FeatureServer/0,48.652788,-116.345314
ID-322,ID,Sunshine Disaster,Mining / industry,removed,official,"178 miners were working at various levels. 85 made it out to safety. Seven days later two miners were found alive. On May 13, the last of the 91 victims were brought out. This was the country's worst hardrock mine disaster since 1917. The Sunshine, largest silver mine in the nation, is a mile deep and has 100 miles of tunnels.",I-90 (Near Exit 54),54.2,Shoshone,Idaho Transportation Department / Idaho State Historical Society,https://services1.arcgis.com/Qqv4dYPC8Vv8e3c3/arcgis/rest/services/HistoricalMarkerSigns_ViewLayer/FeatureServer/0,47.527797,-116.04766
ID-323,ID,Market Lake,Geology / natural history,active,official,"In historic times Market Lake was formed during the great Snake River flood of 1853. When a new railroad grade blocked the overflow channel leading from the river, the lake disappeared for a time after 1887. Later irrigation seepage restored the lake, and now the level is regulated for farming and for a wildlife refuge.",I-15,142.05,Jefferson,Idaho Transportation Department / Idaho State Historical Society,https://services1.arcgis.com/Qqv4dYPC8Vv8e3c3/arcgis/rest/services/HistoricalMarkerSigns_ViewLayer/FeatureServer/0,43.816771,-112.188504
ID-324,ID,Francois Payette,Pioneer / settlement,active,official,"In 1812, he came from Quebec to the Columbia at the age of 18. Moving inland to the Snake country in 1818, he trapped on Payette River, which was named for him that year.  For a decade prior to his retirement in 1844, he managed Fort Boise, 20 miles south of here. ""A merry, fat old gentleman"" he was noted for his kindness to Oregon Trail emigrants who found him exceedingly polite, courteous and hospitable.","6th Ave S, Payette (Kiwanis Park)",,Payette,Idaho Transportation Department / Idaho State Historical Society,https://services1.arcgis.com/Qqv4dYPC8Vv8e3c3/arcgis/rest/services/HistoricalMarkerSigns_ViewLayer/FeatureServer/0,44.068157,-116.934833
ID-325,ID,Lewis and Clark,Lewis & Clark,active,official,"Meriwether Lewis met with 3 Shoshoni Indians near here on August 13, 1805. ""...leaving my pack and rifle I took the flag which I unfurled and advanced toward them,"" Lewis reported. The Warm Springs road leads to a marker at the site, about 8 miles from here.",SH-28,115.71,Lemhi,Idaho Transportation Department / Idaho State Historical Society,https://services1.arcgis.com/Qqv4dYPC8Vv8e3c3/arcgis/rest/services/HistoricalMarkerSigns_ViewLayer/FeatureServer/0,44.959454,-113.644473
ID-326,ID,Emigrant Road,Pioneer / settlement,active,official,"Hudson's Bay Company traders preferred this route between Fort Hall and Fort Boise, but early emigrant wagons had to travel a road south of Snake River until ferries and road improvements let wagons come this way. Shoshone Falls--known until 1849 as Canadian Falls to British and French trappers--was a spectacular attraction along this road.",US-93,51.54,Jerome,Idaho Transportation Department / Idaho State Historical Society,https://services1.arcgis.com/Qqv4dYPC8Vv8e3c3/arcgis/rest/services/HistoricalMarkerSigns_ViewLayer/FeatureServer/0,42.620309,-114.4493
ID-327,ID,White Bird Grade,Transportation,active,official,"Many tortuous curves and switchbacks--which, if placed together, made 37 complete circles--let the old road climb 2,900 feet in 14 miles. Gaining an elevation of 4429 feet at its summit, that route represented a significant engineering and construction achievement. This new grade did not replace it until 1975.",US-95,227.07,Idaho,Idaho Transportation Department / Idaho State Historical Society,https://services1.arcgis.com/Qqv4dYPC8Vv8e3c3/arcgis/rest/services/HistoricalMarkerSigns_ViewLayer/FeatureServer/0,45.801997,-116.286982
ID-328,ID,"Bear's ""Ploughed Field""",Geology / natural history,active,official,"When Alexander Ross and his Hudson's Bay Company trappers stopped here, September 20, 1824, they ""observed at some distance the appearance of a ploughed field and riding up towards it, found a large piece of ground more than four acres in extent, dug up and turned over. On getting to the spot, we observed no less than nine black and grizzly bears at work, rooting away,"" eating camas, onions, and wild celery.",SH-75,190.05,Custer,Idaho Transportation Department / Idaho State Historical Society,https://services1.arcgis.com/Qqv4dYPC8Vv8e3c3/arcgis/rest/services/HistoricalMarkerSigns_ViewLayer/FeatureServer/0,44.226022,-114.929343
ID-329,ID,Ski Lifts,Engineering / technology,active,official,"Starting with two modest ski slopes on Dollar Mountain and Proctor Mountain, chair lifts were used for all Sun Valley ski runs. Far superior to tow ropes and similar devices employed before 1936, they quickly became popular at ski resorts everywhere. New designs were adopted for additional Sun Valley ski runs, but one 1936 style chair lift still is preserved 4 miles up Trail Creek from here.",SH-75,130.77,Blaine,Idaho Transportation Department / Idaho State Historical Society,https://services1.arcgis.com/Qqv4dYPC8Vv8e3c3/arcgis/rest/services/HistoricalMarkerSigns_ViewLayer/FeatureServer/0,43.713747,-114.375448
ID-330,ID,Fishing Falls,Native American,active,official,"He reported that native salmon spearers there were ""unusually gay ...fond of laughter; and in apparent good nature and merry character...entirely different from the Indians we had been accustomed to see."" As the Snake River's highest salmon cascades, Fishing Falls was included on many early western maps.",US-30,190.44,Twin Falls,Idaho Transportation Department / Idaho State Historical Society,https://services1.arcgis.com/Qqv4dYPC8Vv8e3c3/arcgis/rest/services/HistoricalMarkerSigns_ViewLayer/FeatureServer/0,42.699043,-114.85667
ID-331-444,ID,Craigmont,Railroad,active,official,"Vollmer began as a rail and business center on the east, and Ilo (an older town a mile away) moved to an adjacent site on the west. Each had separate schools, churches, stores, newspapers, banks, and other businesses. After 12 years of sharp competition, they finally merged into a united community in 1920.",US-95,271.98,Lewis,Idaho Transportation Department / Idaho State Historical Society,https://services1.arcgis.com/Qqv4dYPC8Vv8e3c3/arcgis/rest/services/HistoricalMarkerSigns_ViewLayer/FeatureServer/0,46.231652,-116.462579
ID-332,ID,Nez Perce Village,Native American,active,official,"Two styles of houses were used. Some were fairly square with interior benches dug out for use by a family or two. Others were round--20 to 30 feet wide and two to three feet deep--but lacked benches. This village reached its height from about 4100 to 2600 years ago, but remained important enough that when fur traders arrived in 1812, they made this their main camp.",US-95,306.77,Nez Perce,Idaho Transportation Department / Idaho State Historical Society,https://services1.arcgis.com/Qqv4dYPC8Vv8e3c3/arcgis/rest/services/HistoricalMarkerSigns_ViewLayer/FeatureServer/0,46.441755,-116.892814
ID-333,ID,Whitehouse Pond,Lewis & Clark,active,official,"Their Shoshoni guide had brought them down an old trail from Lolo Pass to a Lochsa fishery he knew about. To continue west, he had to take them north up this ridge to rejoin their Lolo Trail route. Indian travel through here had to go along high ridges because Lochsa Canyon had too many cliffs and gorges to provide a good horseback route.",US-12,158.41,Idaho,Idaho Transportation Department / Idaho State Historical Society,https://services1.arcgis.com/Qqv4dYPC8Vv8e3c3/arcgis/rest/services/HistoricalMarkerSigns_ViewLayer/FeatureServer/0,46.509656,-114.779653
ID-334,ID,Lolo Trail Crossing,Lewis & Clark,active,official,"But they got out of deep Lolo Trail snow after they reached Rocky Point (directly across from here) and descended to Crooked Fork, below this turnout. They reported that then they ""ascended a very steep acclivity of a mountain about 2 Miles"" crossing this highway here to reach their old trail to Lolo Pass.",US-12,171.24,Idaho,Idaho Transportation Department / Idaho State Historical Society,https://services1.arcgis.com/Qqv4dYPC8Vv8e3c3/arcgis/rest/services/HistoricalMarkerSigns_ViewLayer/FeatureServer/0,46.595658,-114.600089
ID-335,ID,Big Hill,Oregon / California Trail,active,official,"When he came here in 1843, Theodore Talbot noted that he ""had to cross a very high hill, which is said to be the greatest impediment on the whole route from the United States (over 200 miles east of here) to Fort Hall (over 120 miles farther west). The ascent is very long and tedious, but the descent is still more abrupt and difficult."" Many wagons had to be let down by ropes tied to trees that have disappeared long ago.",US-30,441.72,Bear Lake,Idaho Transportation Department / Idaho State Historical Society,https://services1.arcgis.com/Qqv4dYPC8Vv8e3c3/arcgis/rest/services/HistoricalMarkerSigns_ViewLayer/FeatureServer/0,42.235984,-111.233086
ID-336,ID,Salmon Festival,Native American,active,official,"Indian peoples came great distances to trade, celebrate, and arrange intertribal marriages. Cheyenne and Arapaho bands brought elegant tipi poles from Colorado. Crow and Shoshoni buffalo hunters supplied meat and hides from Montana and Wyoming. Nez Perce and Walla Walla horsemen marketed superior stock they had developed, and Paiute weapon and toolmakers provided obsidian from central Oregon. All were attracted to this river area for its excellent salmon fishing.",I-84 (Snake River View Rest Area),1,Payette,Idaho Transportation Department / Idaho State Historical Society,https://services1.arcgis.com/Qqv4dYPC8Vv8e3c3/arcgis/rest/services/HistoricalMarkerSigns_ViewLayer/FeatureServer/0,43.99311,-116.935615
ID-337,ID,Chesterfield,Pioneer / settlement,active,official,"Based on Joseph Smith's Zion Plat, Chesterfield was laid out on an orderly grid of large blocks separated by wide streets with the Meeting House on the highest point. By 1881, its numbers had grown to more than 400. The town thrived for a generation before new trends in farming led to its decline. All but abandoned, houses, buildings, and roads leave behind a footprint of Mormon origins.",US-30,378.8,Caribou,Idaho Transportation Department / Idaho State Historical Society,https://services1.arcgis.com/Qqv4dYPC8Vv8e3c3/arcgis/rest/services/HistoricalMarkerSigns_ViewLayer/FeatureServer/0,42.650116,-111.879555
ID-338,ID,Oregon Trail,Oregon / California Trail,active,official,"After 1854, they had good reason to be alarmed. Wagon traffic had ruined important traditional Indian trails. Uncounted thousands of oxen, horses, sheep, and cattle had overgrazed a broad zone along their trail, leading to Indian resentment. Worse yet, a few emigrants had shot enough Indians to provoke a great deal of bitterness. Aug. 9, 1862, Pocatello's Shoshoni band resisted further wagon traffic here, trapping a small emigrant party in a deep gully. An unusually fine stretch of wagon tracks leading to that site can be reached by a marked trail from here.",I-86 (Massacre Rocks Rest Area),30.5,Power,Idaho Transportation Department / Idaho State Historical Society,https://services1.arcgis.com/Qqv4dYPC8Vv8e3c3/arcgis/rest/services/HistoricalMarkerSigns_ViewLayer/FeatureServer/0,42.695044,-112.961774
ID-339,ID,Emigrant Trails,Oregon / California Trail,active,official,"In 1859 F.W. Lander's wagon road builders dug an improved grade that shows more clearly. California traffic, for which Lander constructed a better road, diverged from this Snake River route to Oregon just beyond Raft River, 6 miles west of here. When they got up this grade, emigrants were thankful that they had passed 20 miles of bad road and that a less demanding trail lay ahead.",I-86 (Coldwater Rest Area),19.37,Power,Idaho Transportation Department / Idaho State Historical Society,https://services1.arcgis.com/Qqv4dYPC8Vv8e3c3/arcgis/rest/services/HistoricalMarkerSigns_ViewLayer/FeatureServer/0,42.614545,-113.142849
ID-340,ID,Hunt,Military,active,official,"Until they could resettle in other places, they lived in wartime tarpaper barracks in a dusty desert, where they helped meet a local farm labor crisis, planting and harvesting crops. Finally, a 1945 Supreme Court decision held that United States citizens no longer could be confined that way, and their camp became Idaho's largest ghost town.",SH-25,14.84,Jerome,Idaho Transportation Department / Idaho State Historical Society,https://services1.arcgis.com/Qqv4dYPC8Vv8e3c3/arcgis/rest/services/HistoricalMarkerSigns_ViewLayer/FeatureServer/0,42.66241,-114.285137
ID-341,ID,Minidoka Dam,Engineering / technology,active,official,"Constructed 5 miles east of here between 1904 and 1906 at a cost of $675,000, Minidoka Dam diverts water into canals 86 feet above the Snake River. In order to reach still higher farms south of Burley, a $413,000 power plant was completed in 1913. Local irrigation districts have repaid costs of this project. This early federal power program led to national Rural Electrification Administration services.",SH-24,10.57,Minidoka,Idaho Transportation Department / Idaho State Historical Society,https://services1.arcgis.com/Qqv4dYPC8Vv8e3c3/arcgis/rest/services/HistoricalMarkerSigns_ViewLayer/FeatureServer/0,42.67421,-113.592618
ID-342,ID,Rock Creek Station,Pioneer / settlement,removed,official,"James Bascom's 1865 store and Herman Stricker's 1900 mansion have been preserved there as reminders of pioneer life in an isolated outpost. In addition to freight wagons and Oregon Trail emigrants, miners and ranchers came from many miles to get their supplies there.",US-30,227.34,Twin Falls,Idaho Transportation Department / Idaho State Historical Society,https://services1.arcgis.com/Qqv4dYPC8Vv8e3c3/arcgis/rest/services/HistoricalMarkerSigns_ViewLayer/FeatureServer/0,42.533205,-114.304556
ID-343,ID,Diversion Dam,Engineering / technology,active,official,"After a quarter century of failure to dig a large canal above Diversion Dam, United States Reclamation Service funding enabled a group of Boise Valley irrigation districts to complete this project. Then in 1912, a generating plant was installed to provide power to construct Arrowrock Dam. It has been preserved as an historical display by Bureau of Reclamation staff.",SH-21,8.41,Ada,Idaho Transportation Department / Idaho State Historical Society,https://services1.arcgis.com/Qqv4dYPC8Vv8e3c3/arcgis/rest/services/HistoricalMarkerSigns_ViewLayer/FeatureServer/0,43.538938,-116.092776
ID-344,ID,City of Rocks,Geology / natural history,active,official,"A gold rush visitor, July 14, 1849, reported that ""you can imagine among those massive piles, church domes, spires, pyramids,...with a little fancying you can see (anything) from the Capitol at Washington to a lowly thatched cottage."" Emigrants who never had seen anything like that before were impressed by so many ""rocks of the most singular shapes."" City of Rocks is a National Historic Landmark as well as a National Natural Landmark.",SH-27,0.8,Cassia,Idaho Transportation Department / Idaho State Historical Society,https://services1.arcgis.com/Qqv4dYPC8Vv8e3c3/arcgis/rest/services/HistoricalMarkerSigns_ViewLayer/FeatureServer/0,42.254594,-113.882111
ID-345,ID,Teton Flood,Engineering / technology,active,official,"Houses floated away and cropland was ruined as water surged into the Snake River and American Falls Reservoir, which finally controlled that flood. Church, government, and disaster relief agencies responded effectively, but 14 lives were lost and hundreds of millions of dollars in damages resulted from that unforgettable calamity. All that remains of Teton Dam still can be seen from a viewpoint 1.5 miles north of here.",SH-33,110.03,Madison,Idaho Transportation Department / Idaho State Historical Society,https://services1.arcgis.com/Qqv4dYPC8Vv8e3c3/arcgis/rest/services/HistoricalMarkerSigns_ViewLayer/FeatureServer/0,43.883393,-111.539991
ID-347,ID,Looking Glass,Native American,active,official,"Looking Glass told army authorities: ""Leave us alone. We are living here peacefully and want no trouble."" But after a military attack, July 1, that destroyed his village, ruined his gardens and captured 750 Nez Perce horses, Looking Glass and his band joined other Nez Perce refugees and soon headed for Montana's buffalo plains. Howard spent three more months pursuing Joseph, White Bird, Looking Glass, and their warriors after that fiasco.",US-12,75.89,Idaho,Idaho Transportation Department / Idaho State Historical Society,https://services1.arcgis.com/Qqv4dYPC8Vv8e3c3/arcgis/rest/services/HistoricalMarkerSigns_ViewLayer/FeatureServer/0,46.135715,-115.954362
ID-348,ID,Treaty Rock,Native American,removed,official,"They recorded this land cession on a prominent rock adjacent to Post Falls. This inscription can still be seen from here. Post's sawmill located at an important hydroelectric site now used for a power plant, led to development of a townsite at Post Falls.","N Compton, Post Falls (Treaty Rock Park, off I-90)",4.62,Kootenai,Idaho Transportation Department / Idaho State Historical Society,https://services1.arcgis.com/Qqv4dYPC8Vv8e3c3/arcgis/rest/services/HistoricalMarkerSigns_ViewLayer/FeatureServer/0,47.714361,-116.951352
ID-349,ID,St. Joseph's Mission,Native American,active,official,"A chapel was built a mile up Mission Creek in 1868, but a permanent location was not established until construction of Saint Joseph's Mission was completed at a more secluded site in 1874. It now is open to visitors as part of Nez Perce National Historical Park.",US-95,293.13,Nez Perce,Idaho Transportation Department / Idaho State Historical Society,https://services1.arcgis.com/Qqv4dYPC8Vv8e3c3/arcgis/rest/services/HistoricalMarkerSigns_ViewLayer/FeatureServer/0,46.369848,-116.724836
ID-350,ID,Farragut State Park,Military,removed,official,"When postwar college enrollments slacked off, Farragut State Park was developed here, with accommodations adequate for an International Boy Scout jamboree in 1967, as well as for national Boy Scout and Girl Scout camping experiences. Idaho's largest state park offers an attractive lakeshore setting for thousands of visitors each year.",SH-54,12.43,Kootenai,Idaho Transportation Department / Idaho State Historical Society,https://services1.arcgis.com/Qqv4dYPC8Vv8e3c3/arcgis/rest/services/HistoricalMarkerSigns_ViewLayer/FeatureServer/0,47.951281,-116.603183
ID-351,ID,Pen d'Oreille City,Mining / industry,removed,official,"Traffic to British Columbia's Wild Horse mines also used this route. The trip provided a comfortable lake excursion for miners and freighters tired of packing over a long, rough trail. At its height, Pend d'Oreille City had two grocery stores, a billiard saloon, hotel and stable.",SH-54,8.47,Kootenai,Idaho Transportation Department / Idaho State Historical Society,https://services1.arcgis.com/Qqv4dYPC8Vv8e3c3/arcgis/rest/services/HistoricalMarkerSigns_ViewLayer/FeatureServer/0,47.947639,-116.686276
ID-352,ID,Mount Idaho,Mining / industry,active,official,"But when civic leaders resisted farm efforts to organize a grange there in 1874, Grangeville grew up as a better located town. Although Mount Idaho became county seat from 1875 to 1902, and had an important Chinese community, Grangeville soon surpassed its older rival. Most of its early buildings have disappeared.",Mt Idaho Grade Rd (SE of Grangeville),,Idaho,Idaho Transportation Department / Idaho State Historical Society,https://services1.arcgis.com/Qqv4dYPC8Vv8e3c3/arcgis/rest/services/HistoricalMarkerSigns_ViewLayer/FeatureServer/0,45.903823,-116.082383
ID-353,ID,Castle Rock,Oregon / California Trail,active,official,"Emigrants generally had not seen large granite rock formations of this kind, and Idaho offered a number of good opportunities, both for Oregon and California travelers. Castle Rock and its neighbors were outstanding examples along Goodale's Cutoff, used primarily from 1862 until automobiles replaced wagon traffic more than 40 years later.",US-20,124.38,Elmore,Idaho Transportation Department / Idaho State Historical Society,https://services1.arcgis.com/Qqv4dYPC8Vv8e3c3/arcgis/rest/services/HistoricalMarkerSigns_ViewLayer/FeatureServer/0,43.301343,-115.315742
ID-354,ID,Goodale's Cutoff,Oregon / California Trail,active,official,"At this spot, like many others, they had barely enough space to get by. At times they could not avoid lava stretches. But they slowly crept along, leaving their road strewn with parts of broken wagons. J.C. Merrill noted in 1864 that ""At one place, we were obliged to drive over a huge rock just a little wider than the wagon. Had we gone a foot to the right or to the left the wagon would have rolled over.""",US-93,218.15,Blaine,Idaho Transportation Department / Idaho State Historical Society,https://services1.arcgis.com/Qqv4dYPC8Vv8e3c3/arcgis/rest/services/HistoricalMarkerSigns_ViewLayer/FeatureServer/0,43.379692,-113.720648
ID-356,ID,Earthquakes,Geology / natural history,active,official,"During that rock shift, Mount Borah's ridge front rose about 6 inches, while this valley subsided 9 feet. This kind of movement has been going on here for 10 to 20 million years as subsurface rock has been pulled apart during gradual but persistent range and valley building. You can drive to a spectacular fracture that shattered this side road 2-1/2 miles from here.",US-93,131.19,Custer,Idaho Transportation Department / Idaho State Historical Society,https://services1.arcgis.com/Qqv4dYPC8Vv8e3c3/arcgis/rest/services/HistoricalMarkerSigns_ViewLayer/FeatureServer/0,44.140094,-113.904759
ID-358,ID,Givens Springs,Native American,active,official,"A winter village site for about 5000 years, these hot springs had large pit houses typical of plateau communities northwest of here from 4300 to about 1200 years ago. After that, small huts used by Great Basin tribes became fashionable. Deer, rabbits and river mussels sustained this winter camp. After 1842, emigrants using an Oregon Trail alternate also patronized Givens Springs.",SH-78,11.45,Owyhee,Idaho Transportation Department / Idaho State Historical Society,https://services1.arcgis.com/Qqv4dYPC8Vv8e3c3/arcgis/rest/services/HistoricalMarkerSigns_ViewLayer/FeatureServer/0,43.41587,-116.706006
ID-359,ID,Beaver Dick's Ferry,Oregon / California Trail,active,official,"They cut a steep grade from the Oregon Trail down to Beaver Dick's Ferry, which served as a crossing only a short distance below here. After gold rush excitement ended, Idaho City traffic came on through Boise and used a toll road further north to Boise Basin.",SH-21 (Along Boise River Greenbelt),3.3,Ada,Idaho Transportation Department / Idaho State Historical Society,https://services1.arcgis.com/Qqv4dYPC8Vv8e3c3/arcgis/rest/services/HistoricalMarkerSigns_ViewLayer/FeatureServer/0,43.55124,-116.098837
ID-361,ID,Lower Boise,Pioneer / settlement,active,official,"Driven out from their Missouri River homes below Kansas City by extremely bitter Civil War border warfare, they got a new start by digging riverside canals and planting crops. They helped make Idaho an overwhelming southern Democratic territory from 1864 to 1880. Settlements from Caldwell to Notus were known as Dixie, and those farther west were Lower Boise.",US-20,16.2,Canyon,Idaho Transportation Department / Idaho State Historical Society,https://services1.arcgis.com/Qqv4dYPC8Vv8e3c3/arcgis/rest/services/HistoricalMarkerSigns_ViewLayer/FeatureServer/0,43.724619,-116.799276
ID-362,ID,John Grey,Pioneer / settlement,active,official,"An Iroquois leader--also known as Ignace Hatchioraquasha--he also explored Grey's River nearby in Wyoming. Aside from his trapping skills, he was noted for his unusual aptitude in fighting grizzly bears. After trapping in this country for 20 years, he retired with his Iroquois band in 1836 to help found Kansas City, Missouri.",SH-34,93.66,Caribou,Idaho Transportation Department / Idaho State Historical Society,https://services1.arcgis.com/Qqv4dYPC8Vv8e3c3/arcgis/rest/services/HistoricalMarkerSigns_ViewLayer/FeatureServer/0,42.977079,-111.377112
ID-364,ID,Sawtooth City,Mining / industry,active,official,"By 1882, Sawtooth City had three saloons, two restaurants, a meat market, a store, a Chinese laundry, an assay office, a blacksmith shop, two quartz mills, a sawmill, and 80 or 90 construction workers building their town. Four more years went by, though, before miners worked out a system to process their gold ore. Although 200 miners were employed in 1886, very little could be done after that. One disaster after another led to suspension of work there in 1892.",SH-75,166.83,Blaine,Idaho Transportation Department / Idaho State Historical Society,https://services1.arcgis.com/Qqv4dYPC8Vv8e3c3/arcgis/rest/services/HistoricalMarkerSigns_ViewLayer/FeatureServer/0,43.92063,-114.815305
ID-365,ID,Elephant Hunters,Native American,active,official,"When a gradual change to a warmer, drier, climate made local grasslands into more desert, their elephant herds left for cooler plains farther north. But 8,000 years ago, bison still were available here. Indians continued to hunt buffalo on these plains until about 1840. Then they had to go to Montana for their plains hunting trips.",US-20,291.36,Bonneville,Idaho Transportation Department / Idaho State Historical Society,https://services1.arcgis.com/Qqv4dYPC8Vv8e3c3/arcgis/rest/services/HistoricalMarkerSigns_ViewLayer/FeatureServer/0,43.542858,-112.353554
ID-367,ID,Wallace,Pioneer / settlement,removed,official,"Rebuilt after a disastrous fire in 1890, Wallace has preserved its pioneer mining heritage. North Idaho's 2,000,000-acre forest fire was stopped here in 1910, and business buildings of that era survive in an impressive historic district. A museum in Wallace's restored 1901 Northern Pacific Depot, on 6th St., interprets the region's railway history.",I-90B (Near Exit 61),61,Shoshone,Idaho Transportation Department / Idaho State Historical Society,https://services1.arcgis.com/Qqv4dYPC8Vv8e3c3/arcgis/rest/services/HistoricalMarkerSigns_ViewLayer/FeatureServer/0,47.477252,-115.933448
ID-369,ID,Nez Perce Trail,Transportation,active,official,"Following a route developed by Nez Perce buffalo hunters, a host of miners and packers ascended a series of ridges overlooking the deep Salmon and Clearwater river canyons on their way to new gold fields. Long after local Indians and miners ceased to travel there, a single lane forest road was constructed near that traditional Nez Perce thoroughfare in 1934.",SH-14,49.43,Idaho,Idaho Transportation Department / Idaho State Historical Society,https://services1.arcgis.com/Qqv4dYPC8Vv8e3c3/arcgis/rest/services/HistoricalMarkerSigns_ViewLayer/FeatureServer/0,45.827692,-115.439467
ID-370,ID,Buffalo Pit,Mining / industry,active,official,Buffalo company miners using hydraulic giants--large metal hoses with nozzles that could direct a stream of water under high pressure--cut away a large hillside deposit of placer gold. Long ditches and flumes were employed to bring water in at an elevation sufficient to gain pressure enough to operate their giants.,SH-14,47.07,Idaho,Idaho Transportation Department / Idaho State Historical Society,https://services1.arcgis.com/Qqv4dYPC8Vv8e3c3/arcgis/rest/services/HistoricalMarkerSigns_ViewLayer/FeatureServer/0,45.8119,-115.473504
ID-371,ID,Railroad Trestles,Railroad,active,official,"This highway goes past two of them here. Most were timber, but a metal structure, 1500 feet long and 296 feet high, was needed here. A long, high wooden trestle also crossed a nearby side canyon. North Idaho's Camas Prairie Railroad--a joint Northern Pacific and Union Pacific venture--served this region for eight decades.",US-95,268.62,Lewis,Idaho Transportation Department / Idaho State Historical Society,https://services1.arcgis.com/Qqv4dYPC8Vv8e3c3/arcgis/rest/services/HistoricalMarkerSigns_ViewLayer/FeatureServer/0,46.200789,-116.415327
ID-372,ID,Camas Prairie,Geology / natural history,active,official,"Some earlier volcanic extrusions, including Kamiah Buttes (between which this highway passes), rise above those Camas Prairie lavas. Perhaps older than 40 million years, they resemble volcanic rocks from Challis, in south-central Idaho, rather than newer lava from farther west. Geologists still are studying how these buttes are related to similar formations elsewhere in Idaho.",SH-162,10.6,Idaho,Idaho Transportation Department / Idaho State Historical Society,https://services1.arcgis.com/Qqv4dYPC8Vv8e3c3/arcgis/rest/services/HistoricalMarkerSigns_ViewLayer/FeatureServer/0,46.13572,-116.16845
ID-373,ID,Willow Creek Slide,Railroad,removed,official,"An engine that plunged 80 feet was buried in 30 feet of snow; a passenger car dangled over open space; and a caboose with 8 people dropped into a deep snowbank. Miraculously, everyone aboard survived that terror-stricken trip. But a new, less hazardous grade replaced that trestle route.",I-90,71.4,Shoshone,Idaho Transportation Department / Idaho State Historical Society,https://services1.arcgis.com/Qqv4dYPC8Vv8e3c3/arcgis/rest/services/HistoricalMarkerSigns_ViewLayer/FeatureServer/0,47.460491,-115.735717
ID-374,ID,Mesa Orchards,Pioneer / settlement,active,official,"Investors, mostly from the eastern U.S., bought 10-acre shares to finance the project. An eight mile wooden flume carried water for irrigation from the Middle Fork of the Weiser River, and in 1920, a unique gravity tramway was built to carry fruit 3 1/2 miles north to a rail siding. Production lasted until about 1960 when frozen crops and production problems led to its demise.",US-95,127.38,Adams,Idaho Transportation Department / Idaho State Historical Society,https://services1.arcgis.com/Qqv4dYPC8Vv8e3c3/arcgis/rest/services/HistoricalMarkerSigns_ViewLayer/FeatureServer/0,44.627155,-116.439707
ID-375,ID,Oregon Trail,Oregon / California Trail,active,official,"Following close to a line of hills bordering a broad, rolling plain, their route had water and grass essential for horses and oxen. It also gave them a spectacular view of Boise valley. To see that site, follow directional signs when you reach Interchange 64 at Blacks Creek, 1 mile beyond here.",I-84 (Blacks Creek Rest Area EB),62.28,Ada,Idaho Transportation Department / Idaho State Historical Society,https://services1.arcgis.com/Qqv4dYPC8Vv8e3c3/arcgis/rest/services/HistoricalMarkerSigns_ViewLayer/FeatureServer/0,43.477707,-116.107352
ID-376,ID,Arrowrock Dam,Engineering / technology,active,official,"Located six miles upstream from here, Arrowrock is 350 feet high and 1,150 feet wide. Built at a cost of $4,725,000 to provide additional water storage to get 2,635 valley farms through dry summer seasons, it had enough capacity to take care of more than 1,000 new farms as well. Its 18-mile canyon reservoir holds 280,000 acre feet of water.",SH-21,17.14,Ada,Idaho Transportation Department / Idaho State Historical Society,https://services1.arcgis.com/Qqv4dYPC8Vv8e3c3/arcgis/rest/services/HistoricalMarkerSigns_ViewLayer/FeatureServer/0,43.591029,-115.998671
ID-377,ID,Black Canyon Dam,Engineering / technology,active,official,"A 29 mile canal, along with lesser ditches, serves 58,250 acres of Boise and Payette valley farms. A power plant at Black Canyon Dam generates electricity for commercial use as well as for irrigation pumping. Farms far from early riverside canals benefit from this project.",SH-52 (Wild Rose Park),37.79,Gem,Idaho Transportation Department / Idaho State Historical Society,https://services1.arcgis.com/Qqv4dYPC8Vv8e3c3/arcgis/rest/services/HistoricalMarkerSigns_ViewLayer/FeatureServer/0,43.930024,-116.439274
ID-378,ID,Seven Devils Mines,Mining / industry,active,official,"From 1887, miners tried various means to haul ore over this rough terrain for shipment to smelters. They started with pack animals, then built a wagon road, the Kleinschmidt grade, dropping a vertical mile from the mines to the Snake River. From there, they tried steamboat then rail. Large ore trucks in the 1960s finally solved the problem.",SH-71,1.57,Washington,Idaho Transportation Department / Idaho State Historical Society,https://services1.arcgis.com/Qqv4dYPC8Vv8e3c3/arcgis/rest/services/HistoricalMarkerSigns_ViewLayer/FeatureServer/0,44.828731,-116.903503
ID-379,ID,Basque Country,Pioneer / settlement,active,official,"Coming here originally to herd sheep on mountain and desert ranges, they shifted into other occupations as quickly as possible, making way for more of their countrymen to follow. Their sheep wagons often can be seen on grazing lands, and a Basque museum (607 Grove St. in Boise) interprets their life here.",I-84 (Blacks Creek Rest Area WB),62.25,Ada,Idaho Transportation Department / Idaho State Historical Society,https://services1.arcgis.com/Qqv4dYPC8Vv8e3c3/arcgis/rest/services/HistoricalMarkerSigns_ViewLayer/FeatureServer/0,43.479058,-116.106105
ID-380,ID,War Eagle Mines,Mining / industry,active,official,"With lodes far richer than those found elsewhere, War Eagle miners fought a series of violent wars for control of valuable claims. Troops from Fort Boise finally had to intervene in a one-armed clash in 1868. San Francisco bank failures ended production there in 1875 and thriving camps became ghost towns.",SH-78,34.09,Owyhee,Idaho Transportation Department / Idaho State Historical Society,https://services1.arcgis.com/Qqv4dYPC8Vv8e3c3/arcgis/rest/services/HistoricalMarkerSigns_ViewLayer/FeatureServer/0,43.158611,-116.508987
ID-383,ID,American Falls Power Plants,Engineering / technology,active,official,"Starting with an island plant to serve Pocatello in 1902, this superlative site was used soon after as long transmission lines were developed. As new kinds of turbines and generators were invented, they were installed here. Rare examples of old technology still are preserved in these landmark plants.",SH-39,3.13,Power,Idaho Transportation Department / Idaho State Historical Society,https://services1.arcgis.com/Qqv4dYPC8Vv8e3c3/arcgis/rest/services/HistoricalMarkerSigns_ViewLayer/FeatureServer/0,42.778704,-112.882825
ID-384,ID,Bear Lake,Pioneer / settlement,active,official,"Donald MacKenzie, Jim Bridger, and a host of famous beaver hunters operated here. Two major summer frolics and trade fairs brought plenty of excitement to Bear Lake in 1827 and 1828. Helping local Indians repel Blackfoot invaders, those trappers never forgot their wild festivals here.",US-89,2.19,Bear Lake,Idaho Transportation Department / Idaho State Historical Society,https://services1.arcgis.com/Qqv4dYPC8Vv8e3c3/arcgis/rest/services/HistoricalMarkerSigns_ViewLayer/FeatureServer/0,42.0307,-111.400093
ID-385,ID,Hooper Spring,Pioneer / settlement,active,official,"A prime attraction for more than 160 years, soda water from these springs was marketed nationally after rail service reached this resort area in 1882. W.H. Hooper, Salt Lake City's leading banker and president of Zion's Cooperative Mercantile Institution, had his summer home here. He did much to found and promote Soda Springs and its soda water industry while serving as Utah's delegate to Congress.",US-30,405.17,Caribou,Idaho Transportation Department / Idaho State Historical Society,https://services1.arcgis.com/Qqv4dYPC8Vv8e3c3/arcgis/rest/services/HistoricalMarkerSigns_ViewLayer/FeatureServer/0,42.654895,-111.602019
ID-386,ID,Paris Tabernacle,Pioneer / settlement,active,official,"Swiss stone masons cut and carved red sandstone that horse and ox teams hauled from a canyon 18 miles away. In winter, sled loads of rock were pulled over ice across Bear Lake. Shingles and other lumber came from nearby forests. After a century of use, this unaltered monument remains as a reminder of pioneer achievement.",US-89,15.83,Bear Lake,Idaho Transportation Department / Idaho State Historical Society,https://services1.arcgis.com/Qqv4dYPC8Vv8e3c3/arcgis/rest/services/HistoricalMarkerSigns_ViewLayer/FeatureServer/0,42.225323,-111.400866
ID-388,ID,Hatch House,Pioneer / settlement,active,official,"Idaho's only railroad, serving Montana's thriving mining camps, reached here that year--a time of depression between gold rushes, when Franklin was Idaho's largest city. Two years later, rail construction resumed, and freighters moved on. But Hatch's elegant house remains as a reminder of a bygone era.","E Main St, Franklin (Off US-91)",1.38,Franklin,Idaho Transportation Department / Idaho State Historical Society,https://services1.arcgis.com/Qqv4dYPC8Vv8e3c3/arcgis/rest/services/HistoricalMarkerSigns_ViewLayer/FeatureServer/0,42.017337,-111.800094
ID-389,ID,Sawtell's Ranch,Pioneer / settlement,active,official,Sawtell did everything from supplying swans for New York's Central Park zoo to building a network of roads for tourist access to Yellowstone National Park. His commercial fishery served Montana mining markets. His pioneer Henry's Lake ranch was a major attraction here for a decade before rail service brought more settlers to this area.,SH-87,5.11,Fremont,Idaho Transportation Department / Idaho State Historical Society,https://services1.arcgis.com/Qqv4dYPC8Vv8e3c3/arcgis/rest/services/HistoricalMarkerSigns_ViewLayer/FeatureServer/0,44.673714,-111.408815
ID-391,ID,Caldera Lookout,Engineering / technology,active,official,"No other steel tower has been preserved in this part of Idaho. When it was erected in 1936, lookouts were essential for fire detection in all of this region's forests. This one still is used in times of especially severe fire hazard, but planes now are responsible for regular fire patrol. Forest Service road 80120 ascends to Bishop Mountain lookout at an elevation of 7810 feet.",US-20,376.26,Fremont,Idaho Transportation Department / Idaho State Historical Society,https://services1.arcgis.com/Qqv4dYPC8Vv8e3c3/arcgis/rest/services/HistoricalMarkerSigns_ViewLayer/FeatureServer/0,44.284557,-111.463219
ID-393,ID,Hansen Bridge,Engineering / technology,active,official,"With 14 cables, each more than 900 feet long, a $100,000 suspension bridge was wide enough to accommodate two lanes of farm wagons or early cars that had begun to gain popularity then. From it's deck, nearly 400 feet above Snake River, travelers had a spectacular view that can still be seen from it's replacement, built in 1966.",SH-50,3.86,Twin Falls,Idaho Transportation Department / Idaho State Historical Society,https://services1.arcgis.com/Qqv4dYPC8Vv8e3c3/arcgis/rest/services/HistoricalMarkerSigns_ViewLayer/FeatureServer/0,42.565656,-114.300715
ID-396,ID,Volcanic Calderas,Geology / natural history,active,official,"An exceptionally large crater remained when that lava surface collapsed. Another smaller caldera followed north of here about 1,300,000 years ago. Yellowstone's geysers and hot springs continue to spout as remnants of those volcanic displays formed as underground rock gradually moves westward across a tremendous source of interior heat.",US-20,368.92,Fremont,Idaho Transportation Department / Idaho State Historical Society,https://services1.arcgis.com/Qqv4dYPC8Vv8e3c3/arcgis/rest/services/HistoricalMarkerSigns_ViewLayer/FeatureServer/0,44.183981,-111.436241
ID-398,ID,Magic Dam,Engineering / technology,active,official,"Rising 129 feet high, it is 700 feet wide. An adjacent 1600-foot embankment with a concrete spillway helps retain more than 190,000 acre feet of spring floodwater for summer use downstream. A four-mile desert road reaches Magic Dam, which provides fishing and recreational opportunities in a broad valley northwest of here.",SH-75,91.04,Lincoln,Idaho Transportation Department / Idaho State Historical Society,https://services1.arcgis.com/Qqv4dYPC8Vv8e3c3/arcgis/rest/services/HistoricalMarkerSigns_ViewLayer/FeatureServer/0,43.177779,-114.328872
ID-400,ID,Gold Mines,Mining / industry,active,official,"Discovered early in 1863, they were so hard to get to that they could not be worked successfully for more than 20 years. But wealthy investors from New York and London finally put up enough capital that large mills and underground tunnels produced more than 6 million dollars. That gold now is worth more than $120 million.",US-20,126.36,Elmore,Idaho Transportation Department / Idaho State Historical Society,https://services1.arcgis.com/Qqv4dYPC8Vv8e3c3/arcgis/rest/services/HistoricalMarkerSigns_ViewLayer/FeatureServer/0,43.306754,-115.279625
ID-402,ID,Boise State University,Education,removed,official,"Originating as an Episcopalian academy founded in 1892, this institution was located a mile north until 1940, when Boise's municipal airport, located here became available for a large new campus. Christ's Chapel--Boise's original Episcopalian church building, built downtown in 1886, was moved to this site for permanent preservation in 1963.",,,Ada,Idaho Transportation Department / Idaho State Historical Society,https://services1.arcgis.com/Qqv4dYPC8Vv8e3c3/arcgis/rest/services/HistoricalMarkerSigns_ViewLayer/FeatureServer/0,43.603548,-116.194335
ID-404,ID,Brigham Young University-Idaho,Education,active,official,"Initially known as Bannock Stake Academy, It was renamed Fremont Stake Academy, Smith Academy, Ricks Academy, Ricks Normal College, and eventually Ricks College. The name memorializes Thomas E. Ricks who founded Rexburg in 1883. In 2001, Ricks College became BYU-Idaho, a four year university and Idaho's largest private institution of higher education.","W 2nd St, Rexburg (BYU-I Campus)",,Madison,Idaho Transportation Department / Idaho State Historical Society,https://services1.arcgis.com/Qqv4dYPC8Vv8e3c3/arcgis/rest/services/HistoricalMarkerSigns_ViewLayer/FeatureServer/0,43.821751,-111.786139
ID-406,ID,Stanley Ranger Station,Pioneer / settlement,active,official,"Expanding Forest Service responsibilities led to construction of a larger ranger station, as well as other buildings still preserved here. When a new ranger station four miles south of here replaced this one in 1971, this site became a Sawtooth Interpretive and Historical Association museum.",SH-75,190.05,Custer,Idaho Transportation Department / Idaho State Historical Society,https://services1.arcgis.com/Qqv4dYPC8Vv8e3c3/arcgis/rest/services/HistoricalMarkerSigns_ViewLayer/FeatureServer/0,44.226065,-114.92935
ID-411,ID,College of Southern Idaho,Education,active,official,"CSI became part of a state and national effort to increase local educational opportunities. The 300--acre campus, located about a mile west of here, offers a wide range of academic, professional, and technical programs and is home to the Herrett Center Museum, Observatory, and Faulkner Planetarium.",US-93,50,Twin Falls,Idaho Transportation Department / Idaho State Historical Society,https://services1.arcgis.com/Qqv4dYPC8Vv8e3c3/arcgis/rest/services/HistoricalMarkerSigns_ViewLayer/FeatureServer/0,42.598357,-114.454749
ID-412,ID,Shoshone Historic District,Pioneer / settlement,active,official,"Branch rail lines to Wood River and Camas Prairie served distant farmers and miners, while a stage line to Shoshone Falls accommodated wealthy tourists who visited Idaho's foremost nineteenth century attraction. Vast sheep grazing lands made this a major early center for Basque herders. Use of lava rock for building construction gives Shoshone a distinctive historic character.",US-93,72.95,Lincoln,Idaho Transportation Department / Idaho State Historical Society,https://services1.arcgis.com/Qqv4dYPC8Vv8e3c3/arcgis/rest/services/HistoricalMarkerSigns_ViewLayer/FeatureServer/0,42.926571,-114.411707
ID-413,ID,Magic Reservoir,Engineering / technology,active,official,"Big Wood River flows past some hills that separate this valley from a broad plain of lava and windblown soil, this border area provides an excellent storage site for more than 190,000-acre feet of irrigation water. Magic Reservoir, created in 1910, provides recreation opportunities and a home for fish and wildlife in a desert setting.",US-20,170.17,Blaine,Idaho Transportation Department / Idaho State Historical Society,https://services1.arcgis.com/Qqv4dYPC8Vv8e3c3/arcgis/rest/services/HistoricalMarkerSigns_ViewLayer/FeatureServer/0,43.338289,-114.434361
ID-415,ID,Northwest Nazarene University,Education,active,official,"Northwest Nazarene University continues to maintain its church relationship as reflected in its mission statement. ""The basic mission of Northwest Nazarene University is the development of Christian character within the philosophy and framework of genuine scholarship.","16th Ave N, Nampa (Lakeview Park, Off I-84B)",59.85,Canyon,Idaho Transportation Department / Idaho State Historical Society,https://services1.arcgis.com/Qqv4dYPC8Vv8e3c3/arcgis/rest/services/HistoricalMarkerSigns_ViewLayer/FeatureServer/0,43.585394,-116.544743
ID-416,ID,Clayton Smelter,Mining / industry,active,official,"Doubled in size in 1888, Clayton's smelter had enough variety of ores from local mines to continue production until 1902. A modern flotation plant followed for six years after 1919. When silver prices rose in 1935, Clayton became southern Idaho's primary silver producer, operating steadily for more than 50 years.",SH-75,222.63,Custer,Idaho Transportation Department / Idaho State Historical Society,https://services1.arcgis.com/Qqv4dYPC8Vv8e3c3/arcgis/rest/services/HistoricalMarkerSigns_ViewLayer/FeatureServer/0,44.258674,-114.40199
ID-417,ID,Lewiston Hill,Transportation,active,official,With a series of sharp curves that let cars go 20 or 30 miles an hour--a good speed for that time--a gradual 10-mile 2000-foot grade was designed. It still can be used by anyone not in too much of a hurry who wants to see an engineering model of early highway construction.,Old Spiral Hwy (Off US-95),317.8,Nez Perce,Idaho Transportation Department / Idaho State Historical Society,https://services1.arcgis.com/Qqv4dYPC8Vv8e3c3/arcgis/rest/services/HistoricalMarkerSigns_ViewLayer/FeatureServer/0,46.460223,-117.016508
ID-418,ID,Steamboats,Transportation,active,official,"Steamboats continued to dock there until 1940, mainly after Columbia and Snake river channel improvements made navigation practical in 1914. Finally a series of locks and dams made Lewiston a seaport, and large scale river shipping resumed in 1975.",Old Spiral Hwy (Off US-95),317.8,Nez Perce,Idaho Transportation Department / Idaho State Historical Society,https://services1.arcgis.com/Qqv4dYPC8Vv8e3c3/arcgis/rest/services/HistoricalMarkerSigns_ViewLayer/FeatureServer/0,46.460188,-117.016442
ID-419,ID,Railroad Tunnels,Railroad,active,official,"Building a railroad up this canyon was exceptionally difficult and expensive. Although they competed in Lewiston, Union Pacific and Northern Pacific officials decided to organize a separate company, in which each of them had an equal interest, to complete a Camas Prairie line. Otherwise, neither would have had enough traffic to operate profitably.",US-95,285.83,Nez Perce,Idaho Transportation Department / Idaho State Historical Society,https://services1.arcgis.com/Qqv4dYPC8Vv8e3c3/arcgis/rest/services/HistoricalMarkerSigns_ViewLayer/FeatureServer/0,46.331934,-116.597815
ID-420,ID,Old Railroads,Railroad,active,official,"This would have been Idaho's highest mountain railroad if funding had been available to complete it. Construction began near a canyon rim more than a vertical mile above Snake River. Although it never got anywhere, that grade still can be seen near Kinney Point. Remains of an old mining smelter at Landore also survive from that time.","Michigan St, Council (Old Railroads Park)",135.76,Adams,Idaho Transportation Department / Idaho State Historical Society,https://services1.arcgis.com/Qqv4dYPC8Vv8e3c3/arcgis/rest/services/HistoricalMarkerSigns_ViewLayer/FeatureServer/0,44.728902,-116.438403
ID-421,ID,Lead-Silver Mines,Mining / industry,removed,official,"More than 5 billion dollars worth of lead, silver and zinc - including more than a billion ounces of silver - have come from these camps. Old mines and towns at Burke, Kellogg, Murray, Mullan, Osburn, and Wardner can be reached from Wallace. First, visit the Coeur d'Alene District Mining Museum at 509 Bank St. to review the region's mining development.",I-90,71.4,Shoshone,Idaho Transportation Department / Idaho State Historical Society,https://services1.arcgis.com/Qqv4dYPC8Vv8e3c3/arcgis/rest/services/HistoricalMarkerSigns_ViewLayer/FeatureServer/0,47.460509,-115.735781
ID-422,ID,Bayview Limekilns,Mining / industry,removed,official,"Production of lime for nearby mines and Spokane buildings commenced in this area as soon as rail transportation and markets became available. For 14 years after 1887, steamboats hauled lime to a Northern Pacific Railway dock at Hope. When an interurban rail connection reached here in 1911, lime for cement products was exported from Bayview until an economic depression destroyed regional demand for concrete.",SH-54,14.76,Kootenai,Idaho Transportation Department / Idaho State Historical Society,https://services1.arcgis.com/Qqv4dYPC8Vv8e3c3/arcgis/rest/services/HistoricalMarkerSigns_ViewLayer/FeatureServer/0,47.972715,-116.567228
ID-424,ID,Frisco Mill,Mining / industry,removed,official,"Overwhelmed by union miners, company managers surrendered. Six fatalities--half from each side--preceded four months of martial law and military occupation by a thousand soldiers. A long series of battles followed. Resumed in North Idaho in 1899, this conflict continued in Colorado, Montana, Nevada and Arizona.",SH-4,5.13,Shoshone,Idaho Transportation Department / Idaho State Historical Society,https://services1.arcgis.com/Qqv4dYPC8Vv8e3c3/arcgis/rest/services/HistoricalMarkerSigns_ViewLayer/FeatureServer/0,47.512281,-115.859326
ID-425,ID,McCroskey Park,Geology / natural history,removed,official,"Virgil T. McCroskey devoted his life to preserving trees and scenery. Purchasing and donating 4,500 acres of cedar, pine and fir, he developed and endowed a magnificent state park by 1954. Surviving until he was 95 years old, he maintained and enlarged it for 16 more years.",US-95,381.15,Benewah,Idaho Transportation Department / Idaho State Historical Society,https://services1.arcgis.com/Qqv4dYPC8Vv8e3c3/arcgis/rest/services/HistoricalMarkerSigns_ViewLayer/FeatureServer/0,47.149101,-116.910917
ID-426,ID,Burke,Mining / industry,removed,official,"So in 1888, S.S. Glidden's Tiger Hotel had to be built over, rather than beside, Canyon Creek. Railroad tracks and Burke's only highway also had to run through his hotel. When a second railroad arrived in 1890, its tracks had to be laid in Burke's only street. No other hotel had two railroads, a street and a stream running through its lobby.",SH-4,7.07,Shoshone,Idaho Transportation Department / Idaho State Historical Society,https://services1.arcgis.com/Qqv4dYPC8Vv8e3c3/arcgis/rest/services/HistoricalMarkerSigns_ViewLayer/FeatureServer/0,47.518498,-115.825122
ID-427,ID,Nez Perce War,Native American,active,official,"On their way to Yellowstone Park, Chief Joseph's Nez Perce people reached Hole in the Rock Station (four miles north of here), on August 16, and shut down stage service to Montana. Howard's cavalry and volunteers followed only a day behind until August 20, when an Indian force made off with more than 100 Army mules. That raid halted military pursuit and forced Howard to continue his Nez Perce campaign for six more weeks.","I-15 (Dubois Rest Area, Near Exit 167)",167,Clark,Idaho Transportation Department / Idaho State Historical Society,https://services1.arcgis.com/Qqv4dYPC8Vv8e3c3/arcgis/rest/services/HistoricalMarkerSigns_ViewLayer/FeatureServer/0,44.177693,-112.238196
ID-428,ID,Three Buttes,Geology / natural history,active,official,"East Butte (farthest east) flowed up and cooled quickly about 600,000 years ago, while Big Southern Butte (south of here) emerged about 300,000 years ago. Although East Butte and Middle Butte have a similar general appearance, they were formed in different ways. A dome of melted rock called rhyolite that rose up through a volcanic fissure became East Butte. Middle Butte, however, is a block of hard lava (basalt) pushed up by volcanic activity from below.",US-20,272.8,Bingham,Idaho Transportation Department / Idaho State Historical Society,https://services1.arcgis.com/Qqv4dYPC8Vv8e3c3/arcgis/rest/services/HistoricalMarkerSigns_ViewLayer/FeatureServer/0,43.528221,-112.713949
ID-429,ID,Cote's Defile,Pioneer / settlement,active,official,"Though he was thousands of miles from his Canadian base in Montreal, he had years of experience in Pacific Northwest exploration. With Michel Bourdon, who also discovered valleys near here, he had joined David Thompson's 1811 Columbia River explorers. Early trappers knew this valley as Cote's Defile because of his contribution to regional fur trade.",SH-28,61.04,Lemhi,Idaho Transportation Department / Idaho State Historical Society,https://services1.arcgis.com/Qqv4dYPC8Vv8e3c3/arcgis/rest/services/HistoricalMarkerSigns_ViewLayer/FeatureServer/0,44.332768,-113.082047
ID-430,ID,Murray Gold Fields,Mining / industry,removed,official,"A permanent camp followed at Murray, Jan. 22, 1884. As Shoshone county seat (1885-1898) and this area's gold center, Murray flourished for more than a decade. Important buildings--a courthouse, Masonic Hall, and other landmarks--have been preserved there to reflect life in a gold rush camp a century ago.",I-90,72.65,Shoshone,Idaho Transportation Department / Idaho State Historical Society,https://services1.arcgis.com/Qqv4dYPC8Vv8e3c3/arcgis/rest/services/HistoricalMarkerSigns_ViewLayer/FeatureServer/0,47.462573,-115.710591
ID-431,ID,Range Wars,Pioneer / settlement,active,official,"This kind of conflict occurred in widely scattered western areas when farm crops displaced rangeland. Families of early farm pioneers still occupy holdings here that are well over a century old, although many of them finally have shifted from planting crops to raising cattle after winning their battle against early stock herders.",SH-34,31.45,Franklin,Idaho Transportation Department / Idaho State Historical Society,https://services1.arcgis.com/Qqv4dYPC8Vv8e3c3/arcgis/rest/services/HistoricalMarkerSigns_ViewLayer/FeatureServer/0,42.378118,-111.713885
ID-432,ID,Old Delta Sediments,Geology / natural history,active,official,"Some 14,500 years ago, its shoreline suddenly went down about 80 feet following an enormous discharge into Snake River. From then on, it gradually receded to become Salt Lake. Bear River then had to cut through and erode its old delta, forming the steep sides and gullies you see here today.",SH-34,12.87,Franklin,Idaho Transportation Department / Idaho State Historical Society,https://services1.arcgis.com/Qqv4dYPC8Vv8e3c3/arcgis/rest/services/HistoricalMarkerSigns_ViewLayer/FeatureServer/0,42.164089,-111.831872
ID-433,ID,Cariboo Mountain,Mining / industry,active,official,"Jesse ""Cariboo Jack"" Fairchild discovered gold high on Cariboo Mountain in August 1870, and a mining rush from Utah followed in September. Production continued for two decades before the gold ran out. Millions of dollars worth of gold were taken from the gravels during that long period of successful mining.",SH-34,93.66,Caribou,Idaho Transportation Department / Idaho State Historical Society,https://services1.arcgis.com/Qqv4dYPC8Vv8e3c3/arcgis/rest/services/HistoricalMarkerSigns_ViewLayer/FeatureServer/0,42.977129,-111.37711
ID-434,ID,Bison Jump,Native American,active,official,"After they acquired Spanish horses, eighteenth century Shoshoni buffalo hunters could drive a small herd over a cliff to make their work easier. Directly north of here, an old buffalo jump, used before mining commenced in this region, can be seen clearly. Archaeologists also have found stone weapon factories near it.",SH-75,243.92,Custer,Idaho Transportation Department / Idaho State Historical Society,https://services1.arcgis.com/Qqv4dYPC8Vv8e3c3/arcgis/rest/services/HistoricalMarkerSigns_ViewLayer/FeatureServer/0,44.471774,-114.215533
ID-435,ID,Emile Grandjean,Pioneer / settlement,active,official,"Before Idaho became a state in 1890, he built a winter cabin below Grandjean Peak at a site later occupied by Grandjean Ranger Station. Because of his European studies, he became a professional forester here. Then he served as supervisor of the Boise National Forest from 1906 to 1922.",SH-21,95.18,Boise,Idaho Transportation Department / Idaho State Historical Society,https://services1.arcgis.com/Qqv4dYPC8Vv8e3c3/arcgis/rest/services/HistoricalMarkerSigns_ViewLayer/FeatureServer/0,44.173478,-115.249733
ID-436,ID,Big Butte,Geology / natural history,active,official,"After a hot flow of molten rhyolite (acidic rock) boiled up through older lava, a second rhyolite dome pushed up a block of earlier basalt on its northwest side. They took many thousands of years to reach their present shape, but geologically they are very recent structures.",US-20,272.8,Bingham,Idaho Transportation Department / Idaho State Historical Society,https://services1.arcgis.com/Qqv4dYPC8Vv8e3c3/arcgis/rest/services/HistoricalMarkerSigns_ViewLayer/FeatureServer/0,43.528207,-112.714002
ID-442,ID,Emma Edwards,Pioneer / settlement,active,official,"Although her father had moved to California after serving as governor of Missouri (1844-1848), Emma preferred to spend much of her time in Idaho. After her marriage to John G. Green, a Boise Basin miner, they took up a land claim along Emma Creek and Green Creek in 1906 and lived here for many summers. Her seal design designated Syringa, which blooms on these hills, as Idaho's State Flower.",SH-21,77.64,Boise,Idaho Transportation Department / Idaho State Historical Society,https://services1.arcgis.com/Qqv4dYPC8Vv8e3c3/arcgis/rest/services/HistoricalMarkerSigns_ViewLayer/FeatureServer/0,44.072279,-115.528842
ID-444,ID,Lowman,Pioneer / settlement,active,official,Only a few scattered settlers lived here then. Lowman got all its supplies once a year from a large freight wagon over a state road built in 1894 to provide access to North Idaho. This highway followed in 1939. Eventually a one-room schoolhouse was moved here from Garden Valley. It still serves Lowman.,SH-21,72.84,Boise,Idaho Transportation Department / Idaho State Historical Society,https://services1.arcgis.com/Qqv4dYPC8Vv8e3c3/arcgis/rest/services/HistoricalMarkerSigns_ViewLayer/FeatureServer/0,44.082398,-115.61002
ID-446,ID,Bank Robbers,Pioneer / settlement,active,official,"Leaving a surprised cashier and his terrified customers, they calmly rode away. A deputy sheriff who borrowed a bicycle to pursue them up Montpelier Canyon was quickly outdistanced. Cassidy never was caught, but Bob Meeks was imprisoned until 1912 for helping in Montpelier's great bank robbery.",US-89,25.46,Bear Lake,Idaho Transportation Department / Idaho State Historical Society,https://services1.arcgis.com/Qqv4dYPC8Vv8e3c3/arcgis/rest/services/HistoricalMarkerSigns_ViewLayer/FeatureServer/0,42.317749,-111.308005
ID-447,ID,Pearl,Mining / industry,active,official,"Now a silent reminder of Gem County's major gold rush, Pearl once boasted of 3 mercantile stores, a butcher shop, 4 saloons, 2 hotels, one church, one school, a fire station, and an Odd Fellows Lodge. Although Pearl has deteriorated slowly since 1910, the lure of gold has continued to spark interest there as recently as 1982.",SH-16,110.95,Gem,Idaho Transportation Department / Idaho State Historical Society,https://services1.arcgis.com/Qqv4dYPC8Vv8e3c3/arcgis/rest/services/HistoricalMarkerSigns_ViewLayer/FeatureServer/0,43.84407,-116.468136
ID-448,ID,Nez Perce Trail,Transportation,active,official,"This trail was not available to Lewis and Clark in 1805, but an early missionary--Samuel Parker--crossed it with a Nez Perce trading party 30 years later. During an 1862 Montana gold rush, eager miners joined Lewiston merchants who sent pack trains over it with supplies for new gold camps. But bandits and robbers made wilderness travel unsafe along it.",US-93,331.91,Lemhi,Idaho Transportation Department / Idaho State Historical Society,https://services1.arcgis.com/Qqv4dYPC8Vv8e3c3/arcgis/rest/services/HistoricalMarkerSigns_ViewLayer/FeatureServer/0,45.484203,-113.979389
ID-449,ID,Idahome,Pioneer / settlement,active,official,"When wheat farms disappeared and highway traffic replaced rail service here, Idahome became a ghost town. Its grain elevators, lumberyards, stores, airport, oil company, school, newspaper, and people are only past memories. An elevator and a few building foundations mark its site.",SH-81,7.77,Cassia,Idaho Transportation Department / Idaho State Historical Society,https://services1.arcgis.com/Qqv4dYPC8Vv8e3c3/arcgis/rest/services/HistoricalMarkerSigns_ViewLayer/FeatureServer/0,42.414029,-113.399054
ID-452,ID,Pierre J. DeSmet,Pioneer / settlement,active,official,"Pierre J. DeSmet, a Belgian Jesuit leader, accompanied a Pend d'Oreille - Flathead band on their way northwest to their homeland. Climbing a mountain here, along streams ""descending from dizzy heights, leaping from rock to rock with a deafening noise,"" he invoked divine thanks for his successful tour into Idaho and Montana.",US-20,400.76,Fremont,Idaho Transportation Department / Idaho State Historical Society,https://services1.arcgis.com/Qqv4dYPC8Vv8e3c3/arcgis/rest/services/HistoricalMarkerSigns_ViewLayer/FeatureServer/0,44.614,-111.335695
ID-454,ID,Diamond Gulch,Mining / industry,active,official,"He told miners in Silver City that a prospector had given him some priceless diamonds from that area. Enough gems of interest to rock hounds were found there to maintain a diamond frenzy that winter. A similar excitement followed in 1892, but no actual diamonds ever were recovered in Diamond Gulch.",SH-78,34.09,Owyhee,Idaho Transportation Department / Idaho State Historical Society,https://services1.arcgis.com/Qqv4dYPC8Vv8e3c3/arcgis/rest/services/HistoricalMarkerSigns_ViewLayer/FeatureServer/0,43.158652,-116.509009
ID-455,ID,Emigrant Crossing,Oregon / California Trail,active,official,"They had to avoid a wide zone of shifting channels, so they descended Canyon Hill where the route is still visible. In 1853 Maria Belshaw ""...crossed Boise River at ford, 15 rods wide 3 feet deep, beautiful river, gravel bottom, very clear, large salmon in it."" After crossing, the road headed westward along a route that became US 20.","I-84 (Old Highway 30, Near Exit 26)",26,Canyon,Idaho Transportation Department / Idaho State Historical Society,https://services1.arcgis.com/Qqv4dYPC8Vv8e3c3/arcgis/rest/services/HistoricalMarkerSigns_ViewLayer/FeatureServer/0,43.688279,-116.688284
ID-456,ID,McAuley's Road,Oregon / California Trail,active,official,"Worst of all Oregon Trail descents, Big Hill needed replacement. Eliza McAuley reported that her brother Tom ""fished awhile, then took a ramble...and discovered a pass by which the mountain can be avoided by doing a little road building."" With an emigrant crew, he opened a wagon toll road that followed current Highway 30. After 1852 no one maintained the new route and it fell into disuse.",US-30,441.72,Bear Lake,Idaho Transportation Department / Idaho State Historical Society,https://services1.arcgis.com/Qqv4dYPC8Vv8e3c3/arcgis/rest/services/HistoricalMarkerSigns_ViewLayer/FeatureServer/0,42.236009,-111.233131
ID-461,ID,Harriman Wildlife Refuge,Geology / natural history,active,official,"Lodgepole pine forests and open meadows provide many opportunities to enjoy wildlife here, and fly fishing still is allowed in this region of scenic beauty. Moose, deer, and elk find plenty of food and shelter, while eagles, hawks, and owls thrive in open hunting grounds. Access is through Harriman State Park.",US-20 (Last Chance Fisherman Access),382.2,Fremont,Idaho Transportation Department / Idaho State Historical Society,https://services1.arcgis.com/Qqv4dYPC8Vv8e3c3/arcgis/rest/services/HistoricalMarkerSigns_ViewLayer/FeatureServer/0,44.355454,-111.414781
ID-462,ID,Harriman State Park,Geology / natural history,active,official,"Railroad magnate and diplomat W. Averell Harriman and his brother Roland donated the ranch to Idaho in 1977, thus preserving the area's remarkable wildlife and prompting development of a professionally managed state parks system.",US-20,377.98,Fremont,Idaho Transportation Department / Idaho State Historical Society,https://services1.arcgis.com/Qqv4dYPC8Vv8e3c3/arcgis/rest/services/HistoricalMarkerSigns_ViewLayer/FeatureServer/0,44.308568,-111.455184
ID-466,ID,Gold Rush Ferry,Mining / industry,active,official,"You still can follow their spectacular route to Weippe Prairie, where in 1805 Lewis and Clark met a Nez Perce band that helped save their expedition. Continuing on, you can reach Idaho's oldest public building - Pierce Courthouse, built in 1862. Take State Highway 11.",US-12,52.44,Lewis,Idaho Transportation Department / Idaho State Historical Society,https://services1.arcgis.com/Qqv4dYPC8Vv8e3c3/arcgis/rest/services/HistoricalMarkerSigns_ViewLayer/FeatureServer/0,46.379706,-116.177693
ID-468,ID,Logging Railroads,Railroad,removed,official,"A network of Pacific Northwest logging railroads hauled timber from rough mountain country to local sawmills for several decades prior to 1940. Owned by timber companies, these lines used small, powerful locomotives that could climb 10% grades and negotiate very sharp curves. An Ohio Match Company engine that used to operate near here is now included in a Potlatch Company display in Lewiston.",,,Kootenai,Idaho Transportation Department / Idaho State Historical Society,https://services1.arcgis.com/Qqv4dYPC8Vv8e3c3/arcgis/rest/services/HistoricalMarkerSigns_ViewLayer/FeatureServer/0,47.888303,-116.722893
ID-483,ID,New Plymouth,Pioneer / settlement,active,official,"Organizers and settlers came from: Cleveland, Boston, and Chicago to try out their plan for locating all their farmhouses in a central town. New Plymouth streets and parks still reflect that plan, but small, adjacent farms here have grown into a much larger irrigated tract.",US-30,26.53,Payette,Idaho Transportation Department / Idaho State Historical Society,https://services1.arcgis.com/Qqv4dYPC8Vv8e3c3/arcgis/rest/services/HistoricalMarkerSigns_ViewLayer/FeatureServer/0,43.970087,-116.819215
ID-484,ID,Galena,Mining / industry,active,official,"Successful prospectors discovered valuable lodes from here to Bellevue. Galena had a hotel, four general stores, a livery stable, several saloons and dining halls, a shoe store, and daily stage service to Hailey. After a ruinous decline in silver prices in 1888, its mines were shut down. But Galena continued as a recreation center.",SH-75,151.74,Blaine,Idaho Transportation Department / Idaho State Historical Society,https://services1.arcgis.com/Qqv4dYPC8Vv8e3c3/arcgis/rest/services/HistoricalMarkerSigns_ViewLayer/FeatureServer/0,43.870861,-114.654525
ID-486,ID,Lenore Tram,Railroad,active,official,"Previously, grain wagons descended a long steep hill from the prairie. Gravity moved full tram buckets down, sending empty buckets back up the cable loop. By 1903, the completed system carried up to 100,000 bushels of grain each year. In 1937 a fire destroyed the entire system.",US-12,28.24,Nez Perce,Idaho Transportation Department / Idaho State Historical Society,https://services1.arcgis.com/Qqv4dYPC8Vv8e3c3/arcgis/rest/services/HistoricalMarkerSigns_ViewLayer/FeatureServer/0,46.506391,-116.552804
ID-487,ID,"11,000 Years of Indian Occupation",Native American,active,official,"Archaeological excavation along Monroe Creek in conjunction with US-95 realignment yielded one of the most significant prehistoric sites in the region. Spear and arrow points and radiocarbon dates suggest the site was occupied for 11,000 years. Inhabitants hunted deer, mountain goat, and rabbit and gathered salmon, roots, berries, and seeds. Artifacts were found 10 feet below the ground surface.",US-95,82.38,Washington,Idaho Transportation Department / Idaho State Historical Society,https://services1.arcgis.com/Qqv4dYPC8Vv8e3c3/arcgis/rest/services/HistoricalMarkerSigns_ViewLayer/FeatureServer/0,44.254489,-116.957736
ID-488,ID,Lewis and Clark,Lewis & Clark,active,official,"The men crossed the Camas Prairie near here on their way to rejoin the Corps of Discovery, waiting in Camp Chopunnish for mountain snows to recede before attempting to cross the Bitterroots. At about noon on June 2, the small group arrived with seventeen salmon and some roots they had purchased. Most of the fish were spoiled, but Lewis described those that were sound as ""extremely delicious.""",US-95,252.88,Idaho,Idaho Transportation Department / Idaho State Historical Society,https://services1.arcgis.com/Qqv4dYPC8Vv8e3c3/arcgis/rest/services/HistoricalMarkerSigns_ViewLayer/FeatureServer/0,46.026564,-116.327639
ID-489,ID,Lewis and Clark,Lewis & Clark,active,official,"Guided by Nez Perce Indians, the men crossed the Camas Prairie near here. On May 29, at a Salmon River Indian village, Frazer traded an ""old razer"" to an Indian woman for two Spanish mill dollars. They reached the Snake River after descending ""the worst hills we ever saw a road made down."" They were welcomed by Nez Perce and purchased a number of salmon.",US-95,268.62,Lewis,Idaho Transportation Department / Idaho State Historical Society,https://services1.arcgis.com/Qqv4dYPC8Vv8e3c3/arcgis/rest/services/HistoricalMarkerSigns_ViewLayer/FeatureServer/0,46.200723,-116.415243
ID-500,ID,Nez Perce War - Foster's Gravesite,Native American,active,official,"On July 3, 1877, 2nd Lt. Sevier M. Rains, civilian scout William Foster, and ten 1st cavalerymen rode from Norton's ranch (Cottonwood) in search of Nez Perce. Six miles northwest of here warriors attacked and killed the detachment. Foster's grave is three miles west on Cottonwood Butte road. The soldiers' remains were reinterred at Fort Walla Walla.",US-95,252.88,Idaho,Idaho Transportation Department / Idaho State Historical Society,https://services1.arcgis.com/Qqv4dYPC8Vv8e3c3/arcgis/rest/services/HistoricalMarkerSigns_ViewLayer/FeatureServer/0,46.026624,-116.32767
ID-160,ID,David Thompson,Pioneer / settlement,removed,official,"On May 8 somewhere near here, Thompson's famished party, all sick from eating a ""much tainted"" antelope, met ten lodges of Indians who could give them only a ""few dried Carp (of last year's catch!) and some Moss bread... but acceptable to the hungry."" Leaving here, he found the route which U.S. 95 follows north. Next year, he returned to establish Idaho's initial fur trading post on Lake Pend d'Oreille.",US-95,503.69,Boundary,Idaho Transportation Department / Idaho State Historical Society,https://services1.arcgis.com/Qqv4dYPC8Vv8e3c3/arcgis/rest/services/HistoricalMarkerSigns_ViewLayer/FeatureServer/0,48.652723,-116.345352
ID-287-561,ID,Lava Formations,Geology / natural history,active,official,"Continued pressure from below has made great cracks in the contorted surface. This lava solidified only a few thousand years ago, and not very much soil covers it yet. But vegetation is getting a start and unless new flows intervene, windblown soils will cover these rock layers. Then the surface here will look the same as the surrounding plains, which also are layers of lava and windblown soils.",I-15 (N Blackfoot Rest Area SB),101.3,Bingham,Idaho Transportation Department / Idaho State Historical Society,https://services1.arcgis.com/Qqv4dYPC8Vv8e3c3/arcgis/rest/services/HistoricalMarkerSigns_ViewLayer/FeatureServer/0,43.305518,-112.269826
ID-346,ID,Pierce Courthouse,Pioneer / settlement,active,official,"Although Pierce gained a large population for a year after gold was discovered here in 1860, most miners soon moved on to other camps. By 1880, Shoshone County had only 469 people left, of whom 296 were Chinese. When a new gold rush 80 miles farther north led to removal of county government to Murray in 1885, Pierce's courthouse became a private home. Eventually preserved by Mrs. Henry Spencer Lawson, it now is a component of Nez Perce National Historical Park.",SH-11,29.65,Clearwater,Idaho Transportation Department / Idaho State Historical Society,https://services1.arcgis.com/Qqv4dYPC8Vv8e3c3/arcgis/rest/services/HistoricalMarkerSigns_ViewLayer/FeatureServer/0,46.492327,-115.799675
ID-491,ID,Kootenai Tribe of Idaho,Native American,removed,official,"A unique culture, the Kootenais are known for their distinctive sturgeon-nose canoe and their linguistically isolated language. After refusing to leave their aboriginal lands for a reservation, individual Kootenai Indians obtained allotments in the Bonners Ferry area. Many years of hardships resulted in a Declaration of War on the United States in 1974 to obtain a land base for the Kootenai Tribe of Idaho. Efforts to broaden that base continue.",US-2,507.8,Boundary,Idaho Transportation Department / Idaho State Historical Society,https://services1.arcgis.com/Qqv4dYPC8Vv8e3c3/arcgis/rest/services/HistoricalMarkerSigns_ViewLayer/FeatureServer/0,48.701404,-116.314707
ID-331-564,ID,Craigmont,Railroad,active,official,"Vollmer began as a rail and business center on the east, and Ilo (an older town a mile away) moved to an adjacent site on the west. Each had separate schools, churches, stores, newspapers, banks, and other businesses. After 12 years of sharp competition, they finally merged into a united community in 1920.","US-95 (Railroad St, Craigmont)",272.55,Lewis,Idaho Transportation Department / Idaho State Historical Society,https://services1.arcgis.com/Qqv4dYPC8Vv8e3c3/arcgis/rest/services/HistoricalMarkerSigns_ViewLayer/FeatureServer/0,46.24026,-116.470995
ID-441,ID,Harpster,Mining / industry,active,official,"William Jackson built a toll bridge here across the South Fork of the Clearwater River to meet the needs of travelers and packers. The area was known previously as Brownsville, Riverside, and Bridgeport. In 1895 the town was named Harpster in honor of early settler Abraham Harpster. An expected railroad never reached here, but while they were active, local mines helped the area grow.",SH-13,13.28,Idaho,Idaho Transportation Department / Idaho State Historical Society,https://services1.arcgis.com/Qqv4dYPC8Vv8e3c3/arcgis/rest/services/HistoricalMarkerSigns_ViewLayer/FeatureServer/0,45.986914,-115.963386
ID-485,ID,Elk City Wagon Road,Transportation,active,official,"Sections of the steep, narrow road run close to a much older Nez Perce trail that led to Montana's buffalo country and the Snake River Plain. Nez Perce travelers have utilized the route since obtaining horses, which made long distance hunting and other excursions possible. Missionary Samuel Parker was guided over portions of the route in 1835 by the Nez Perce.",SH-13,13.28,Idaho,Idaho Transportation Department / Idaho State Historical Society,https://services1.arcgis.com/Qqv4dYPC8Vv8e3c3/arcgis/rest/services/HistoricalMarkerSigns_ViewLayer/FeatureServer/0,45.986886,-115.963404
ID-490,ID,Albion State Normal School,Education,active,official,"Residents of Albion erected and furnished a two-story stone building on five acres of donated land, and the very successful teacher-training school opened on September 11, 1894. They soon donated additional land and more buildings were erected. In 1947 the institution became known as Southern Idaho College of Education. It closed in 1951. Magic Valley Christian College occupied the campus between 1958 and 1969. The original building now houses a museum.",SH-77,18.68,Cassia,Idaho Transportation Department / Idaho State Historical Society,https://services1.arcgis.com/Qqv4dYPC8Vv8e3c3/arcgis/rest/services/HistoricalMarkerSigns_ViewLayer/FeatureServer/0,42.413176,-113.582751
ID-493,ID,The Utter Disaster,Oregon / California Trail,active,official,"The assault on the wagon train of forty-four emigrants led by Elijah P. Utter just north of here resulted in the deaths of six men, two women, and three children. Indian casulaties were estimated at between 25 and 30. Survivors followed the Snake River to near the mouth of the Owyhee River. When rescued by the Army 45 days later, only fifteen had survived the ordeal of hunger and deprivation. No other Oregon Trail wagon train suffered greater losses.",SH-78,47.76,Owyhee,Idaho Transportation Department / Idaho State Historical Society,https://services1.arcgis.com/Qqv4dYPC8Vv8e3c3/arcgis/rest/services/HistoricalMarkerSigns_ViewLayer/FeatureServer/0,43.054352,-116.301052
ID-494,ID,Lewiston's Chinese Community,Pioneer / settlement,active,official,"By 1870 approximately 1500 Chinese lived here. They worked as merchants, laborers, laundrymen, and vegetable farmers. Exhausted gold fields, restrictive immigration laws, and an aging male population reduced their numbers to around 100 in the early 1900s. Their descendants continue to be important contributors to the community.",US-12,0.27,Nez Perce,Idaho Transportation Department / Idaho State Historical Society,https://services1.arcgis.com/Qqv4dYPC8Vv8e3c3/arcgis/rest/services/HistoricalMarkerSigns_ViewLayer/FeatureServer/0,46.422708,-117.032323
ID-495,ID,Tsceminicum,Geology / natural history,active,official,"Near a large island at the confluence, crystal waters from the Clearwater joined the murky flow of the Snake. Scattered willows grew along the broad river banks. Grass-covered, treeless hills defined the perimeter. Today, a dam to the west elevates the rivers forty feet above their natural beds.",US-12,0.27,Nez Perce,Idaho Transportation Department / Idaho State Historical Society,https://services1.arcgis.com/Qqv4dYPC8Vv8e3c3/arcgis/rest/services/HistoricalMarkerSigns_ViewLayer/FeatureServer/0,46.423109,-117.031886
ID-496,ID,Splash Dams,Engineering / technology,active,official,"In 1903, $100,000 was spent to dynamite open a clear channel in the river. Splash Dams were built to store logs. During the winter of 1903-04, logs were held in a 36-acre pond. In April, the logs were blasted loose when the main dam was opened. Less then half of the logs made it to the mills and four men lost their lives during the log drive. Later, the dams were utilized to float railroad ties. Timber interests were instrumental in the founding of Smiths Ferry and Long Valley.",SH-55,95.7,Valley,Idaho Transportation Department / Idaho State Historical Society,https://services1.arcgis.com/Qqv4dYPC8Vv8e3c3/arcgis/rest/services/HistoricalMarkerSigns_ViewLayer/FeatureServer/0,44.281214,-116.079511
ID-499,ID,First Public Building,Pioneer / settlement,active,official,"Originally known as Twin Creeks, Joseph C. Rich surveyed the site in 1871. In 1872, the new settlement was named Georgetown in honor of George Q. Cannon. The first public building, used as a church, school and community center, is situated 1 block south and 1/2 block west of here. In 1966, the building was given to the Daughters of Utah Pioneers and is now a pioneer Relic Hall.",US-30,423.3,Bear Lake,Idaho Transportation Department / Idaho State Historical Society,https://services1.arcgis.com/Qqv4dYPC8Vv8e3c3/arcgis/rest/services/HistoricalMarkerSigns_ViewLayer/FeatureServer/0,42.476156,-111.370331
ID-501,ID,18th St. Bridge,Engineering / technology,active,official,"Early efforts for a bridge were opposed by ferryboat owners, but other business leaders recognized the need for a link to northern communities. Spanning 780 feet, its steel girders and railing were painted green and red. The wooden deck was 19 feet wide to accommodate large wagons. Automobiles and heavy trucks soon challenged the design.",US-12 (Lewiston Levee Park),1.05,Nez Perce,Idaho Transportation Department / Idaho State Historical Society,https://services1.arcgis.com/Qqv4dYPC8Vv8e3c3/arcgis/rest/services/HistoricalMarkerSigns_ViewLayer/FeatureServer/0,46.424715,-117.025092
ID-502,ID,John Silcott,Pioneer / settlement,active,official,"Early in the 1860s, John Silcott ran a ferryboat across the Snake River at Lewiston. He soon put in a ferry across the Clearwater River and initiated operations on the Snake at Alpowa and on the Spokane River. His wife Jane was the daughter of Nez Perce leader Chief Timothy. A Silcott ferry tie post is still visible at the north end of 5th Street.",US-12 (Lewiston Levee Park),1.05,Nez Perce,Idaho Transportation Department / Idaho State Historical Society,https://services1.arcgis.com/Qqv4dYPC8Vv8e3c3/arcgis/rest/services/HistoricalMarkerSigns_ViewLayer/FeatureServer/0,46.424717,-117.025155
ID-503,ID,Chief Pocatello,Native American,active,official,"Born after 1810, Pocatello claimed this area and surrounding territories as his homeland. He soon watched his people endure brutality, disease and starvation. For retaliating, he was nearly hanged until President Lincoln intervened. After 1875, he lived a reservation life until his death around 1884. He was buried in a bottomless spring with 18 horses.",I-15B Pocatello (Rose Garden Park),0.79,Bannock,Idaho Transportation Department / Idaho State Historical Society,https://services1.arcgis.com/Qqv4dYPC8Vv8e3c3/arcgis/rest/services/HistoricalMarkerSigns_ViewLayer/FeatureServer/0,42.846301,-112.420721
ID-505,ID,Company Town,Pioneer / settlement,active,official,"Spokane architect C. Ferris White designed the new community in 1905. Workers' housing stood close to the mill. Managers' homes were built away from the plant's noise and smoke. The railroad depot separated town from industry. All company owned. Potlatch was complete with churches, school, gym, hospital, opera house, and company store.",SH-6 (Scenic Six Park),1.55,Latah,Idaho Transportation Department / Idaho State Historical Society,https://services1.arcgis.com/Qqv4dYPC8Vv8e3c3/arcgis/rest/services/HistoricalMarkerSigns_ViewLayer/FeatureServer/0,46.925007,-116.902819
ID-504,ID,World's Largest Mill,Mining / industry,active,official,"Expanding operations to the West, Weyerhaeuser timber barons invested in Idaho's prime white pine stands. By 1920, their mill was cutting 175 million board feet each year. Logs and lumber were moved by the Washington, Idaho and Montana Railway through stations uniquely named for eastern colleges: Yale, Princeton, Harvard, Cornell, Purdue.",SH-6 (Scenic Six Park),1.55,Latah,Idaho Transportation Department / Idaho State Historical Society,https://services1.arcgis.com/Qqv4dYPC8Vv8e3c3/arcgis/rest/services/HistoricalMarkerSigns_ViewLayer/FeatureServer/0,46.925033,-116.902847
ID-506,ID,Camp Rupert 1943-1946,Military,active,official,"The Camp was built at an initial cost of $500,000 and maintained by nearly 1000 army personnel and civilians. Over 170 buildings were constructed on 300 acres including a field house, hospital, mess halls, barracks, chapel, commissaries, large warehouses and recreation centers. It also served as a base camp for 24 branch camps in Idaho, Oregon and Montana.",SH-25,40.9,Minidoka,Idaho Transportation Department / Idaho State Historical Society,https://services1.arcgis.com/Qqv4dYPC8Vv8e3c3/arcgis/rest/services/HistoricalMarkerSigns_ViewLayer/FeatureServer/0,42.605324,-113.883896
ID-507,ID,Idaho Hermits,Pioneer / settlement,active,official,"With colorful names like Buckskin Bill and Hank the Hermit, these men (and a few women) eked out lonely existences, many along the Salmon River. Dugout Dick built multiple dugout caves during his time on the Salmon and eventually died here at age 94. By the 1980s, Dick's dugouts had become a local landmark, easily visible across the Salmon River. After Dicks death, the BLM reclaimed the dugouts, citing safety concerns. A cabin built by Dick remains on the site, which includes interpretive signs. The site can accessed by crossing the one-lane bridge a short drive north of here by following the directional signage.",US-93,483.48,Lemhi,Idaho Transportation Department / Idaho State Historical Society,https://services1.arcgis.com/Qqv4dYPC8Vv8e3c3/arcgis/rest/services/HistoricalMarkerSigns_ViewLayer/FeatureServer/0,44.904315,-113.958668
ID-508,ID,Mount McCaleb,Pioneer / settlement,active,official,"In 1878, while helping to escort supply wagons and arms to Challis, McCaleb and 13 others were attacked by Indians near present-day Mackay. Creating a barricade of the wagons, the small group held off over 100 Indians in a two-day battle. In the end, Jesse McCaleb was the only casualty: the moutain bears his name in memorial.",US-93,109.17,Custer,Idaho Transportation Department / Idaho State Historical Society,https://services1.arcgis.com/Qqv4dYPC8Vv8e3c3/arcgis/rest/services/HistoricalMarkerSigns_ViewLayer/FeatureServer/0,43.915367,-113.613136
ID-509,ID,"Ghost Towns of Mackay, Idaho",Mining / industry,active,official,"After copper was discovered in the White Knob Mountains in 1879, Cliff City and White Knob sprang up to support the mines. The boomtowns were home to hundreds of miners, and boasted stores, saloons, a post office, school and theater. Both towns died out in the early 20th century, as Mackay became the regional mining center and the copper industry waned.",US-93,109.18,Custer,Idaho Transportation Department / Idaho State Historical Society,https://services1.arcgis.com/Qqv4dYPC8Vv8e3c3/arcgis/rest/services/HistoricalMarkerSigns_ViewLayer/FeatureServer/0,43.915261,-113.612984
ID-492,ID,Lewis and Clark,Lewis & Clark,active,official,"On May 9 the party arrived at the root-digging camp of Twisted Hair on the Nezperce Prairie. From there Pvt. Willard accompanied Twisted Hair and two of his young men to the Clearwater River to retrieve saddles, gunpowder, and horses left the previous October. On May 10, the Corps traveled southeast 16 miles across an open and snowy prairie, passing within a mile of Nezperce, before descending into Lawyer's Canyon en route to Chief Broken Arm's camp near Kamiah. St. Ordway and Privates Frazer and Weiser passed within a mile south of Nezperce on May 27 on their way to Salmon River to obtain fish.",SH-162,0.16,Lewis,Idaho Transportation Department / Idaho State Historical Society,https://services1.arcgis.com/Qqv4dYPC8Vv8e3c3/arcgis/rest/services/HistoricalMarkerSigns_ViewLayer/FeatureServer/0,46.2325,-116.24067
ID-1001,ID,The Big Blowup,,active,official,"Devastating fires swept through here in 1910, culminating in August’s Big Blowup. An area the size of Connecticut burned in two days, killing 72 Idaho firefighters. Forest ranger Edward Pulaski saved 40 men, sheltering in a tunnel west of here. He later invented the Pulaski, a tool firefighters still use.

America has had larger fires, but none as consequential. After 1910, the Forest Service determined to extinguish every wildfire, resulting in biomass buildup and ever-larger blazes. In the 1970s, that policy changed, allowing some wildfires to burn.",I-90,71.4,Shoshone,Idaho Transportation Department / Idaho State Historical Society,https://services1.arcgis.com/Qqv4dYPC8Vv8e3c3/arcgis/rest/services/HistoricalMarkerSigns_ViewLayer/FeatureServer/0,47.460509,-115.735781
ID-1002,ID,Bayview Limekilns,,active,official,"Prospectors staked the lake’s first limestone claims in 1881. In 1904, the Washington Brick and Lime Company constructed four kilns near Bayview, the largest such operation in Idaho. Workers alternated layers of wood and limestone, then fired the kilns. The extremely high heat reduced limestone to lime. Railroads then carried the lime to Spokane. 

The 1930s depression stifled the demand for lime, but Bayview’s kilns operated sporadically until 1941.",SH-54,14.76,Kootenai,Idaho Transportation Department / Idaho State Historical Society,https://services1.arcgis.com/Qqv4dYPC8Vv8e3c3/arcgis/rest/services/HistoricalMarkerSigns_ViewLayer/FeatureServer/0,47.972715,-116.567228
ID-1004,ID,Burke,,active,official,"Located in a narrow canyon, builders in Burke faced unique challenges. When S.S. Glidden built a hotel, he named it for his nearby Tiger-Poorman Mine. Confined by the steep topography, the Tiger Hotel had to span both railroad tracks and Canyon Creek.  Locals claimed it was the only such hotel in the world.

The hotel’s last owner razed it in 1954. The last Burke mine closed in 1991.",SH-4,7.07,Shoshone,Idaho Transportation Department / Idaho State Historical Society,https://services1.arcgis.com/Qqv4dYPC8Vv8e3c3/arcgis/rest/services/HistoricalMarkerSigns_ViewLayer/FeatureServer/0,47.518498,-115.825122
ID-1005,ID,Coeur d'Alene Lake,,active,official,"An ice dam at Lake Pend Oreille blocked the Clark Fork River, creating Lake Missoula, larger than the state of Delaware. It ruptured periodically, releasing torrents of water carrying boulders and gravel that sometimes formed smaller dams downstream, turning valleys into lakes. Here, the Coeur d’Alene and St. Joe Rivers flooded a former valley, creating Coeur d’Alene Lake. At 32,000 acres, with 109 miles of shoreline, many consider it one of the world’s most beautiful lakes.",SH-97,95.94,Kootenai,Idaho Transportation Department / Idaho State Historical Society,https://services1.arcgis.com/Qqv4dYPC8Vv8e3c3/arcgis/rest/services/HistoricalMarkerSigns_ViewLayer/FeatureServer/0,47.618284,-116.651838
ID-1006,ID,David Thompson (1770-1857),,active,official,"On May 8, 1808, Thompson’s famished party met ten lodges of Kootenai people near here. Short of food themselves, the Kootenai nonetheless offered fish and “moss bread,” made from tree lichens. Thompson termed the bread “slightly bitter…but acceptable to the hungry.” He called the place Camp Providence.

Thompson left on an established Indian trail, the same route US Highway 95 now follows. In 1809, he returned to Camp Providence. Kootenai people guided him to Lake Pend Oreille, where he established Idaho’s first fur-trading post.",US-95,503.69,Boundary,Idaho Transportation Department / Idaho State Historical Society,https://services1.arcgis.com/Qqv4dYPC8Vv8e3c3/arcgis/rest/services/HistoricalMarkerSigns_ViewLayer/FeatureServer/0,48.652723,-116.345352
ID-1007,ID,DeSmet (‘l’lkhwi’lus),,active,official,"Nineteenth century federal policy sought to assimilate Indians into white culture. Christian mission boarding schools like the one at DeSmet helped accomplish this, but at a cost. Children were separated from families and had to relinquish traditional clothing, religious practices, and native language. The original DeSmet mission and school buildings are gone. The Schitsu’umsh, a sovereign nation with an elected government, replaced the boarding school with a tribal school in the 1990s.",US-95,381.15,Benewah,Idaho Transportation Department / Idaho State Historical Society,https://services1.arcgis.com/Qqv4dYPC8Vv8e3c3/arcgis/rest/services/HistoricalMarkerSigns_ViewLayer/FeatureServer/0,47.149145,-116.910951
ID-1008,ID,Farragut,,active,official,"Built inland to protect against possible Japanese coastal invasions, it became Idaho’s largest community and America’s second-largest naval training center. Nearly 300,000 sailors prepared here. It also served briefly as a German prisoner of war camp, and from 1946-49, Farragut College and Technical Institute. In 1965, it became Farragut State Park. With 4,000 acres, it has hosted jamborees attracting thousands of Boy and Girl Scouts from around the world, as well as visitors who enjoy its stunning lakeshore setting.",SH-54,12.43,Kootenai,Idaho Transportation Department / Idaho State Historical Society,https://services1.arcgis.com/Qqv4dYPC8Vv8e3c3/arcgis/rest/services/HistoricalMarkerSigns_ViewLayer/FeatureServer/0,47.951281,-116.603183
ID-1009,ID,Mining Wars,,active,official,"After mine owners increased work hours and cut wages, a gunfight erupted between workers and company guards. Miners blew up the Frisco Mill near here. Five men died. Federal troops incarcerated miners. Grievances lingered. On April 29, 1899, miners hijacked a train. Loading it with dynamite here, they destroyed Wardner’s Bunker Hill mill. Two more died. Governor Frank Stuenenberg declared martial law. Federal troops again incarcerated miners. 

The conflict fostered formation of the Western Federation of Miners union, Idaho’s eight-hour workday, and former Governor Steunenberg’s 1905 assassination.",SH-4,5.13,Shoshone,Idaho Transportation Department / Idaho State Historical Society,https://services1.arcgis.com/Qqv4dYPC8Vv8e3c3/arcgis/rest/services/HistoricalMarkerSigns_ViewLayer/FeatureServer/0,47.512281,-115.859326
ID-1010,ID,25th Infantry Regiment,,active,official,"In Wallace, the 25th maintained order as flames descended on the town, then evacuated women and children on outbound trains. In Avery, the troops helped residents escape and lit backfires that saved the community. The regiment also built trails for fire crews and retrieved bodies from burned areas. “The soldiers of the 25th Infantry have done heroic service and saved many lives and much property,” reported the Seattle Times.",I-90,71.4,Shoshone,Idaho Transportation Department / Idaho State Historical Society,https://services1.arcgis.com/Qqv4dYPC8Vv8e3c3/arcgis/rest/services/HistoricalMarkerSigns_ViewLayer/FeatureServer/0,47.460474,-115.735659
ID-1011,ID,John Mullan (1830-1909) (After the Road),,active,official,"After roadbuilding, Mullan’s life proved less gratifying. In 1863, he resigned from the Army and attempted unsuccessfully to gain President Lincoln’s appointment as Idaho’s first territorial governor. He then failed as a Walla Walla businessman and as partner in a Boise-to-California stage line. He finally found success as a California lawyer, but eventually lost his fortune. He died penniless in 1909, the year automobiles first traveled his road.",SH-5,17.87,Benewah,Idaho Transportation Department / Idaho State Historical Society,https://services1.arcgis.com/Qqv4dYPC8Vv8e3c3/arcgis/rest/services/HistoricalMarkerSigns_ViewLayer/FeatureServer/0,47.31829,-116.58715
ID-1012,ID,Bunker Hill Mine,,active,official,"Bunker Hill produced more than 30 million tons of lead, silver, and zinc, built the world’s largest smelter, and employed thousands. The smelter also released sulfur and lead dioxides into the air, while Bunker Hill and other mines discharged wastes into streams. In 1983, the Environmental Protection Agency began supervising the cleanup around Bunker Hill, with mining companies adapting to new environmental regulations.",I-90 (Near Exit 49),49.71,Shoshone,Idaho Transportation Department / Idaho State Historical Society,https://services1.arcgis.com/Qqv4dYPC8Vv8e3c3/arcgis/rest/services/HistoricalMarkerSigns_ViewLayer/FeatureServer/0,47.546121,-116.131908
ID-1013,ID,Kootenai Tribe of Idaho,,active,official,"An ancient and unique culture, the Kootenai speak a language unlike any other in the world and are known for their sturgeon-nose canoes and flat bows made of yew. Despite several attempts at removal, the Kootenai Tribe of Idaho refused to leave their homes near Bonners Ferry and move to a reservation, resulting in years of hardship. In 1974, the population of the Kootenai Tribe of Idaho was 67 people. In desperation, they declared war against the United States and successfully secured a land base and federal recognition.",US-2,507.8,Boundary,Idaho Transportation Department / Idaho State Historical Society,https://services1.arcgis.com/Qqv4dYPC8Vv8e3c3/arcgis/rest/services/HistoricalMarkerSigns_ViewLayer/FeatureServer/0,48.701404,-116.314707
ID-1014,ID,Kullyspel House,,active,official,"Located 2 ½ miles from here, Kullyspel House (Thompson’s spelling for Kalispel) was the first structure built by non-Indians in Idaho. A geographer and surveyor of rare skill, Thompson explored and documented vast regions for the North West Company of Montreal. Reaching south from present-day British Columbia, he extended his company’s trade influence to north Idaho. Thompson first mapped the route that Idaho Highway 200 now follows. The North West Company abandoned Kullyspel House in 1811.",SH-200,48.07,Bonner,Idaho Transportation Department / Idaho State Historical Society,https://services1.arcgis.com/Qqv4dYPC8Vv8e3c3/arcgis/rest/services/HistoricalMarkerSigns_ViewLayer/FeatureServer/0,48.220385,-116.266882
ID-1015,ID,McCroskey State Park,,active,official,"A local pharmacist and conservationist, McCroskey often hiked these woods. In the 1930s, he began purchasing property to prevent logging. He stitched together a narrow strip of land and constructed a road he called Skyline Drive, with expansive views of farms and mountains. Twice he offered it to Idaho as a park. The legislature declined. In 1955, the state finally accepted his 4,400-acre donation, provided he maintain it for 15 years. McCroskey did, even purchasing additional park property. He died in 1970 at age 93. Mary Minerva McCroskey State Park honors his mother.",US-95,371.76,Benewah,Idaho Transportation Department / Idaho State Historical Society,https://services1.arcgis.com/Qqv4dYPC8Vv8e3c3/arcgis/rest/services/HistoricalMarkerSigns_ViewLayer/FeatureServer/0,47.056006,-116.86135
ID-1016,ID,Lake Steamers,,active,official,"It began in 1880, when the Army launched the Amelia Wheaton to carry supplies for Fort Coeur d’Alene (later named Fort Sherman). Many other steamers followed, hauling freight, towing logs, and carrying passengers. Docks lined the City of Coeur d’Alene’s lakefront. 

In 1927, officials burned the Georgie Oakes, “Queen of the Lake,” as part of Coeur d’Alene’s July 4th celebration. Although a few steamers operated into the 1940s, Coeur d’Alene’s steamboat era had reached its turning point.",E Coeur D'Alene Lake Dr (S of Coeur D'Alene),,Kootenai,Idaho Transportation Department / Idaho State Historical Society,https://services1.arcgis.com/Qqv4dYPC8Vv8e3c3/arcgis/rest/services/HistoricalMarkerSigns_ViewLayer/FeatureServer/0,47.647994,-116.735811
ID-1017,ID,Schitsu'umsh,,active,official,"French fur traders called them “Coeur d’Alene,” meaning “heart of the awl,” for their shrewd bartering skills—a name the Tribe also proudly recognizes. That keen business sense has carried on to the present. The Tribe is one of the region’s largest employers, involved in gaming, recreation, agriculture, and technology. 

The Schitsu’umsh of today are the sum of untold generations that have lived in this land of abundant beauty, rich in resources. They are who they always were and who they will always be.",I-90,72.65,Shoshone,Idaho Transportation Department / Idaho State Historical Society,https://services1.arcgis.com/Qqv4dYPC8Vv8e3c3/arcgis/rest/services/HistoricalMarkerSigns_ViewLayer/FeatureServer/0,47.462592,-115.710547
ID-1018,ID,Long Bridges,,active,official,"In 1910, contractors sank 1,540 pilings to support a two-mile-long wagon bridge. Locals claimed it the longest wooden bridge in the world. A new automobile bridge replaced the wagon structure in the 1930s, and in the 1950s a concrete and steel span connected the two towns. That bridge remains, a popular walking and biking path that parallels the latest Long Bridge, completed in 1981.",On pedestrian underpass path (US-95),473.95,Bonner,Idaho Transportation Department / Idaho State Historical Society,https://services1.arcgis.com/Qqv4dYPC8Vv8e3c3/arcgis/rest/services/HistoricalMarkerSigns_ViewLayer/FeatureServer/0,48.271682,-116.544124
ID-1019,ID,Dawes Act,,active,official,"Schitsu’umsh in the DeSmet area grew wheat, potatoes, oats, and hay—among the most successful Northwest Indian farmers. The Dawes Act, which sought to encourage farming by allotting land to individual tribal members, actually failed the Schitsu’umsh. 

Implementation began here in 1909. Federal agents assigned 160 acres to tribal members, shrinking many Schitsu’umsh farms to economically inviable sizes. Non-Indians purchased the “surplus” property. Schitsu’umsh lost thousands of acres. The Tribe now works now to buy back lost lands.",US-95,381.15,Benewah,Idaho Transportation Department / Idaho State Historical Society,https://services1.arcgis.com/Qqv4dYPC8Vv8e3c3/arcgis/rest/services/HistoricalMarkerSigns_ViewLayer/FeatureServer/0,47.149101,-116.910917
ID-1020,ID,Mullan Road,,active,official,"From 1858-62, John Mullan's Army road crew built the Northwest's first engineered highway, connecting Fort Benton with Fort Walla Walla, 625 miles long. Idaho’s portion of Interstate 90—the “Captain John Mullan Highway”—roughly follows that road. Mullan's crew spent Independence Day 1861 here, giving Fourth of July Summit its name. They carved that date into a white pine. The famed Mullan Tree became a popular tourist stop before foresters removed the diseased tree in 1988.","I-90 (E Alder Creek Rd, Near Exit 28)",28,Kootenai,Idaho Transportation Department / Idaho State Historical Society,https://services1.arcgis.com/Qqv4dYPC8Vv8e3c3/arcgis/rest/services/HistoricalMarkerSigns_ViewLayer/FeatureServer/0,47.621135,-116.519751
ID-1021,ID,Land of the Schitsu'umsh (Schitsu'umshu'lmkhw),,active,official,"Schitsu’umshu’lmkhw spanned from eastern Washington, across Idaho’s panhandle, to western Montana. In 1873, President Ulysses Grant created the Coeur d’Alene Reservation. Smaller than the Tribe’s ancestral lands, it was still huge. The discovery of gold in the Silver Valley brought widespread trespassing onto the reservation. In the 1880s, Congress opened hundreds of square miles of formerly reserved lands to white settlement, shrinking the reservation to its current size.

Schitsu’umsh still hunt the forests, travel the rivers, and camp on land that has been theirs since time immemorial.",I-90,72.65,Shoshone,Idaho Transportation Department / Idaho State Historical Society,https://services1.arcgis.com/Qqv4dYPC8Vv8e3c3/arcgis/rest/services/HistoricalMarkerSigns_ViewLayer/FeatureServer/0,47.462573,-115.710591
ID-1022,ID,Old Mission of the Sacred Heart (sq’wt’u),,active,official,"Schitsu’umsh (Coeur d’Alene) tribal members undertook most of the construction for this Jesuit mission church. They quarried local fieldstone for the foundation, felled trees for beams and posts, and, using traditional techniques, wove grass through willow saplings for the walls. The site also included a barn, stable, flourmill, houses, and shops. Schitsu’umsh lodges stood near the river. 

President Ulysses Grant created the Schitsu’umsh reservation in 1873. Its boundaries excluded the mission, so Schitsu’umsh and Jesuits moved south to DeSmet. In 2001, the Boise Diocese deeded the mission to the Schitsu’umsh.","I-90 (Old Mission State Park, Near Exit 39)",38.8,Kootenai,Idaho Transportation Department / Idaho State Historical Society,https://services1.arcgis.com/Qqv4dYPC8Vv8e3c3/arcgis/rest/services/HistoricalMarkerSigns_ViewLayer/FeatureServer/0,47.551144,-116.358145
ID-1023,ID,Pen d'Oreille City,,active,official,"The Oregon Steam Navigation Company (OSN) launched the steamboat Mary Moody, providing an alternative to the difficult land route to mines in Canada and Montana. Operating from Pen d’Oreille City, the boat shortened miners’ trips by a couple days. At its peak, the “city” had 25 residents, a store, and a saloon. Soon, the population shrank to one boat tender. When OSN dismantled the Mary Moody in 1876, Pen d’Oreille City disappeared altogether.",SH-54,8.47,Kootenai,Idaho Transportation Department / Idaho State Historical Society,https://services1.arcgis.com/Qqv4dYPC8Vv8e3c3/arcgis/rest/services/HistoricalMarkerSigns_ViewLayer/FeatureServer/0,47.947639,-116.686276
ID-1024,ID,Rathdrum Prairie,,active,official,"Some 15,000 years ago, a lobe of the Cordilleran ice sheet crept south from Canada to Sandpoint. The ice formed a dam creating glacial Lake Missoula, containing as much water as Lakes Erie and Ontario combined. As the climate warmed, the dam failed multiple times, repeatedly emptying the lake. Torrents of water rushed through here. The Missoula Floods shaped much of the Northwest.

Following those deluges, this lowland became a natural transportation corridor. People traveled along the valley at least 10,000 years ago. Today, highways run through it.",SH-53,0.45,Kootenai,Idaho Transportation Department / Idaho State Historical Society,https://services1.arcgis.com/Qqv4dYPC8Vv8e3c3/arcgis/rest/services/HistoricalMarkerSigns_ViewLayer/FeatureServer/0,47.739263,-117.033437
ID-1025,ID,Saint Joseph Mission (St'uts'te'wes),,active,official,"In 1842, Jesuits established Idaho’s first Catholic mission here. To encourage Schitsu’umsh to farm, the Jesuits prohibited fish trapping. Ignoring Schitsu’umsh advice, the Jesuits constructed a small church and other buildings near the river. As tribal members had predicted, spring floods ravaged the structures and destroyed much of the farmland. After subsisting a winter on barley soup, the Jesuits relented, collaborating with Schitsu’umsh to build a new fish trap utilizing construction methods from both cultures. 

In 1846, Jesuits left this challenging location and established a new mission at today’s Cataldo.",SH-3,92.61,Benewah,Idaho Transportation Department / Idaho State Historical Society,https://services1.arcgis.com/Qqv4dYPC8Vv8e3c3/arcgis/rest/services/HistoricalMarkerSigns_ViewLayer/FeatureServer/0,47.366751,-116.680427
ID-1027,ID,Submerged Valley,,active,official,"North of here near Sandpoint, the Cordilleran ice sheet blocked valleys and formed large ice-dammed lakes. Repeated failures of the dams drained the lakes. Waters rushed across the outlet of this valley, beyond modern Coeur d’Alene. Sand and gravel deposited there raised the level of the land and blocked the old river channel. This backed up the river, submerged the valley before you, and produced one of Idaho’s lovely landscapes.",SH-97,67.36,Kootenai,Idaho Transportation Department / Idaho State Historical Society,https://services1.arcgis.com/Qqv4dYPC8Vv8e3c3/arcgis/rest/services/HistoricalMarkerSigns_ViewLayer/FeatureServer/0,47.447966,-116.775337
ID-1026,ID,Seneacquoteen,,active,official,"In 1811, Canadian fur trader David Thompson crossed ntxwe  here, and in 1860-61, international boundary survey teams established base camps on the river’s banks. Gold rushes in Montana and Canada later brought thousands of miners. Starting in 1864, a ferry provided transport. By then, Seneacquoteen had a couple saloons and stores. For a time, it was the seat of Kootenai County government. When the Northern Pacific Railroad bypassed Seneacquoteen, its brief boom faded, but the ferry operated until 1957.",Parking area at end of Laclede Ferry Rd (off SH-2),14.55,Bonner,Idaho Transportation Department / Idaho State Historical Society,https://services1.arcgis.com/Qqv4dYPC8Vv8e3c3/arcgis/rest/services/HistoricalMarkerSigns_ViewLayer/FeatureServer/0,48.161628,-116.75399
ID-1028,ID,Sunshine Mine Disaster,,active,official,"On May 2, fire broke out a half mile underground at the nearby Sunshine Mine. Heat, smoke, and gas spread quickly through the intricate system of underground workings. Of the 173 workers who entered the mine that day, 91 died—all from carbon monoxide poisoning.

This Idaho tragedy helped transform the nation’s mining industry, prompting passage of the federal Mine Safety and Health Act of 1977. The act brought stricter safety regulations—including rescue training and evacuation drills—that continue to govern hard-rock mining.",I-90 (Near Exit 54),54.2,Shoshone,Idaho Transportation Department / Idaho State Historical Society,https://services1.arcgis.com/Qqv4dYPC8Vv8e3c3/arcgis/rest/services/HistoricalMarkerSigns_ViewLayer/FeatureServer/0,47.527797,-116.04766
ID-1029,ID,Mullan Road,,active,official,"In an Army display of power, Colonel Edward Steptoe marched 158 troops out of Fort Walla Walla. Schitsu’umsh and other warriors routed him at today’s Rosalia, Washington. Later, Colonel George Wright brutally avenged Steptoe’s defeat and forced tribes to accept road construction. 

Mullan initially built his road nearby in 1859. After it flooded, he charted a different route northwest of here. Completed in 1862, Mullan’s road connected the Missouri and Columbia Rivers. It brought settlers to the Northwest while transforming tribal lifeways.",US-3,95.83,Kootenai,Idaho Transportation Department / Idaho State Historical Society,https://services1.arcgis.com/Qqv4dYPC8Vv8e3c3/arcgis/rest/services/HistoricalMarkerSigns_ViewLayer/FeatureServer/0,47.39939,-116.661426
ID-1030,ID,Treaty Rock (q’emiln),,active,official,"Despite popular legend, Post and Seltice never signed a treaty here. Some of the markings on nearby Treaty Rock might pre-date 1871; others probably came later to commemorate the negotiations. But undisputed is the enduring legacy of Post and the Seltice family. The waterfall Post acquired powered his sawmill—this region’s first. He also platted this town bearing his name. Numerous place names in Washington, Idaho, and Montana—Seltice or Saltese—bear witness to that family’s significance.","N Compton, Post Falls (Treaty Rock Park, off I-90)",4.62,Kootenai,Idaho Transportation Department / Idaho State Historical Society,https://services1.arcgis.com/Qqv4dYPC8Vv8e3c3/arcgis/rest/services/HistoricalMarkerSigns_ViewLayer/FeatureServer/0,47.714361,-116.951352
ID-1031,ID,Wallace,,active,official,"Wallace has retained a large number of historic buildings reflecting its mining past. As engineers designed the Interstate 90 expansion, the original plan took the highway through town, requiring the removal of much of the pristine architecture. The community successfully argued for an alternative. In 1991, Wallace ceremonially retired the last stoplight on the 3,000-mile Interstate 90—as the new freeway bypassed the town.",I-90B (Near Exit 61),61,Shoshone,Idaho Transportation Department / Idaho State Historical Society,https://services1.arcgis.com/Qqv4dYPC8Vv8e3c3/arcgis/rest/services/HistoricalMarkerSigns_ViewLayer/FeatureServer/0,47.477252,-115.933448
ID-1032,ID,Bonners Ferry,,active,official,"In 1864, British Columbia’s Kootenay gold rush drew miners to Canada. Steamboats began working the river in the 1880s; railroads arrived in the 1890s. Area forests attracted lumber companies, and the fertile river valley brought farmers. Bonners Ferry—then in Bonner County—became a commercial hub. 

In 1915, Idaho’s legislature carved Boundary County out of Bonner County. Ironically, the county named for Ed Bonner’s ferry now lies south of here, and Bonners Ferry is the governmental seat of Boundary County.",US-2,503.7,Boundary,Idaho Transportation Department / Idaho State Historical Society,https://services1.arcgis.com/Qqv4dYPC8Vv8e3c3/arcgis/rest/services/HistoricalMarkerSigns_ViewLayer/FeatureServer/0,48.652755,-116.345334
ID-1033,ID,Willow Creek Slide,,active,official,"The engine plunged 80 feet, sinking into 30 feet of snow. A passenger car dangled precariously over the open gap. The caboose tumbled into a deep snowbank. Though it took 11 hours to free injured workers, everyone aboard the train miraculously survived the terror-stricken trip. A new, less hazardous grade replaced the demolished trestle.",I-90,71.4,Shoshone,Idaho Transportation Department / Idaho State Historical Society,https://services1.arcgis.com/Qqv4dYPC8Vv8e3c3/arcgis/rest/services/HistoricalMarkerSigns_ViewLayer/FeatureServer/0,47.460491,-115.735717
ID-1034,ID,Chinese Railroad Workers,,active,official,"In 1881-82, nearly 6,000 workers laid Northern Pacific Railroad track along northern Lake Pend Oreille, the most difficult and costly construction on the entire route. They worked here in winter, removing up to seven feet of snow just to reach ground level. 

Chinese immigrants accounted for two-thirds of the labor force. They lived and worked separately from others, often undertaking the most arduous and dangerous tasks. Following construction, some Chinese remained as section crews. The nearby town of Hope had a Chinese community well into the 20th century.",SH-200,44.3,Bonner,Idaho Transportation Department / Idaho State Historical Society,https://services1.arcgis.com/Qqv4dYPC8Vv8e3c3/arcgis/rest/services/HistoricalMarkerSigns_ViewLayer/FeatureServer/0,48.25692,-116.324866
ID-1035,ID,Mary Allen Wright (1868-1948),,active,official,"Wright, an ardent suffragist, moved from Washington to Rathdrum in 1890. In 1898, Idahoans elected three women legislators, a Republican, a Democrat, and Populist Mary Wright. She chaired the Populist Caucus, the first woman nationally to lead a state legislative party. 

Wright served one term, divorced, and moved to Bonners Ferry in 1912, where she managed Wright’s Loan and Investment Company. One of America’s trailblazing women politicians, she died here in 1948.",US-95,503.7,Boundary,Idaho Transportation Department / Idaho State Historical Society,https://services1.arcgis.com/Qqv4dYPC8Vv8e3c3/arcgis/rest/services/HistoricalMarkerSigns_ViewLayer/FeatureServer/0,48.652788,-116.345314
ID-1036,ID,Gladys Buroker (1914-2002),,active,official,"During the war, Gladys and husband Herb operated from Coeur d’Alene’s Weeks Field. Gladys trained military pilots; Herb maintained the planes. In the 1970s, the Burokers, along with partner Clay Henley, opened Henley Aerodrome near Athol. Gladys gave flying lessons and entertained visitors with hot-air balloon rides. Gary Norton purchased the Aerodrome in 1981. It gradually evolved into Silverwood Theme Park. Gladys stayed on, managing the airfield for Silverwood’s acclaimed air shows. She retired in 1990 but continued flying well into her 80s.",SH-54,8.47,Kootenai,Idaho Transportation Department / Idaho State Historical Society,https://services1.arcgis.com/Qqv4dYPC8Vv8e3c3/arcgis/rest/services/HistoricalMarkerSigns_ViewLayer/FeatureServer/0,47.94764,-116.68624
ID-1037,ID,Submarine Testing,,active,official,"During World War II, the Farragut Naval Training Station prepared nearly 300,000 sailors for duty. Following the war, the Navy retained a 25-acre parcel of the former training center for its Acoustic Research Detachment (ARD). As the nation’s fifth-deepest lake, Pend Oreille proved an ideal submarine testing environment. With a fleet of reduced-scale submarines, ARD undertakes trials here at a fraction of the expense of ocean research, aiding the Navy’s development of efficient, quiet submarines. The ARD’s Bayview base has supported nearly every major post-World War II submarine design.",SH-54,14.76,Kootenai,Idaho Transportation Department / Idaho State Historical Society,https://services1.arcgis.com/Qqv4dYPC8Vv8e3c3/arcgis/rest/services/HistoricalMarkerSigns_ViewLayer/FeatureServer/0,47.972743,-116.567191
ID-1038,ID,Levi and May Hutton,,active,official,"May Arkwright owned a Wardner boarding house. Levi Hutton, a locomotive engineer, dined there regularly. After marrying in 1887, they invested their modest savings in the Hercules. In 1901, the partners struck a fabulously rich silver vein. 

May devoted much of her new prosperity to supporting women’s suffrage. The Huttons also donated generously to philanthropy. After May died in 1915, Levi purchased 111 acres east of Spokane and founded the Hutton Settlement for orphans. He died in 1928, bequeathing his fortune to the Settlement, which still exists.",SH-4,7.07,Shoshone,Idaho Transportation Department / Idaho State Historical Society,https://services1.arcgis.com/Qqv4dYPC8Vv8e3c3/arcgis/rest/services/HistoricalMarkerSigns_ViewLayer/FeatureServer/0,47.518486,-115.825144
ID-1039,ID,Restoring the Lake,,active,official,"This beautiful lake has always been a center of Schitsu’umsh (Coeur d’Alene) life. In 1991, the Tribe filed one of the largest natural resource lawsuits in American history in an effort to compel a lake cleanup. A far-reaching legal victory resulted in mining companies paying millions of dollars to mitigate damages. The Tribe, along with federal and state agencies, began the long-term project of restoring the lake.",SH-97,95.94,Kootenai,Idaho Transportation Department / Idaho State Historical Society,https://services1.arcgis.com/Qqv4dYPC8Vv8e3c3/arcgis/rest/services/HistoricalMarkerSigns_ViewLayer/FeatureServer/0,47.618196,-116.651951
ID-1040,ID,Joseph Garry (1910-1975),,active,official,"Garry served on the Schitsu’umsh (Coeur d’Alene) Tribal Council for 25 years, and was the first Indian elected to the Idaho House of Representatives (1956) and Senate (1966). In 1953, the National Congress of American Indians elected him president. That year, Congress resolved to terminate federal tribal recognition and assimilate Indians by moving them off reservations. Garry rallied tribes throughout the country to Washington, DC, “the biggest demonstration by Indians ever” in that city. Garry’s gathering triggered a successful, multi-year effort to defeat termination.",US-3,95.83,Kootenai,Idaho Transportation Department / Idaho State Historical Society,https://services1.arcgis.com/Qqv4dYPC8Vv8e3c3/arcgis/rest/services/HistoricalMarkerSigns_ViewLayer/FeatureServer/0,47.399337,-116.661389
ID-196,ID,Bannock War,Native American,active,official,"The war had begun in June on Camas Prairie and had swung clear to central Oregon. Now the Indians were returning to their reservation at Fort Hall. Harried from the island, they soon lost the pursuing troops in rough country north of here. This was the last battle of the war.",SH-78,95.93,Elmore,Idaho Transportation Department / Idaho State Historical Society,https://services1.arcgis.com/Qqv4dYPC8Vv8e3c3/arcgis/rest/services/HistoricalMarkerSigns_ViewLayer/FeatureServer/0,42.938793,-115.510878
