{"type":"FeatureCollection","name":"roadside-markers-osm","license":"ODbL 1.0 — © OpenStreetMap contributors. Share-alike applies to this layer.","generated":"2026-09-22","features":[{"type":"Feature","geometry":{"type":"Point","coordinates":[-106.46687,46.281303]},"properties":{"id":"MT-OSM357965810","state":"MT","title":"Rosebud River Historical Marker","subtitle":null,"text":null,"text_source":null,"text_status":"pending","topic":null,"status":"active","route":null,"milepost":null,"county":null,"image_url":null,"image_license":null,"image_credit":null,"wikidata_qid":null,"source_url":"https://www.openstreetmap.org/node/357965810","source_agency":"OpenStreetMap contributors","source_id":"357965810","osm_version":2,"license":"ODbL 1.0"}},{"type":"Feature","geometry":{"type":"Point","coordinates":[-109.833907,46.436774]},"properties":{"id":"MT-OSM357970079","state":"MT","title":"E57B - the Last Electric Locomotive","subtitle":null,"text":null,"text_source":null,"text_status":"pending","topic":"Railroad","status":"active","route":null,"milepost":null,"county":null,"image_url":null,"image_license":null,"image_credit":null,"wikidata_qid":null,"source_url":"https://www.openstreetmap.org/node/357970079","source_agency":"OpenStreetMap contributors","source_id":"357970079","osm_version":4,"license":"ODbL 1.0"}},{"type":"Feature","geometry":{"type":"Point","coordinates":[-109.756998,45.736183]},"properties":{"id":"MT-OSM357971859","state":"MT","title":"Captain William Clark Historical Marker","subtitle":null,"text":null,"text_source":null,"text_status":"pending","topic":"Lewis & Clark","status":"active","route":null,"milepost":null,"county":null,"image_url":null,"image_license":null,"image_credit":null,"wikidata_qid":null,"source_url":"https://www.openstreetmap.org/node/357971859","source_agency":"OpenStreetMap contributors","source_id":"357971859","osm_version":4,"license":"ODbL 1.0"}},{"type":"Feature","geometry":{"type":"Point","coordinates":[-112.546718,48.324975]},"properties":{"id":"MT-OSM357973371","state":"MT","title":"Captain Meriwether Lewis Historical Marker","subtitle":null,"text":null,"text_source":null,"text_status":"pending","topic":"Lewis & Clark","status":"active","route":null,"milepost":null,"county":null,"image_url":null,"image_license":null,"image_credit":null,"wikidata_qid":null,"source_url":"https://www.openstreetmap.org/node/357973371","source_agency":"OpenStreetMap contributors","source_id":"357973371","osm_version":3,"license":"ODbL 1.0"}},{"type":"Feature","geometry":{"type":"Point","coordinates":[-110.66394,47.820766]},"properties":{"id":"MT-OSM357974292","state":"MT","title":"Whoop-Up Trail Monument","subtitle":null,"text":null,"text_source":null,"text_status":"pending","topic":null,"status":"active","route":null,"milepost":null,"county":null,"image_url":null,"image_license":null,"image_credit":null,"wikidata_qid":null,"source_url":"https://www.openstreetmap.org/node/357974292","source_agency":"OpenStreetMap contributors","source_id":"357974292","osm_version":10,"license":"ODbL 1.0"}},{"type":"Feature","geometry":{"type":"Point","coordinates":[-113.005083,48.541362]},"properties":{"id":"MT-OSM357974665","state":"MT","title":"Blackfeet Nation Historical Marker","subtitle":null,"text":null,"text_source":null,"text_status":"pending","topic":"Native American","status":"active","route":null,"milepost":null,"county":null,"image_url":null,"image_license":null,"image_credit":null,"wikidata_qid":null,"source_url":"https://www.openstreetmap.org/node/357974665","source_agency":"OpenStreetMap contributors","source_id":"357974665","osm_version":3,"license":"ODbL 1.0"}},{"type":"Feature","geometry":{"type":"Point","coordinates":[-112.280024,47.861064]},"properties":{"id":"MT-OSM357976289","state":"MT","title":"Blackfeet and Buffalo Historical Marker","subtitle":null,"text":null,"text_source":null,"text_status":"pending","topic":"Native American","status":"active","route":null,"milepost":null,"county":null,"image_url":null,"image_license":null,"image_credit":null,"wikidata_qid":null,"source_url":"https://www.openstreetmap.org/node/357976289","source_agency":"OpenStreetMap contributors","source_id":"357976289","osm_version":3,"license":"ODbL 1.0"}},{"type":"Feature","geometry":{"type":"Point","coordinates":[-113.00925,48.543028]},"properties":{"id":"MT-OSM357986148","state":"MT","title":"Old Agency 1880-1894 Historical Marker","subtitle":null,"text":null,"text_source":null,"text_status":"pending","topic":null,"status":"active","route":null,"milepost":null,"county":null,"image_url":null,"image_license":null,"image_credit":null,"wikidata_qid":null,"source_url":"https://www.openstreetmap.org/node/357986148","source_agency":"OpenStreetMap contributors","source_id":"357986148","osm_version":3,"license":"ODbL 1.0"}},{"type":"Feature","geometry":{"type":"Point","coordinates":[-114.261778,48.12554]},"properties":{"id":"MT-OSM357986169","state":"MT","title":"Kalispell-Somers Railroad Spur Line Historical Marker","subtitle":null,"text":null,"text_source":null,"text_status":"pending","topic":"Railroad","status":"active","route":null,"milepost":null,"county":null,"image_url":null,"image_license":null,"image_credit":null,"wikidata_qid":null,"source_url":"https://www.openstreetmap.org/node/357986169","source_agency":"OpenStreetMap contributors","source_id":"357986169","osm_version":4,"license":"ODbL 1.0"}},{"type":"Feature","geometry":{"type":"Point","coordinates":[-112.931397,46.123141]},"properties":{"id":"MT-OSM2209287293","state":"MT","title":"Anaconda Smelter Stack","subtitle":null,"text":null,"text_source":null,"text_status":"pending","topic":"Mining / industry","status":"active","route":null,"milepost":null,"county":null,"image_url":null,"image_license":null,"image_credit":null,"wikidata_qid":null,"source_url":"https://www.openstreetmap.org/node/2209287293","source_agency":"OpenStreetMap contributors","source_id":"2209287293","osm_version":2,"license":"ODbL 1.0"}},{"type":"Feature","geometry":{"type":"Point","coordinates":[-111.948867,46.273315]},"properties":{"id":"MT-OSM2361231335","state":"MT","title":"Elkhorn History Sign","subtitle":null,"text":null,"text_source":null,"text_status":"pending","topic":null,"status":"active","route":null,"milepost":null,"county":null,"image_url":null,"image_license":null,"image_credit":null,"wikidata_qid":null,"source_url":"https://www.openstreetmap.org/node/2361231335","source_agency":"OpenStreetMap contributors","source_id":"2361231335","osm_version":1,"license":"ODbL 1.0"}},{"type":"Feature","geometry":{"type":"Point","coordinates":[-111.697173,45.498553]},"properties":{"id":"MT-OSM4496368548","state":"MT","title":"Welcome to the Madison Valley","subtitle":null,"text":null,"text_source":null,"text_status":"pending","topic":null,"status":"active","route":null,"milepost":null,"county":null,"image_url":null,"image_license":null,"image_credit":null,"wikidata_qid":null,"source_url":"https://www.openstreetmap.org/node/4496368548","source_agency":"OpenStreetMap contributors","source_id":"4496368548","osm_version":1,"license":"ODbL 1.0"}},{"type":"Feature","geometry":{"type":"Point","coordinates":[-109.917128,45.854761]},"properties":{"id":"MT-OSM4516767761","state":"MT","title":"A River of Abundance","subtitle":null,"text":null,"text_source":null,"text_status":"pending","topic":null,"status":"active","route":null,"milepost":null,"county":null,"image_url":null,"image_license":null,"image_credit":null,"wikidata_qid":null,"source_url":"https://www.openstreetmap.org/node/4516767761","source_agency":"OpenStreetMap contributors","source_id":"4516767761","osm_version":1,"license":"ODbL 1.0"}},{"type":"Feature","geometry":{"type":"Point","coordinates":[-109.91714,45.854776]},"properties":{"id":"MT-OSM4516767762","state":"MT","title":"Elk, Rochejhone, Yellowstone","subtitle":null,"text":null,"text_source":null,"text_status":"pending","topic":"Lewis & Clark","status":"active","route":null,"milepost":null,"county":null,"image_url":null,"image_license":null,"image_credit":null,"wikidata_qid":null,"source_url":"https://www.openstreetmap.org/node/4516767762","source_agency":"OpenStreetMap contributors","source_id":"4516767762","osm_version":1,"license":"ODbL 1.0"}},{"type":"Feature","geometry":{"type":"Point","coordinates":[-110.80736,45.666803]},"properties":{"id":"MT-OSM4524307260","state":"MT","title":"The Lewis and Clark Expedition","subtitle":null,"text":null,"text_source":null,"text_status":"pending","topic":"Lewis & Clark","status":"active","route":null,"milepost":null,"county":null,"image_url":null,"image_license":null,"image_credit":null,"wikidata_qid":null,"source_url":"https://www.openstreetmap.org/node/4524307260","source_agency":"OpenStreetMap contributors","source_id":"4524307260","osm_version":1,"license":"ODbL 1.0"}},{"type":"Feature","geometry":{"type":"Point","coordinates":[-109.24835,46.297123]},"properties":{"id":"MT-OSM4949292709","state":"MT","title":"Chief Joseph","subtitle":null,"text":"Chief Joseph and the Nez Perce people crossed the Musselshell River in Ryegate, Montana on September 17, 1877. They were on their way to Canada after being forced from their homeland in Idaho by the U.S. government","text_source":"OpenStreetMap contributors, node/4949292709 v2","text_status":"community","topic":"Native American","status":"active","route":null,"milepost":null,"county":null,"image_url":null,"image_license":null,"image_credit":null,"wikidata_qid":null,"source_url":"https://www.openstreetmap.org/node/4949292709","source_agency":"OpenStreetMap contributors","source_id":"4949292709","osm_version":2,"license":"ODbL 1.0"}},{"type":"Feature","geometry":{"type":"Point","coordinates":[-115.716687,47.576713]},"properties":{"id":"MT-OSM5158232169","state":"MT","title":"Historic Link to the Past","subtitle":null,"text":null,"text_source":null,"text_status":"pending","topic":null,"status":"active","route":null,"milepost":null,"county":null,"image_url":null,"image_license":null,"image_credit":null,"wikidata_qid":null,"source_url":"https://www.openstreetmap.org/node/5158232169","source_agency":"OpenStreetMap contributors","source_id":"5158232169","osm_version":1,"license":"ODbL 1.0"}},{"type":"Feature","geometry":{"type":"Point","coordinates":[-111.049353,45.667139]},"properties":{"id":"MT-OSM5443362165","state":"MT","title":"Michael P. Malone Centennial Mall","subtitle":null,"text":"Michael P. Malone (1940-1999) was an award winning teacher and nationally prominent historian of the American West who became the tenth President of Montana State University (1991-1999). Born in the small town of Pomeroy, Washington...","text_source":"OpenStreetMap contributors, node/5443362165 v3","text_status":"community","topic":"Education","status":"active","route":null,"milepost":null,"county":null,"image_url":null,"image_license":null,"image_credit":null,"wikidata_qid":null,"source_url":"https://www.openstreetmap.org/node/5443362165","source_agency":"OpenStreetMap contributors","source_id":"5443362165","osm_version":3,"license":"ODbL 1.0"}},{"type":"Feature","geometry":{"type":"Point","coordinates":[-111.326536,44.857239]},"properties":{"id":"MT-OSM5942019489","state":"MT","title":"A Leap Just in Time","subtitle":null,"text":null,"text_source":null,"text_status":"pending","topic":null,"status":"active","route":null,"milepost":null,"county":null,"image_url":null,"image_license":null,"image_credit":null,"wikidata_qid":null,"source_url":"https://www.openstreetmap.org/node/5942019489","source_agency":"OpenStreetMap contributors","source_id":"5942019489","osm_version":1,"license":"ODbL 1.0"}},{"type":"Feature","geometry":{"type":"Point","coordinates":[-111.32392,44.853056]},"properties":{"id":"MT-OSM5942019490","state":"MT","title":"Sleep Interrupted","subtitle":null,"text":null,"text_source":null,"text_status":"pending","topic":null,"status":"active","route":null,"milepost":null,"county":null,"image_url":null,"image_license":null,"image_credit":null,"wikidata_qid":null,"source_url":"https://www.openstreetmap.org/node/5942019490","source_agency":"OpenStreetMap contributors","source_id":"5942019490","osm_version":1,"license":"ODbL 1.0"}},{"type":"Feature","geometry":{"type":"Point","coordinates":[-111.325109,44.855934]},"properties":{"id":"MT-OSM5942019516","state":"MT","title":"The Lake that Tilted","subtitle":null,"text":null,"text_source":null,"text_status":"pending","topic":null,"status":"active","route":null,"milepost":null,"county":null,"image_url":null,"image_license":null,"image_credit":null,"wikidata_qid":null,"source_url":"https://www.openstreetmap.org/node/5942019516","source_agency":"OpenStreetMap contributors","source_id":"5942019516","osm_version":1,"license":"ODbL 1.0"}},{"type":"Feature","geometry":{"type":"Point","coordinates":[-112.458705,45.876238]},"properties":{"id":"MT-OSM6068053854","state":"MT","title":"Rare Cutthroat Found Here","subtitle":null,"text":null,"text_source":null,"text_status":"pending","topic":null,"status":"active","route":null,"milepost":null,"county":null,"image_url":null,"image_license":null,"image_credit":null,"wikidata_qid":null,"source_url":"https://www.openstreetmap.org/node/6068053854","source_agency":"OpenStreetMap contributors","source_id":"6068053854","osm_version":1,"license":"ODbL 1.0"}},{"type":"Feature","geometry":{"type":"Point","coordinates":[-114.202751,47.319395]},"properties":{"id":"MT-OSM6677533500","state":"MT","title":"Glacial Lake Missoula","subtitle":null,"text":null,"text_source":null,"text_status":"pending","topic":null,"status":"active","route":null,"milepost":null,"county":null,"image_url":null,"image_license":null,"image_credit":null,"wikidata_qid":null,"source_url":"https://www.openstreetmap.org/node/6677533500","source_agency":"OpenStreetMap contributors","source_id":"6677533500","osm_version":2,"license":"ODbL 1.0"}},{"type":"Feature","geometry":{"type":"Point","coordinates":[-114.247933,46.268509]},"properties":{"id":"MT-OSM6969202783","state":"MT","title":"Don Mackey Memorial","subtitle":null,"text":null,"text_source":null,"text_status":"pending","topic":null,"status":"active","route":null,"milepost":null,"county":null,"image_url":null,"image_license":null,"image_credit":null,"wikidata_qid":null,"source_url":"https://www.openstreetmap.org/node/6969202783","source_agency":"OpenStreetMap contributors","source_id":"6969202783","osm_version":1,"license":"ODbL 1.0"}},{"type":"Feature","geometry":{"type":"Point","coordinates":[-112.033134,46.587512]},"properties":{"id":"MT-OSM8613548272","state":"MT","title":"Robert and Elizabeth Fisk House","subtitle":null,"text":"Robert E. Fisk came to Montana with the 1866 Fisk Expedition organized by his famous wagon-master brother, James. The two brothers and other partners established the Helena Herald in November 1866. Robert, who was a printer before the Civil War, served as","text_source":"OpenStreetMap contributors, node/8613548272 v1","text_status":"community","topic":"Military","status":"active","route":null,"milepost":null,"county":null,"image_url":null,"image_license":null,"image_credit":null,"wikidata_qid":null,"source_url":"https://www.openstreetmap.org/node/8613548272","source_agency":"OpenStreetMap contributors","source_id":"8613548272","osm_version":1,"license":"ODbL 1.0"}},{"type":"Feature","geometry":{"type":"Point","coordinates":[-112.041053,46.585347]},"properties":{"id":"MT-OSM8866381099","state":"MT","title":"First Gold Strike in Helena","subtitle":null,"text":null,"text_source":null,"text_status":"pending","topic":null,"status":"active","route":null,"milepost":null,"county":null,"image_url":null,"image_license":null,"image_credit":null,"wikidata_qid":null,"source_url":"https://www.openstreetmap.org/node/8866381099","source_agency":"OpenStreetMap contributors","source_id":"8866381099","osm_version":1,"license":"ODbL 1.0"}},{"type":"Feature","geometry":{"type":"Point","coordinates":[-113.968195,46.892336]},"properties":{"id":"MT-OSM11280603526","state":"MT","title":"Rattlesnake Graveyard Memorial","subtitle":null,"text":"This memorial is dedicated to all the people buried on this land. People from different cultures lived on 'The Poor Farm' located near here from 1888-1930. After their deaths they were buried, but over the years their grave markers have disappeared.","text_source":"OpenStreetMap contributors, node/11280603526 v1","text_status":"community","topic":"Farming / agriculture","status":"active","route":null,"milepost":null,"county":null,"image_url":null,"image_license":null,"image_credit":null,"wikidata_qid":null,"source_url":"https://www.openstreetmap.org/node/11280603526","source_agency":"OpenStreetMap contributors","source_id":"11280603526","osm_version":1,"license":"ODbL 1.0"}},{"type":"Feature","geometry":{"type":"Point","coordinates":[-110.664979,47.819579]},"properties":{"id":"MT-OSM11431761210","state":"MT","title":"Keelboat Mandan","subtitle":null,"text":null,"text_source":null,"text_status":"pending","topic":null,"status":"active","route":null,"milepost":null,"county":null,"image_url":null,"image_license":null,"image_credit":null,"wikidata_qid":null,"source_url":"https://www.openstreetmap.org/node/11431761210","source_agency":"OpenStreetMap contributors","source_id":"11431761210","osm_version":1,"license":"ODbL 1.0"}},{"type":"Feature","geometry":{"type":"Point","coordinates":[-110.665101,47.819404]},"properties":{"id":"MT-OSM11433001208","state":"MT","title":"John Mullan Trail Marker","subtitle":null,"text":null,"text_source":null,"text_status":"pending","topic":null,"status":"active","route":null,"milepost":null,"county":null,"image_url":null,"image_license":null,"image_credit":null,"wikidata_qid":null,"source_url":"https://www.openstreetmap.org/node/11433001208","source_agency":"OpenStreetMap contributors","source_id":"11433001208","osm_version":3,"license":"ODbL 1.0"}},{"type":"Feature","geometry":{"type":"Point","coordinates":[-110.665152,47.819431]},"properties":{"id":"MT-OSM11433001209","state":"MT","title":"Mullan Wagon Road","subtitle":null,"text":null,"text_source":null,"text_status":"pending","topic":null,"status":"active","route":null,"milepost":null,"county":null,"image_url":null,"image_license":null,"image_credit":null,"wikidata_qid":null,"source_url":"https://www.openstreetmap.org/node/11433001209","source_agency":"OpenStreetMap contributors","source_id":"11433001209","osm_version":1,"license":"ODbL 1.0"}},{"type":"Feature","geometry":{"type":"Point","coordinates":[-110.66527,47.819315]},"properties":{"id":"MT-OSM11433001210","state":"MT","title":"TC Power & Bro.","subtitle":null,"text":null,"text_source":null,"text_status":"pending","topic":null,"status":"active","route":null,"milepost":null,"county":null,"image_url":null,"image_license":null,"image_credit":null,"wikidata_qid":null,"source_url":"https://www.openstreetmap.org/node/11433001210","source_agency":"OpenStreetMap contributors","source_id":"11433001210","osm_version":1,"license":"ODbL 1.0"}},{"type":"Feature","geometry":{"type":"Point","coordinates":[-110.665812,47.818799]},"properties":{"id":"MT-OSM11433001214","state":"MT","title":"Chouteau House","subtitle":null,"text":null,"text_source":null,"text_status":"pending","topic":null,"status":"active","route":null,"milepost":null,"county":null,"image_url":null,"image_license":null,"image_credit":null,"wikidata_qid":null,"source_url":"https://www.openstreetmap.org/node/11433001214","source_agency":"OpenStreetMap contributors","source_id":"11433001214","osm_version":1,"license":"ODbL 1.0"}},{"type":"Feature","geometry":{"type":"Point","coordinates":[-110.66595,47.818665]},"properties":{"id":"MT-OSM11433001215","state":"MT","title":"I.G. Baker House","subtitle":null,"text":null,"text_source":null,"text_status":"pending","topic":null,"status":"active","route":null,"milepost":null,"county":null,"image_url":null,"image_license":null,"image_credit":null,"wikidata_qid":null,"source_url":"https://www.openstreetmap.org/node/11433001215","source_agency":"OpenStreetMap contributors","source_id":"11433001215","osm_version":1,"license":"ODbL 1.0"}},{"type":"Feature","geometry":{"type":"Point","coordinates":[-110.666233,47.818406]},"properties":{"id":"MT-OSM11433001217","state":"MT","title":"I.G. Baker and Company","subtitle":null,"text":null,"text_source":null,"text_status":"pending","topic":null,"status":"active","route":null,"milepost":null,"county":null,"image_url":null,"image_license":null,"image_credit":null,"wikidata_qid":null,"source_url":"https://www.openstreetmap.org/node/11433001217","source_agency":"OpenStreetMap contributors","source_id":"11433001217","osm_version":1,"license":"ODbL 1.0"}},{"type":"Feature","geometry":{"type":"Point","coordinates":[-110.666823,47.817838]},"properties":{"id":"MT-OSM11433001221","state":"MT","title":"Bloodiest Block In The West","subtitle":null,"text":null,"text_source":null,"text_status":"pending","topic":null,"status":"active","route":null,"milepost":null,"county":null,"image_url":null,"image_license":null,"image_credit":null,"wikidata_qid":null,"source_url":"https://www.openstreetmap.org/node/11433001221","source_agency":"OpenStreetMap contributors","source_id":"11433001221","osm_version":1,"license":"ODbL 1.0"}},{"type":"Feature","geometry":{"type":"Point","coordinates":[-110.667027,47.817647]},"properties":{"id":"MT-OSM11433001222","state":"MT","title":"Culbertson House","subtitle":null,"text":null,"text_source":null,"text_status":"pending","topic":null,"status":"active","route":null,"milepost":null,"county":null,"image_url":null,"image_license":null,"image_credit":null,"wikidata_qid":null,"source_url":"https://www.openstreetmap.org/node/11433001222","source_agency":"OpenStreetMap contributors","source_id":"11433001222","osm_version":1,"license":"ODbL 1.0"}},{"type":"Feature","geometry":{"type":"Point","coordinates":[-110.664564,47.819967]},"properties":{"id":"MT-OSM11433001223","state":"MT","title":"The Montana Memorial","subtitle":null,"text":null,"text_source":null,"text_status":"pending","topic":null,"status":"active","route":null,"milepost":null,"county":null,"image_url":null,"image_license":null,"image_credit":null,"wikidata_qid":null,"source_url":"https://www.openstreetmap.org/node/11433001223","source_agency":"OpenStreetMap contributors","source_id":"11433001223","osm_version":2,"license":"ODbL 1.0"}},{"type":"Feature","geometry":{"type":"Point","coordinates":[-110.663387,47.820988]},"properties":{"id":"MT-OSM11433094649","state":"MT","title":"Fur Press","subtitle":null,"text":null,"text_source":null,"text_status":"pending","topic":null,"status":"active","route":null,"milepost":null,"county":null,"image_url":null,"image_license":null,"image_credit":null,"wikidata_qid":null,"source_url":"https://www.openstreetmap.org/node/11433094649","source_agency":"OpenStreetMap contributors","source_id":"11433094649","osm_version":5,"license":"ODbL 1.0"}},{"type":"Feature","geometry":{"type":"Point","coordinates":[-110.663582,47.820879]},"properties":{"id":"MT-OSM11433094651","state":"MT","title":"Old Fort Benton","subtitle":null,"text":null,"text_source":null,"text_status":"pending","topic":"Military","status":"active","route":null,"milepost":null,"county":null,"image_url":null,"image_license":null,"image_credit":null,"wikidata_qid":null,"source_url":"https://www.openstreetmap.org/node/11433094651","source_agency":"OpenStreetMap contributors","source_id":"11433094651","osm_version":5,"license":"ODbL 1.0"}},{"type":"Feature","geometry":{"type":"Point","coordinates":[-110.662602,47.821236]},"properties":{"id":"MT-OSM11433165773","state":"MT","title":"Cow Island Fight","subtitle":null,"text":null,"text_source":null,"text_status":"pending","topic":null,"status":"active","route":null,"milepost":null,"county":null,"image_url":null,"image_license":null,"image_credit":null,"wikidata_qid":null,"source_url":"https://www.openstreetmap.org/node/11433165773","source_agency":"OpenStreetMap contributors","source_id":"11433165773","osm_version":3,"license":"ODbL 1.0"}},{"type":"Feature","geometry":{"type":"Point","coordinates":[-110.667972,47.816564]},"properties":{"id":"MT-OSM11439820834","state":"MT","title":"The Grand Union","subtitle":null,"text":null,"text_source":null,"text_status":"pending","topic":null,"status":"active","route":null,"milepost":null,"county":null,"image_url":null,"image_license":null,"image_credit":null,"wikidata_qid":null,"source_url":"https://www.openstreetmap.org/node/11439820834","source_agency":"OpenStreetMap contributors","source_id":"11439820834","osm_version":3,"license":"ODbL 1.0"}},{"type":"Feature","geometry":{"type":"Point","coordinates":[-110.667968,47.816672]},"properties":{"id":"MT-OSM11439820835","state":"MT","title":"Fort Benton Levee","subtitle":null,"text":null,"text_source":null,"text_status":"pending","topic":"Military","status":"active","route":null,"milepost":null,"county":null,"image_url":null,"image_license":null,"image_credit":null,"wikidata_qid":null,"source_url":"https://www.openstreetmap.org/node/11439820835","source_agency":"OpenStreetMap contributors","source_id":"11439820835","osm_version":2,"license":"ODbL 1.0"}},{"type":"Feature","geometry":{"type":"Point","coordinates":[-110.667489,47.817123]},"properties":{"id":"MT-OSM11439820838","state":"MT","title":"Fort Benton Engine House","subtitle":null,"text":null,"text_source":null,"text_status":"pending","topic":"Military","status":"active","route":null,"milepost":null,"county":null,"image_url":null,"image_license":null,"image_credit":null,"wikidata_qid":null,"source_url":"https://www.openstreetmap.org/node/11439820838","source_agency":"OpenStreetMap contributors","source_id":"11439820838","osm_version":1,"license":"ODbL 1.0"}},{"type":"Feature","geometry":{"type":"Point","coordinates":[-110.669404,47.813814]},"properties":{"id":"MT-OSM11439820851","state":"MT","title":"Old Fort Campbell","subtitle":null,"text":null,"text_source":null,"text_status":"pending","topic":"Military","status":"active","route":null,"milepost":null,"county":null,"image_url":null,"image_license":null,"image_credit":null,"wikidata_qid":null,"source_url":"https://www.openstreetmap.org/node/11439820851","source_agency":"OpenStreetMap contributors","source_id":"11439820851","osm_version":2,"license":"ODbL 1.0"}},{"type":"Feature","geometry":{"type":"Point","coordinates":[-110.668609,47.81506]},"properties":{"id":"MT-OSM11439820858","state":"MT","title":"Stage Lines","subtitle":null,"text":null,"text_source":null,"text_status":"pending","topic":null,"status":"active","route":null,"milepost":null,"county":null,"image_url":null,"image_license":null,"image_credit":null,"wikidata_qid":null,"source_url":"https://www.openstreetmap.org/node/11439820858","source_agency":"OpenStreetMap contributors","source_id":"11439820858","osm_version":2,"license":"ODbL 1.0"}},{"type":"Feature","geometry":{"type":"Point","coordinates":[-110.670009,47.813048]},"properties":{"id":"MT-OSM11439820868","state":"MT","title":"Cow Island Fight","subtitle":null,"text":null,"text_source":null,"text_status":"pending","topic":null,"status":"active","route":null,"milepost":null,"county":null,"image_url":null,"image_license":null,"image_credit":null,"wikidata_qid":null,"source_url":"https://www.openstreetmap.org/node/11439820868","source_agency":"OpenStreetMap contributors","source_id":"11439820868","osm_version":2,"license":"ODbL 1.0"}},{"type":"Feature","geometry":{"type":"Point","coordinates":[-110.670249,47.812655]},"properties":{"id":"MT-OSM11439936269","state":"MT","title":"The Great Northern Came to Fort Benton","subtitle":null,"text":null,"text_source":null,"text_status":"pending","topic":"Military","status":"active","route":null,"milepost":null,"county":null,"image_url":null,"image_license":null,"image_credit":null,"wikidata_qid":null,"source_url":"https://www.openstreetmap.org/node/11439936269","source_agency":"OpenStreetMap contributors","source_id":"11439936269","osm_version":2,"license":"ODbL 1.0"}},{"type":"Feature","geometry":{"type":"Point","coordinates":[-110.67057,47.812234]},"properties":{"id":"MT-OSM11439936272","state":"MT","title":"Whoop Up Country","subtitle":null,"text":null,"text_source":null,"text_status":"pending","topic":null,"status":"active","route":null,"milepost":null,"county":null,"image_url":null,"image_license":null,"image_credit":null,"wikidata_qid":null,"source_url":"https://www.openstreetmap.org/node/11439936272","source_agency":"OpenStreetMap contributors","source_id":"11439936272","osm_version":1,"license":"ODbL 1.0"}},{"type":"Feature","geometry":{"type":"Point","coordinates":[-110.672072,47.810622]},"properties":{"id":"MT-OSM11439936276","state":"MT","title":"Cow Island Incident Info","subtitle":null,"text":null,"text_source":null,"text_status":"pending","topic":null,"status":"active","route":null,"milepost":null,"county":null,"image_url":null,"image_license":null,"image_credit":null,"wikidata_qid":null,"source_url":"https://www.openstreetmap.org/node/11439936276","source_agency":"OpenStreetMap contributors","source_id":"11439936276","osm_version":2,"license":"ODbL 1.0"}},{"type":"Feature","geometry":{"type":"Point","coordinates":[-110.672234,47.811054]},"properties":{"id":"MT-OSM11439936277","state":"MT","title":"First In Montana","subtitle":null,"text":null,"text_source":null,"text_status":"pending","topic":null,"status":"active","route":null,"milepost":null,"county":null,"image_url":null,"image_license":null,"image_credit":null,"wikidata_qid":null,"source_url":"https://www.openstreetmap.org/node/11439936277","source_agency":"OpenStreetMap contributors","source_id":"11439936277","osm_version":1,"license":"ODbL 1.0"}},{"type":"Feature","geometry":{"type":"Point","coordinates":[-110.496587,47.925854]},"properties":{"id":"MT-OSM11484412844","state":"MT","title":"Ophir","subtitle":null,"text":null,"text_source":null,"text_status":"pending","topic":null,"status":"active","route":null,"milepost":null,"county":null,"image_url":null,"image_license":null,"image_credit":null,"wikidata_qid":null,"source_url":"https://www.openstreetmap.org/node/11484412844","source_agency":"OpenStreetMap contributors","source_id":"11484412844","osm_version":3,"license":"ODbL 1.0"}},{"type":"Feature","geometry":{"type":"Point","coordinates":[-110.495593,47.925558]},"properties":{"id":"MT-OSM11484412845","state":"MT","title":"Fort Piegan","subtitle":null,"text":null,"text_source":null,"text_status":"pending","topic":"Military","status":"active","route":null,"milepost":null,"county":null,"image_url":null,"image_license":null,"image_credit":null,"wikidata_qid":null,"source_url":"https://www.openstreetmap.org/node/11484412845","source_agency":"OpenStreetMap contributors","source_id":"11484412845","osm_version":3,"license":"ODbL 1.0"}},{"type":"Feature","geometry":{"type":"Point","coordinates":[-110.672431,47.810461]},"properties":{"id":"MT-OSM11492557760","state":"MT","title":"Untainted Stewardship","subtitle":null,"text":null,"text_source":null,"text_status":"pending","topic":null,"status":"active","route":null,"milepost":null,"county":null,"image_url":null,"image_license":null,"image_credit":null,"wikidata_qid":null,"source_url":"https://www.openstreetmap.org/node/11492557760","source_agency":"OpenStreetMap contributors","source_id":"11492557760","osm_version":2,"license":"ODbL 1.0"}},{"type":"Feature","geometry":{"type":"Point","coordinates":[-110.672506,47.810417]},"properties":{"id":"MT-OSM11492557761","state":"MT","title":"Priming The Pump","subtitle":null,"text":null,"text_source":null,"text_status":"pending","topic":"Military","status":"active","route":null,"milepost":null,"county":null,"image_url":null,"image_license":null,"image_credit":null,"wikidata_qid":null,"source_url":"https://www.openstreetmap.org/node/11492557761","source_agency":"OpenStreetMap contributors","source_id":"11492557761","osm_version":2,"license":"ODbL 1.0"}},{"type":"Feature","geometry":{"type":"Point","coordinates":[-108.917007,45.633169]},"properties":{"id":"MT-OSM11852895348","state":"MT","title":"Lewis and Clark on the Yellowstone","subtitle":null,"text":"This plague, located just in front of the Park City Kwik Stop, tells the story of the site where William Clark and some of the other members of the Corps of Discovery stopped on the Yellowstone River, near Park City, to build canoes.","text_source":"OpenStreetMap contributors, node/11852895348 v4","text_status":"community","topic":"Lewis & Clark","status":"active","route":null,"milepost":null,"county":null,"image_url":null,"image_license":null,"image_credit":null,"wikidata_qid":null,"source_url":"https://www.openstreetmap.org/node/11852895348","source_agency":"OpenStreetMap contributors","source_id":"11852895348","osm_version":4,"license":"ODbL 1.0"}},{"type":"Feature","geometry":{"type":"Point","coordinates":[-110.672495,47.809924]},"properties":{"id":"MT-OSM11929527686","state":"MT","title":"Grasshopper in the River?","subtitle":null,"text":null,"text_source":null,"text_status":"pending","topic":null,"status":"active","route":null,"milepost":null,"county":null,"image_url":null,"image_license":null,"image_credit":null,"wikidata_qid":null,"source_url":"https://www.openstreetmap.org/node/11929527686","source_agency":"OpenStreetMap contributors","source_id":"11929527686","osm_version":1,"license":"ODbL 1.0"}},{"type":"Feature","geometry":{"type":"Point","coordinates":[-110.668906,47.814519]},"properties":{"id":"MT-OSM11929527715","state":"MT","title":"Upriver Businesses","subtitle":null,"text":null,"text_source":null,"text_status":"pending","topic":null,"status":"active","route":null,"milepost":null,"county":null,"image_url":null,"image_license":null,"image_credit":null,"wikidata_qid":null,"source_url":"https://www.openstreetmap.org/node/11929527715","source_agency":"OpenStreetMap contributors","source_id":"11929527715","osm_version":1,"license":"ODbL 1.0"}},{"type":"Feature","geometry":{"type":"Point","coordinates":[-110.671334,47.81203]},"properties":{"id":"MT-OSM11929527728","state":"MT","title":"Fort LaBarge","subtitle":null,"text":null,"text_source":null,"text_status":"pending","topic":"Military","status":"active","route":null,"milepost":null,"county":null,"image_url":null,"image_license":null,"image_credit":null,"wikidata_qid":null,"source_url":"https://www.openstreetmap.org/node/11929527728","source_agency":"OpenStreetMap contributors","source_id":"11929527728","osm_version":2,"license":"ODbL 1.0"}},{"type":"Feature","geometry":{"type":"Point","coordinates":[-110.667227,47.817426]},"properties":{"id":"MT-OSM11929718847","state":"MT","title":"Fort Benton Historic Bridge","subtitle":null,"text":null,"text_source":null,"text_status":"pending","topic":"Military","status":"active","route":null,"milepost":null,"county":null,"image_url":null,"image_license":null,"image_credit":null,"wikidata_qid":null,"source_url":"https://www.openstreetmap.org/node/11929718847","source_agency":"OpenStreetMap contributors","source_id":"11929718847","osm_version":1,"license":"ODbL 1.0"}},{"type":"Feature","geometry":{"type":"Point","coordinates":[-110.672594,47.809651]},"properties":{"id":"MT-OSM11929718872","state":"MT","title":"The Little Shell Chippawa","subtitle":null,"text":null,"text_source":null,"text_status":"pending","topic":"Native American","status":"active","route":null,"milepost":null,"county":null,"image_url":null,"image_license":null,"image_credit":null,"wikidata_qid":null,"source_url":"https://www.openstreetmap.org/node/11929718872","source_agency":"OpenStreetMap contributors","source_id":"11929718872","osm_version":2,"license":"ODbL 1.0"}},{"type":"Feature","geometry":{"type":"Point","coordinates":[-110.672626,47.809647]},"properties":{"id":"MT-OSM11929718873","state":"MT","title":"Riparion Riches","subtitle":null,"text":null,"text_source":null,"text_status":"pending","topic":null,"status":"active","route":null,"milepost":null,"county":null,"image_url":null,"image_license":null,"image_credit":null,"wikidata_qid":null,"source_url":"https://www.openstreetmap.org/node/11929718873","source_agency":"OpenStreetMap contributors","source_id":"11929718873","osm_version":2,"license":"ODbL 1.0"}},{"type":"Feature","geometry":{"type":"Point","coordinates":[-110.669748,47.813334]},"properties":{"id":"MT-OSM11929718875","state":"MT","title":"Coulson's Steamboat Offices","subtitle":null,"text":null,"text_source":null,"text_status":"pending","topic":null,"status":"active","route":null,"milepost":null,"county":null,"image_url":null,"image_license":null,"image_credit":null,"wikidata_qid":null,"source_url":"https://www.openstreetmap.org/node/11929718875","source_agency":"OpenStreetMap contributors","source_id":"11929718875","osm_version":1,"license":"ODbL 1.0"}},{"type":"Feature","geometry":{"type":"Point","coordinates":[-110.667839,47.816817]},"properties":{"id":"MT-OSM11929718938","state":"MT","title":"Fort Benton Welcomes You!","subtitle":null,"text":null,"text_source":null,"text_status":"pending","topic":"Military","status":"active","route":null,"milepost":null,"county":null,"image_url":null,"image_license":null,"image_credit":null,"wikidata_qid":null,"source_url":"https://www.openstreetmap.org/node/11929718938","source_agency":"OpenStreetMap contributors","source_id":"11929718938","osm_version":2,"license":"ODbL 1.0"}},{"type":"Feature","geometry":{"type":"Point","coordinates":[-110.667832,47.816801]},"properties":{"id":"MT-OSM11929718939","state":"MT","title":"Shep's Vigil","subtitle":null,"text":null,"text_source":null,"text_status":"pending","topic":null,"status":"active","route":null,"milepost":null,"county":null,"image_url":null,"image_license":null,"image_credit":null,"wikidata_qid":null,"source_url":"https://www.openstreetmap.org/node/11929718939","source_agency":"OpenStreetMap contributors","source_id":"11929718939","osm_version":1,"license":"ODbL 1.0"}},{"type":"Feature","geometry":{"type":"Point","coordinates":[-110.665493,47.818985]},"properties":{"id":"MT-OSM11934087778","state":"MT","title":"Drowning of the Governor","subtitle":null,"text":null,"text_source":null,"text_status":"pending","topic":null,"status":"active","route":null,"milepost":null,"county":null,"image_url":null,"image_license":null,"image_credit":null,"wikidata_qid":null,"source_url":"https://www.openstreetmap.org/node/11934087778","source_agency":"OpenStreetMap contributors","source_id":"11934087778","osm_version":1,"license":"ODbL 1.0"}},{"type":"Feature","geometry":{"type":"Point","coordinates":[-110.663923,47.820743]},"properties":{"id":"MT-OSM11936860497","state":"MT","title":"Fort Benton And The Indian Wars","subtitle":null,"text":null,"text_source":null,"text_status":"pending","topic":"Native American","status":"active","route":null,"milepost":null,"county":null,"image_url":null,"image_license":null,"image_credit":null,"wikidata_qid":null,"source_url":"https://www.openstreetmap.org/node/11936860497","source_agency":"OpenStreetMap contributors","source_id":"11936860497","osm_version":2,"license":"ODbL 1.0"}},{"type":"Feature","geometry":{"type":"Point","coordinates":[-110.664291,47.82017]},"properties":{"id":"MT-OSM11959421481","state":"MT","title":"City Of Fort Benton","subtitle":null,"text":null,"text_source":null,"text_status":"pending","topic":"Military","status":"active","route":null,"milepost":null,"county":null,"image_url":null,"image_license":null,"image_credit":null,"wikidata_qid":null,"source_url":"https://www.openstreetmap.org/node/11959421481","source_agency":"OpenStreetMap contributors","source_id":"11959421481","osm_version":1,"license":"ODbL 1.0"}},{"type":"Feature","geometry":{"type":"Point","coordinates":[-110.664476,47.820039]},"properties":{"id":"MT-OSM11959421483","state":"MT","title":"Lewis, Clark, and Sacagawea Memorial","subtitle":null,"text":null,"text_source":null,"text_status":"pending","topic":"Lewis & Clark","status":"active","route":null,"milepost":null,"county":null,"image_url":null,"image_license":null,"image_credit":null,"wikidata_qid":null,"source_url":"https://www.openstreetmap.org/node/11959421483","source_agency":"OpenStreetMap contributors","source_id":"11959421483","osm_version":2,"license":"ODbL 1.0"}},{"type":"Feature","geometry":{"type":"Point","coordinates":[-110.663942,47.820382]},"properties":{"id":"MT-OSM11963711655","state":"MT","title":"Fort Benton Boat Launch Facility","subtitle":null,"text":"Completed in the summer of 2001. Funded By Northwestern Energy, Montana FWP, City Of Fort Benton","text_source":"OpenStreetMap contributors, node/11963711655 v1","text_status":"community","topic":"Military","status":"active","route":null,"milepost":null,"county":null,"image_url":null,"image_license":null,"image_credit":null,"wikidata_qid":null,"source_url":"https://www.openstreetmap.org/node/11963711655","source_agency":"OpenStreetMap contributors","source_id":"11963711655","osm_version":1,"license":"ODbL 1.0"}},{"type":"Feature","geometry":{"type":"Point","coordinates":[-110.671147,47.817423]},"properties":{"id":"MT-OSM11971464758","state":"MT","title":"Chouteau County Courthouse","subtitle":null,"text":null,"text_source":null,"text_status":"pending","topic":null,"status":"active","route":null,"milepost":null,"county":null,"image_url":null,"image_license":null,"image_credit":null,"wikidata_qid":null,"source_url":"https://www.openstreetmap.org/node/11971464758","source_agency":"OpenStreetMap contributors","source_id":"11971464758","osm_version":1,"license":"ODbL 1.0"}},{"type":"Feature","geometry":{"type":"Point","coordinates":[-113.357368,48.68341]},"properties":{"id":"MT-OSM11992881789","state":"MT","title":"The Blackfoot Highway","subtitle":null,"text":null,"text_source":null,"text_status":"pending","topic":null,"status":"active","route":null,"milepost":null,"county":null,"image_url":null,"image_license":null,"image_credit":null,"wikidata_qid":null,"source_url":"https://www.openstreetmap.org/node/11992881789","source_agency":"OpenStreetMap contributors","source_id":"11992881789","osm_version":1,"license":"ODbL 1.0"}},{"type":"Feature","geometry":{"type":"Point","coordinates":[-110.663919,47.820783]},"properties":{"id":"MT-OSM11993374587","state":"MT","title":"Fort Benton National Historic Landmark","subtitle":null,"text":"Unter the provisions of the Historic Sites Act of 1935 This Site Possesses Exceptional Value To The History Of The United States","text_source":"OpenStreetMap contributors, node/11993374587 v4","text_status":"community","topic":"Military","status":"active","route":null,"milepost":null,"county":null,"image_url":null,"image_license":null,"image_credit":null,"wikidata_qid":null,"source_url":"https://www.openstreetmap.org/node/11993374587","source_agency":"OpenStreetMap contributors","source_id":"11993374587","osm_version":4,"license":"ODbL 1.0"}},{"type":"Feature","geometry":{"type":"Point","coordinates":[-110.672789,47.818571]},"properties":{"id":"MT-OSM12000357263","state":"MT","title":"St. Paul's Episcopal Church","subtitle":null,"text":null,"text_source":null,"text_status":"pending","topic":null,"status":"active","route":null,"milepost":null,"county":null,"image_url":null,"image_license":null,"image_credit":null,"wikidata_qid":null,"source_url":"https://www.openstreetmap.org/node/12000357263","source_agency":"OpenStreetMap contributors","source_id":"12000357263","osm_version":1,"license":"ODbL 1.0"}},{"type":"Feature","geometry":{"type":"Point","coordinates":[-110.678785,47.807471]},"properties":{"id":"MT-OSM12125782799","state":"MT","title":"Kendra Jayne Romain","subtitle":null,"text":null,"text_source":null,"text_status":"pending","topic":null,"status":"active","route":"Fairgrounds Loop","milepost":null,"county":null,"image_url":null,"image_license":null,"image_credit":null,"wikidata_qid":null,"source_url":"https://www.openstreetmap.org/node/12125782799","source_agency":"OpenStreetMap contributors","source_id":"12125782799","osm_version":2,"license":"ODbL 1.0"}},{"type":"Feature","geometry":{"type":"Point","coordinates":[-113.991995,46.861934]},"properties":{"id":"MT-OSM12197609770","state":"MT","title":"This property contributes to the University Historic Distric…","subtitle":null,"text":"This property contributes to the University Historic District listed in the National Register of Historic Places: 415 Connell Avenue","text_source":"OpenStreetMap contributors, node/12197609770 v1","text_status":"community","topic":"Education","status":"active","route":null,"milepost":null,"county":null,"image_url":null,"image_license":null,"image_credit":null,"wikidata_qid":null,"source_url":"https://www.openstreetmap.org/node/12197609770","source_agency":"OpenStreetMap contributors","source_id":"12197609770","osm_version":1,"license":"ODbL 1.0"}},{"type":"Feature","geometry":{"type":"Point","coordinates":[-114.260431,47.024701]},"properties":{"id":"MT-OSM12996400080","state":"MT","title":"In honor of the men and women of the Frenchtown, Huson, and …","subtitle":null,"text":"In honor of the men and women of the Frenchtown, Huson, and Alberton communities, who answered their country's call to military service. \"All gave some, some gave all\"","text_source":"OpenStreetMap contributors, node/12996400080 v1","text_status":"community","topic":null,"status":"active","route":null,"milepost":null,"county":null,"image_url":null,"image_license":null,"image_credit":null,"wikidata_qid":null,"source_url":"https://www.openstreetmap.org/node/12996400080","source_agency":"OpenStreetMap contributors","source_id":"12996400080","osm_version":1,"license":"ODbL 1.0"}},{"type":"Feature","geometry":{"type":"Point","coordinates":[-110.663578,47.820877]},"properties":{"id":"MT-OSM13172257388","state":"MT","title":"Frances Culbertson-Irvin","subtitle":null,"text":"In Loving Memory of Frances Culbertson-Irvin 1859-1939, Daughter of Alexander Culbertson, Erected By Her Childeren, Pierre A. Irvin, Louise Culbertson-McGraw, and cousin Rob A. Culbertson","text_source":"OpenStreetMap contributors, node/13172257388 v2","text_status":"community","topic":null,"status":"active","route":null,"milepost":null,"county":null,"image_url":null,"image_license":null,"image_credit":null,"wikidata_qid":null,"source_url":"https://www.openstreetmap.org/node/13172257388","source_agency":"OpenStreetMap contributors","source_id":"13172257388","osm_version":2,"license":"ODbL 1.0"}},{"type":"Feature","geometry":{"type":"Point","coordinates":[-110.668297,47.816349]},"properties":{"id":"MT-OSM13228731979","state":"MT","title":"Grand Union Hotel","subtitle":null,"text":null,"text_source":null,"text_status":"pending","topic":null,"status":"active","route":null,"milepost":null,"county":null,"image_url":null,"image_license":null,"image_credit":null,"wikidata_qid":null,"source_url":"https://www.openstreetmap.org/node/13228731979","source_agency":"OpenStreetMap contributors","source_id":"13228731979","osm_version":1,"license":"ODbL 1.0"}},{"type":"Feature","geometry":{"type":"Point","coordinates":[-110.664768,47.819661]},"properties":{"id":"MT-OSM13232432670","state":"MT","title":"Restoration Project Information","subtitle":null,"text":null,"text_source":null,"text_status":"pending","topic":"Geology / natural history","status":"active","route":null,"milepost":null,"county":null,"image_url":null,"image_license":null,"image_credit":null,"wikidata_qid":null,"source_url":"https://www.openstreetmap.org/node/13232432670","source_agency":"OpenStreetMap contributors","source_id":"13232432670","osm_version":3,"license":"ODbL 1.0"}},{"type":"Feature","geometry":{"type":"Point","coordinates":[-110.667125,47.817507]},"properties":{"id":"MT-OSM13232432672","state":"MT","title":"Open Range Cattle","subtitle":null,"text":null,"text_source":null,"text_status":"pending","topic":null,"status":"active","route":null,"milepost":null,"county":null,"image_url":null,"image_license":null,"image_credit":null,"wikidata_qid":null,"source_url":"https://www.openstreetmap.org/node/13232432672","source_agency":"OpenStreetMap contributors","source_id":"13232432672","osm_version":1,"license":"ODbL 1.0"}},{"type":"Feature","geometry":{"type":"Point","coordinates":[-110.66284,47.821061]},"properties":{"id":"MT-OSM13232482233","state":"MT","title":"Piegan Chief Little Dog","subtitle":null,"text":null,"text_source":null,"text_status":"pending","topic":null,"status":"active","route":null,"milepost":null,"county":null,"image_url":null,"image_license":null,"image_credit":null,"wikidata_qid":null,"source_url":"https://www.openstreetmap.org/node/13232482233","source_agency":"OpenStreetMap contributors","source_id":"13232482233","osm_version":2,"license":"ODbL 1.0"}},{"type":"Feature","geometry":{"type":"Point","coordinates":[-110.661153,47.822073]},"properties":{"id":"MT-OSM13232498457","state":"MT","title":"Lewis Returns","subtitle":null,"text":null,"text_source":null,"text_status":"pending","topic":"Lewis & Clark","status":"active","route":null,"milepost":null,"county":null,"image_url":null,"image_license":null,"image_credit":null,"wikidata_qid":null,"source_url":"https://www.openstreetmap.org/node/13232498457","source_agency":"OpenStreetMap contributors","source_id":"13232498457","osm_version":4,"license":"ODbL 1.0"}},{"type":"Feature","geometry":{"type":"Point","coordinates":[-110.668992,47.816725]},"properties":{"id":"MT-OSM13233848536","state":"MT","title":"Erected AD 1913","subtitle":null,"text":null,"text_source":null,"text_status":"pending","topic":null,"status":"active","route":null,"milepost":null,"county":null,"image_url":null,"image_license":null,"image_credit":null,"wikidata_qid":null,"source_url":"https://www.openstreetmap.org/node/13233848536","source_agency":"OpenStreetMap contributors","source_id":"13233848536","osm_version":1,"license":"ODbL 1.0"}},{"type":"Feature","geometry":{"type":"Point","coordinates":[-114.095203,46.833779]},"properties":{"id":"MT-OSM13241091699","state":"MT","title":"The Big Flat Irrigation Ditch","subtitle":null,"text":null,"text_source":null,"text_status":"pending","topic":null,"status":"active","route":null,"milepost":null,"county":null,"image_url":null,"image_license":null,"image_credit":null,"wikidata_qid":null,"source_url":"https://www.openstreetmap.org/node/13241091699","source_agency":"OpenStreetMap contributors","source_id":"13241091699","osm_version":1,"license":"ODbL 1.0"}},{"type":"Feature","geometry":{"type":"Point","coordinates":[-110.664993,47.820712]},"properties":{"id":"MT-OSM13265899746","state":"MT","title":"USS SALISH (ATA-187) – Tug","subtitle":null,"text":null,"text_source":null,"text_status":"pending","topic":"Native American","status":"active","route":null,"milepost":null,"county":null,"image_url":null,"image_license":null,"image_credit":null,"wikidata_qid":null,"source_url":"https://www.openstreetmap.org/node/13265899746","source_agency":"OpenStreetMap contributors","source_id":"13265899746","osm_version":3,"license":"ODbL 1.0"}},{"type":"Feature","geometry":{"type":"Point","coordinates":[-110.665004,47.820725]},"properties":{"id":"MT-OSM13265899747","state":"MT","title":"USS HOLT (DE-706) – Rudderow-class Destroyer Escort","subtitle":null,"text":null,"text_source":null,"text_status":"pending","topic":null,"status":"active","route":null,"milepost":null,"county":null,"image_url":null,"image_license":null,"image_credit":null,"wikidata_qid":null,"source_url":"https://www.openstreetmap.org/node/13265899747","source_agency":"OpenStreetMap contributors","source_id":"13265899747","osm_version":3,"license":"ODbL 1.0"}},{"type":"Feature","geometry":{"type":"Point","coordinates":[-110.664956,47.820698]},"properties":{"id":"MT-OSM13265899748","state":"MT","title":"USS SIOUX (YT-19) – Yard Tug","subtitle":null,"text":null,"text_source":null,"text_status":"pending","topic":null,"status":"active","route":null,"milepost":null,"county":null,"image_url":null,"image_license":null,"image_credit":null,"wikidata_qid":null,"source_url":"https://www.openstreetmap.org/node/13265899748","source_agency":"OpenStreetMap contributors","source_id":"13265899748","osm_version":3,"license":"ODbL 1.0"}},{"type":"Feature","geometry":{"type":"Point","coordinates":[-110.664934,47.8207]},"properties":{"id":"MT-OSM13265899749","state":"MT","title":"USS HELENA (SSN-725) – Los Angeles-class Attack Submarine","subtitle":null,"text":null,"text_source":null,"text_status":"pending","topic":null,"status":"active","route":null,"milepost":null,"county":null,"image_url":null,"image_license":null,"image_credit":null,"wikidata_qid":null,"source_url":"https://www.openstreetmap.org/node/13265899749","source_agency":"OpenStreetMap contributors","source_id":"13265899749","osm_version":3,"license":"ODbL 1.0"}},{"type":"Feature","geometry":{"type":"Point","coordinates":[-110.664914,47.820706]},"properties":{"id":"MT-OSM13265899750","state":"MT","title":"USS MONTANA (ACR-13) / USS Missoula (CA-13) – Armored Cruiser","subtitle":null,"text":null,"text_source":null,"text_status":"pending","topic":null,"status":"active","route":null,"milepost":null,"county":null,"image_url":null,"image_license":null,"image_credit":null,"wikidata_qid":null,"source_url":"https://www.openstreetmap.org/node/13265899750","source_agency":"OpenStreetMap contributors","source_id":"13265899750","osm_version":3,"license":"ODbL 1.0"}},{"type":"Feature","geometry":{"type":"Point","coordinates":[-110.6649,47.820718]},"properties":{"id":"MT-OSM13265899751","state":"MT","title":"USS LEWIS AND CLARK (SSBN-644) – Benjamin Franklin-class Ballistic Missile Submarine","subtitle":null,"text":null,"text_source":null,"text_status":"pending","topic":"Lewis & Clark","status":"active","route":null,"milepost":null,"county":null,"image_url":null,"image_license":null,"image_credit":null,"wikidata_qid":null,"source_url":"https://www.openstreetmap.org/node/13265899751","source_agency":"OpenStreetMap contributors","source_id":"13265899751","osm_version":3,"license":"ODbL 1.0"}},{"type":"Feature","geometry":{"type":"Point","coordinates":[-110.664894,47.820732]},"properties":{"id":"MT-OSM13265899752","state":"MT","title":"USS LEWIS AND CLARK-class ships (includes USS LEWIS AND CLARK, USS SACAGAWEA)","subtitle":null,"text":null,"text_source":null,"text_status":"pending","topic":"Lewis & Clark","status":"active","route":null,"milepost":null,"county":null,"image_url":null,"image_license":null,"image_credit":null,"wikidata_qid":null,"source_url":"https://www.openstreetmap.org/node/13265899752","source_agency":"OpenStreetMap contributors","source_id":"13265899752","osm_version":3,"license":"ODbL 1.0"}},{"type":"Feature","geometry":{"type":"Point","coordinates":[-110.664896,47.820746]},"properties":{"id":"MT-OSM13265899753","state":"MT","title":"USS SHELTON (DD-790) (Sign reads DE-407 John C. Butler-class Destroyer)","subtitle":null,"text":null,"text_source":null,"text_status":"pending","topic":null,"status":"active","route":null,"milepost":null,"county":null,"image_url":null,"image_license":null,"image_credit":null,"wikidata_qid":null,"source_url":"https://www.openstreetmap.org/node/13265899753","source_agency":"OpenStreetMap contributors","source_id":"13265899753","osm_version":3,"license":"ODbL 1.0"}},{"type":"Feature","geometry":{"type":"Point","coordinates":[-110.664906,47.82076]},"properties":{"id":"MT-OSM13265899754","state":"MT","title":"USS MONTANA (SSN-794) – Virginia-class Attack Submarine","subtitle":null,"text":null,"text_source":null,"text_status":"pending","topic":null,"status":"active","route":null,"milepost":null,"county":null,"image_url":null,"image_license":null,"image_credit":null,"wikidata_qid":null,"source_url":"https://www.openstreetmap.org/node/13265899754","source_agency":"OpenStreetMap contributors","source_id":"13265899754","osm_version":3,"license":"ODbL 1.0"}},{"type":"Feature","geometry":{"type":"Point","coordinates":[-110.664944,47.820773]},"properties":{"id":"MT-OSM13265899755","state":"MT","title":"USS BUTTE (AE-27) – Nitro-class Ammunition Ship","subtitle":null,"text":null,"text_source":null,"text_status":"pending","topic":null,"status":"active","route":null,"milepost":null,"county":null,"image_url":null,"image_license":null,"image_credit":null,"wikidata_qid":null,"source_url":"https://www.openstreetmap.org/node/13265899755","source_agency":"OpenStreetMap contributors","source_id":"13265899755","osm_version":3,"license":"ODbL 1.0"}},{"type":"Feature","geometry":{"type":"Point","coordinates":[-110.664965,47.820772]},"properties":{"id":"MT-OSM13265899756","state":"MT","title":"USS CREE (ATF-84) – Cherokee-class Fleet Tug","subtitle":null,"text":null,"text_source":null,"text_status":"pending","topic":null,"status":"active","route":null,"milepost":null,"county":null,"image_url":null,"image_license":null,"image_credit":null,"wikidata_qid":null,"source_url":"https://www.openstreetmap.org/node/13265899756","source_agency":"OpenStreetMap contributors","source_id":"13265899756","osm_version":3,"license":"ODbL 1.0"}},{"type":"Feature","geometry":{"type":"Point","coordinates":[-110.664985,47.820765]},"properties":{"id":"MT-OSM13265899757","state":"MT","title":"USS BIG HORN (TAO-198) – Fleet Oiler","subtitle":null,"text":null,"text_source":null,"text_status":"pending","topic":null,"status":"active","route":null,"milepost":null,"county":null,"image_url":null,"image_license":null,"image_credit":null,"wikidata_qid":null,"source_url":"https://www.openstreetmap.org/node/13265899757","source_agency":"OpenStreetMap contributors","source_id":"13265899757","osm_version":3,"license":"ODbL 1.0"}},{"type":"Feature","geometry":{"type":"Point","coordinates":[-110.664999,47.820754]},"properties":{"id":"MT-OSM13265899758","state":"MT","title":"USS STOCKDALE (DDG-106) – Arleigh Burke-class Guided Missile Destroyer","subtitle":null,"text":null,"text_source":null,"text_status":"pending","topic":null,"status":"active","route":null,"milepost":null,"county":null,"image_url":null,"image_license":null,"image_credit":null,"wikidata_qid":null,"source_url":"https://www.openstreetmap.org/node/13265899758","source_agency":"OpenStreetMap contributors","source_id":"13265899758","osm_version":3,"license":"ODbL 1.0"}},{"type":"Feature","geometry":{"type":"Point","coordinates":[-110.665006,47.82074]},"properties":{"id":"MT-OSM13265899759","state":"MT","title":"USS BIG HORN (AO-45 / IX-207) – Fleet Oiler / USCGC BIG HORN (WAO-124)","subtitle":null,"text":null,"text_source":null,"text_status":"pending","topic":null,"status":"active","route":null,"milepost":null,"county":null,"image_url":null,"image_license":null,"image_credit":null,"wikidata_qid":null,"source_url":"https://www.openstreetmap.org/node/13265899759","source_agency":"OpenStreetMap contributors","source_id":"13265899759","osm_version":3,"license":"ODbL 1.0"}},{"type":"Feature","geometry":{"type":"Point","coordinates":[-110.664999,47.820718]},"properties":{"id":"MT-OSM13265899760","state":"MT","title":"USS MICKA (DE-176) – Cannon-class Destroyer Escort","subtitle":null,"text":null,"text_source":null,"text_status":"pending","topic":null,"status":"active","route":null,"milepost":null,"county":null,"image_url":null,"image_license":null,"image_credit":null,"wikidata_qid":null,"source_url":"https://www.openstreetmap.org/node/13265899760","source_agency":"OpenStreetMap contributors","source_id":"13265899760","osm_version":3,"license":"ODbL 1.0"}},{"type":"Feature","geometry":{"type":"Point","coordinates":[-110.665006,47.820732]},"properties":{"id":"MT-OSM13265899761","state":"MT","title":"USS SACAGAWEA (YT-326)/(YT-241/YTB-251)","subtitle":null,"text":null,"text_source":null,"text_status":"pending","topic":null,"status":"active","route":null,"milepost":null,"county":null,"image_url":null,"image_license":null,"image_credit":null,"wikidata_qid":null,"source_url":"https://www.openstreetmap.org/node/13265899761","source_agency":"OpenStreetMap contributors","source_id":"13265899761","osm_version":4,"license":"ODbL 1.0"}},{"type":"Feature","geometry":{"type":"Point","coordinates":[-110.665003,47.820747]},"properties":{"id":"MT-OSM13265899762","state":"MT","title":"USS SIOUX (AT-75) – Navajo-class Tug","subtitle":null,"text":null,"text_source":null,"text_status":"pending","topic":null,"status":"active","route":null,"milepost":null,"county":null,"image_url":null,"image_license":null,"image_credit":null,"wikidata_qid":null,"source_url":"https://www.openstreetmap.org/node/13265899762","source_agency":"OpenStreetMap contributors","source_id":"13265899762","osm_version":3,"license":"ODbL 1.0"}},{"type":"Feature","geometry":{"type":"Point","coordinates":[-110.664993,47.82076]},"properties":{"id":"MT-OSM13265899763","state":"MT","title":"USS SIOUX (T-ATF-171) – Powhatan-class Ocean Tug","subtitle":null,"text":null,"text_source":null,"text_status":"pending","topic":null,"status":"active","route":null,"milepost":null,"county":null,"image_url":null,"image_license":null,"image_credit":null,"wikidata_qid":null,"source_url":"https://www.openstreetmap.org/node/13265899763","source_agency":"OpenStreetMap contributors","source_id":"13265899763","osm_version":3,"license":"ODbL 1.0"}},{"type":"Feature","geometry":{"type":"Point","coordinates":[-110.664976,47.820769]},"properties":{"id":"MT-OSM13265899764","state":"MT","title":"USS SACAGAWEA (YT-326) – Harbor Tug","subtitle":null,"text":null,"text_source":null,"text_status":"pending","topic":null,"status":"active","route":null,"milepost":null,"county":null,"image_url":null,"image_license":null,"image_credit":null,"wikidata_qid":null,"source_url":"https://www.openstreetmap.org/node/13265899764","source_agency":"OpenStreetMap contributors","source_id":"13265899764","osm_version":3,"license":"ODbL 1.0"}},{"type":"Feature","geometry":{"type":"Point","coordinates":[-110.664955,47.820773]},"properties":{"id":"MT-OSM13265899765","state":"MT","title":"USS MARIAH (SP-182) / AO-57 – Cimarron-class Fleet Oiler","subtitle":null,"text":null,"text_source":null,"text_status":"pending","topic":null,"status":"active","route":null,"milepost":null,"county":null,"image_url":null,"image_license":null,"image_credit":null,"wikidata_qid":null,"source_url":"https://www.openstreetmap.org/node/13265899765","source_agency":"OpenStreetMap contributors","source_id":"13265899765","osm_version":3,"license":"ODbL 1.0"}},{"type":"Feature","geometry":{"type":"Point","coordinates":[-110.664933,47.820772]},"properties":{"id":"MT-OSM13265899766","state":"MT","title":"USS HAVRE (PCE-877) – Patrol Craft Escort","subtitle":null,"text":null,"text_source":null,"text_status":"pending","topic":null,"status":"active","route":null,"milepost":null,"county":null,"image_url":null,"image_license":null,"image_credit":null,"wikidata_qid":null,"source_url":"https://www.openstreetmap.org/node/13265899766","source_agency":"OpenStreetMap contributors","source_id":"13265899766","osm_version":3,"license":"ODbL 1.0"}},{"type":"Feature","geometry":{"type":"Point","coordinates":[-110.6649,47.820753]},"properties":{"id":"MT-OSM13265899767","state":"MT","title":"USS HELENA (CA-75) – Baltimore-class Heavy Cruiser","subtitle":null,"text":null,"text_source":null,"text_status":"pending","topic":null,"status":"active","route":null,"milepost":null,"county":null,"image_url":null,"image_license":null,"image_credit":null,"wikidata_qid":null,"source_url":"https://www.openstreetmap.org/node/13265899767","source_agency":"OpenStreetMap contributors","source_id":"13265899767","osm_version":3,"license":"ODbL 1.0"}},{"type":"Feature","geometry":{"type":"Point","coordinates":[-110.664894,47.820739]},"properties":{"id":"MT-OSM13265899768","state":"MT","title":"USS HELENA (PG-9) – Gunboat","subtitle":null,"text":null,"text_source":null,"text_status":"pending","topic":null,"status":"active","route":null,"milepost":null,"county":null,"image_url":null,"image_license":null,"image_credit":null,"wikidata_qid":null,"source_url":"https://www.openstreetmap.org/node/13265899768","source_agency":"OpenStreetMap contributors","source_id":"13265899768","osm_version":3,"license":"ODbL 1.0"}},{"type":"Feature","geometry":{"type":"Point","coordinates":[-110.664896,47.820724]},"properties":{"id":"MT-OSM13265899769","state":"MT","title":"USS SHELTON (DD-790) – Gearing-class Destroyer","subtitle":null,"text":null,"text_source":null,"text_status":"pending","topic":null,"status":"active","route":null,"milepost":null,"county":null,"image_url":null,"image_license":null,"image_credit":null,"wikidata_qid":null,"source_url":"https://www.openstreetmap.org/node/13265899769","source_agency":"OpenStreetMap contributors","source_id":"13265899769","osm_version":3,"license":"ODbL 1.0"}},{"type":"Feature","geometry":{"type":"Point","coordinates":[-110.664906,47.820712]},"properties":{"id":"MT-OSM13265899770","state":"MT","title":"USS YELLOWSTONE (AD-27) – Shenandoah-class Destroyer Tender","subtitle":null,"text":null,"text_source":null,"text_status":"pending","topic":null,"status":"active","route":null,"milepost":null,"county":null,"image_url":null,"image_license":null,"image_credit":null,"wikidata_qid":null,"source_url":"https://www.openstreetmap.org/node/13265899770","source_agency":"OpenStreetMap contributors","source_id":"13265899770","osm_version":3,"license":"ODbL 1.0"}},{"type":"Feature","geometry":{"type":"Point","coordinates":[-110.664924,47.820702]},"properties":{"id":"MT-OSM13265899771","state":"MT","title":"USS HELENA (CL-50) – St. Louis-class Light Cruiser","subtitle":null,"text":null,"text_source":null,"text_status":"pending","topic":null,"status":"active","route":null,"milepost":null,"county":null,"image_url":null,"image_license":null,"image_credit":null,"wikidata_qid":null,"source_url":"https://www.openstreetmap.org/node/13265899771","source_agency":"OpenStreetMap contributors","source_id":"13265899771","osm_version":3,"license":"ODbL 1.0"}},{"type":"Feature","geometry":{"type":"Point","coordinates":[-110.664945,47.820698]},"properties":{"id":"MT-OSM13265899772","state":"MT","title":"USS CHIPPEWA (AT-69) / USS CHEYENNE (AO-31) – Fleet Tug / Oiler","subtitle":null,"text":null,"text_source":null,"text_status":"pending","topic":null,"status":"active","route":null,"milepost":null,"county":null,"image_url":null,"image_license":null,"image_credit":null,"wikidata_qid":null,"source_url":"https://www.openstreetmap.org/node/13265899772","source_agency":"OpenStreetMap contributors","source_id":"13265899772","osm_version":3,"license":"ODbL 1.0"}},{"type":"Feature","geometry":{"type":"Point","coordinates":[-110.664966,47.8207]},"properties":{"id":"MT-OSM13265899773","state":"MT","title":"USS YELLOWSTONE (AD-41) – Destroyer Tender","subtitle":null,"text":null,"text_source":null,"text_status":"pending","topic":null,"status":"active","route":null,"milepost":null,"county":null,"image_url":null,"image_license":null,"image_credit":null,"wikidata_qid":null,"source_url":"https://www.openstreetmap.org/node/13265899773","source_agency":"OpenStreetMap contributors","source_id":"13265899773","osm_version":3,"license":"ODbL 1.0"}},{"type":"Feature","geometry":{"type":"Point","coordinates":[-110.667407,47.817219]},"properties":{"id":"MT-OSM13269729617","state":"MT","title":"Fort Benton City Hall","subtitle":null,"text":null,"text_source":null,"text_status":"pending","topic":"Military","status":"active","route":null,"milepost":null,"county":null,"image_url":null,"image_license":null,"image_credit":null,"wikidata_qid":null,"source_url":"https://www.openstreetmap.org/node/13269729617","source_agency":"OpenStreetMap contributors","source_id":"13269729617","osm_version":4,"license":"ODbL 1.0"}},{"type":"Feature","geometry":{"type":"Point","coordinates":[-110.652099,47.835372]},"properties":{"id":"MT-OSM13269735296","state":"MT","title":"Signal Point Golf Course","subtitle":null,"text":null,"text_source":null,"text_status":"pending","topic":null,"status":"active","route":null,"milepost":null,"county":null,"image_url":null,"image_license":null,"image_credit":null,"wikidata_qid":null,"source_url":"https://www.openstreetmap.org/node/13269735296","source_agency":"OpenStreetMap contributors","source_id":"13269735296","osm_version":2,"license":"ODbL 1.0"}},{"type":"Feature","geometry":{"type":"Point","coordinates":[-110.651799,47.835109]},"properties":{"id":"MT-OSM13271178321","state":"MT","title":"Ron Jovanovich","subtitle":null,"text":null,"text_source":null,"text_status":"pending","topic":null,"status":"active","route":null,"milepost":null,"county":null,"image_url":null,"image_license":null,"image_credit":null,"wikidata_qid":"Q30","source_url":"https://www.openstreetmap.org/node/13271178321","source_agency":"OpenStreetMap contributors","source_id":"13271178321","osm_version":3,"license":"ODbL 1.0"}},{"type":"Feature","geometry":{"type":"Point","coordinates":[-110.651756,47.835133]},"properties":{"id":"MT-OSM13271548344","state":"MT","title":"Sue Cline","subtitle":null,"text":null,"text_source":null,"text_status":"pending","topic":null,"status":"active","route":null,"milepost":null,"county":null,"image_url":null,"image_license":null,"image_credit":null,"wikidata_qid":null,"source_url":"https://www.openstreetmap.org/node/13271548344","source_agency":"OpenStreetMap contributors","source_id":"13271548344","osm_version":1,"license":"ODbL 1.0"}},{"type":"Feature","geometry":{"type":"Point","coordinates":[-110.671986,47.810693]},"properties":{"id":"MT-OSM13276716455","state":"MT","title":"Lewis & Clark Botanical Groves","subtitle":null,"text":null,"text_source":null,"text_status":"pending","topic":"Lewis & Clark","status":"active","route":null,"milepost":null,"county":null,"image_url":null,"image_license":null,"image_credit":null,"wikidata_qid":null,"source_url":"https://www.openstreetmap.org/node/13276716455","source_agency":"OpenStreetMap contributors","source_id":"13276716455","osm_version":1,"license":"ODbL 1.0"}},{"type":"Feature","geometry":{"type":"Point","coordinates":[-110.236034,48.031984]},"properties":{"id":"MT-OSM13374773836","state":"MT","title":"Upper Missouri River Breaks National Monument","subtitle":null,"text":null,"text_source":null,"text_status":"pending","topic":null,"status":"active","route":null,"milepost":null,"county":null,"image_url":null,"image_license":null,"image_credit":null,"wikidata_qid":null,"source_url":"https://www.openstreetmap.org/node/13374773836","source_agency":"OpenStreetMap contributors","source_id":"13374773836","osm_version":1,"license":"ODbL 1.0"}},{"type":"Feature","geometry":{"type":"Point","coordinates":[-110.498404,47.925175]},"properties":{"id":"MT-OSM13376870277","state":"MT","title":"The Lewis and Clark Expedition","subtitle":null,"text":null,"text_source":null,"text_status":"pending","topic":"Lewis & Clark","status":"active","route":null,"milepost":null,"county":null,"image_url":null,"image_license":null,"image_credit":null,"wikidata_qid":null,"source_url":"https://www.openstreetmap.org/node/13376870277","source_agency":"OpenStreetMap contributors","source_id":"13376870277","osm_version":1,"license":"ODbL 1.0"}},{"type":"Feature","geometry":{"type":"Point","coordinates":[-110.498355,47.925192]},"properties":{"id":"MT-OSM13376870278","state":"MT","title":"Decision Point","subtitle":null,"text":null,"text_source":null,"text_status":"pending","topic":null,"status":"active","route":null,"milepost":null,"county":null,"image_url":null,"image_license":null,"image_credit":null,"wikidata_qid":null,"source_url":"https://www.openstreetmap.org/node/13376870278","source_agency":"OpenStreetMap contributors","source_id":"13376870278","osm_version":1,"license":"ODbL 1.0"}},{"type":"Feature","geometry":{"type":"Point","coordinates":[-110.667272,47.817341]},"properties":{"id":"MT-OSM13396854152","state":"MT","title":"Bridge Restorations","subtitle":null,"text":null,"text_source":null,"text_status":"pending","topic":null,"status":"active","route":null,"milepost":null,"county":null,"image_url":null,"image_license":null,"image_credit":null,"wikidata_qid":null,"source_url":"https://www.openstreetmap.org/node/13396854152","source_agency":"OpenStreetMap contributors","source_id":"13396854152","osm_version":2,"license":"ODbL 1.0"}},{"type":"Feature","geometry":{"type":"Point","coordinates":[-110.66592,47.817001]},"properties":{"id":"MT-OSM13416341984","state":"MT","title":"Mike Taylor","subtitle":null,"text":null,"text_source":null,"text_status":"pending","topic":null,"status":"active","route":null,"milepost":null,"county":null,"image_url":null,"image_license":null,"image_credit":null,"wikidata_qid":null,"source_url":"https://www.openstreetmap.org/node/13416341984","source_agency":"OpenStreetMap contributors","source_id":"13416341984","osm_version":1,"license":"ODbL 1.0"}},{"type":"Feature","geometry":{"type":"Point","coordinates":[-110.667117,47.817582]},"properties":{"id":"MT-OSM13416365264","state":"MT","title":"Old Fort Benton Bridge","subtitle":null,"text":null,"text_source":null,"text_status":"pending","topic":"Military","status":"active","route":null,"milepost":null,"county":null,"image_url":null,"image_license":null,"image_credit":null,"wikidata_qid":null,"source_url":"https://www.openstreetmap.org/node/13416365264","source_agency":"OpenStreetMap contributors","source_id":"13416365264","osm_version":1,"license":"ODbL 1.0"}},{"type":"Feature","geometry":{"type":"Point","coordinates":[-110.663909,47.820822]},"properties":{"id":"MT-OSM13701996626","state":"MT","title":"Old Forts Trail","subtitle":null,"text":null,"text_source":null,"text_status":"pending","topic":null,"status":"active","route":null,"milepost":null,"county":null,"image_url":null,"image_license":null,"image_credit":null,"wikidata_qid":null,"source_url":"https://www.openstreetmap.org/node/13701996626","source_agency":"OpenStreetMap contributors","source_id":"13701996626","osm_version":2,"license":"ODbL 1.0"}},{"type":"Feature","geometry":{"type":"Point","coordinates":[-112.5361,45.993736]},"properties":{"id":"MT-OSM14095891303","state":"MT","title":"Cleanup in Butte","subtitle":null,"text":null,"text_source":null,"text_status":"pending","topic":null,"status":"active","route":null,"milepost":null,"county":null,"image_url":null,"image_license":null,"image_credit":null,"wikidata_qid":null,"source_url":"https://www.openstreetmap.org/node/14095891303","source_agency":"OpenStreetMap contributors","source_id":"14095891303","osm_version":1,"license":"ODbL 1.0"}},{"type":"Feature","geometry":{"type":"Point","coordinates":[-112.536517,45.993827]},"properties":{"id":"MT-OSM14095891304","state":"MT","title":"Upland Habitat","subtitle":null,"text":null,"text_source":null,"text_status":"pending","topic":null,"status":"active","route":null,"milepost":null,"county":null,"image_url":null,"image_license":null,"image_credit":null,"wikidata_qid":null,"source_url":"https://www.openstreetmap.org/node/14095891304","source_agency":"OpenStreetMap contributors","source_id":"14095891304","osm_version":1,"license":"ODbL 1.0"}},{"type":"Feature","geometry":{"type":"Point","coordinates":[-116.075642,44.728422]},"properties":{"id":"ID-OSM3774546702","state":"ID","title":"Visitor Services","subtitle":null,"text":null,"text_source":null,"text_status":"pending","topic":null,"status":"active","route":null,"milepost":null,"county":null,"image_url":null,"image_license":null,"image_credit":null,"wikidata_qid":null,"source_url":"https://www.openstreetmap.org/node/3774546702","source_agency":"OpenStreetMap contributors","source_id":"3774546702","osm_version":4,"license":"ODbL 1.0"}},{"type":"Feature","geometry":{"type":"Point","coordinates":[-113.537184,43.452408]},"properties":{"id":"ID-OSM4927780031","state":"ID","title":"Walking Softly","subtitle":null,"text":null,"text_source":null,"text_status":"pending","topic":null,"status":"active","route":null,"milepost":null,"county":null,"image_url":null,"image_license":null,"image_credit":null,"wikidata_qid":null,"source_url":"https://www.openstreetmap.org/node/4927780031","source_agency":"OpenStreetMap contributors","source_id":"4927780031","osm_version":2,"license":"ODbL 1.0"}},{"type":"Feature","geometry":{"type":"Point","coordinates":[-113.536614,43.451943]},"properties":{"id":"ID-OSM4927780062","state":"ID","title":"It's in the Air","subtitle":null,"text":null,"text_source":null,"text_status":"pending","topic":null,"status":"active","route":null,"milepost":null,"county":null,"image_url":null,"image_license":null,"image_credit":null,"wikidata_qid":null,"source_url":"https://www.openstreetmap.org/node/4927780062","source_agency":"OpenStreetMap contributors","source_id":"4927780062","osm_version":2,"license":"ODbL 1.0"}},{"type":"Feature","geometry":{"type":"Point","coordinates":[-113.53682,43.45015]},"properties":{"id":"ID-OSM4927780064","state":"ID","title":"Pulse of the Park","subtitle":null,"text":null,"text_source":null,"text_status":"pending","topic":null,"status":"active","route":null,"milepost":null,"county":null,"image_url":null,"image_license":null,"image_credit":null,"wikidata_qid":null,"source_url":"https://www.openstreetmap.org/node/4927780064","source_agency":"OpenStreetMap contributors","source_id":"4927780064","osm_version":2,"license":"ODbL 1.0"}},{"type":"Feature","geometry":{"type":"Point","coordinates":[-113.537472,43.450088]},"properties":{"id":"ID-OSM4927780065","state":"ID","title":"Country Air","subtitle":null,"text":null,"text_source":null,"text_status":"pending","topic":null,"status":"active","route":null,"milepost":null,"county":null,"image_url":null,"image_license":null,"image_credit":null,"wikidata_qid":null,"source_url":"https://www.openstreetmap.org/node/4927780065","source_agency":"OpenStreetMap contributors","source_id":"4927780065","osm_version":2,"license":"ODbL 1.0"}},{"type":"Feature","geometry":{"type":"Point","coordinates":[-113.538254,43.450992]},"properties":{"id":"ID-OSM4927780067","state":"ID","title":"Good Neighbors","subtitle":null,"text":null,"text_source":null,"text_status":"pending","topic":null,"status":"active","route":null,"milepost":null,"county":null,"image_url":null,"image_license":null,"image_credit":null,"wikidata_qid":null,"source_url":"https://www.openstreetmap.org/node/4927780067","source_agency":"OpenStreetMap contributors","source_id":"4927780067","osm_version":2,"license":"ODbL 1.0"}},{"type":"Feature","geometry":{"type":"Point","coordinates":[-113.560859,43.458467]},"properties":{"id":"ID-OSM4928423887","state":"ID","title":"Lava Flowers","subtitle":null,"text":null,"text_source":null,"text_status":"pending","topic":null,"status":"active","route":null,"milepost":null,"county":null,"image_url":null,"image_license":null,"image_credit":null,"wikidata_qid":null,"source_url":"https://www.openstreetmap.org/node/4928423887","source_agency":"OpenStreetMap contributors","source_id":"4928423887","osm_version":2,"license":"ODbL 1.0"}},{"type":"Feature","geometry":{"type":"Point","coordinates":[-113.559001,43.45752]},"properties":{"id":"ID-OSM4928423997","state":"ID","title":"North Crater Flow Trail","subtitle":null,"text":null,"text_source":null,"text_status":"pending","topic":null,"status":"active","route":null,"milepost":null,"county":null,"image_url":null,"image_license":null,"image_credit":null,"wikidata_qid":null,"source_url":"https://www.openstreetmap.org/node/4928423997","source_agency":"OpenStreetMap contributors","source_id":"4928423997","osm_version":2,"license":"ODbL 1.0"}},{"type":"Feature","geometry":{"type":"Point","coordinates":[-115.607606,47.342049]},"properties":{"id":"ID-OSM6597473058","state":"ID","title":"This Place Had a Name","subtitle":null,"text":null,"text_source":null,"text_status":"pending","topic":null,"status":"active","route":null,"milepost":null,"county":null,"image_url":null,"image_license":null,"image_credit":null,"wikidata_qid":null,"source_url":"https://www.openstreetmap.org/node/6597473058","source_agency":"OpenStreetMap contributors","source_id":"6597473058","osm_version":1,"license":"ODbL 1.0"}},{"type":"Feature","geometry":{"type":"Point","coordinates":[-114.577234,46.634346]},"properties":{"id":"ID-OSM6600655389","state":"ID","title":"Stephen E. Ambrose","subtitle":null,"text":null,"text_source":null,"text_status":"pending","topic":null,"status":"active","route":null,"milepost":null,"county":null,"image_url":null,"image_license":null,"image_credit":null,"wikidata_qid":null,"source_url":"https://www.openstreetmap.org/node/6600655389","source_agency":"OpenStreetMap contributors","source_id":"6600655389","osm_version":1,"license":"ODbL 1.0"}},{"type":"Feature","geometry":{"type":"Point","coordinates":[-116.204691,43.604468]},"properties":{"id":"ID-OSM6786930624","state":"ID","title":"Dr Bong Shin Memorial Plaque","subtitle":null,"text":"In honor of his ten years of outstanding service to the University and the College of Business, where he served as Professor, Department Chair and Dean. Bong displayed unparalleled courage, integrity, dignity, commitment, patience and concern for others.","text_source":"OpenStreetMap contributors, node/6786930624 v1","text_status":"community","topic":"Education","status":"active","route":null,"milepost":null,"county":null,"image_url":null,"image_license":null,"image_credit":null,"wikidata_qid":null,"source_url":"https://www.openstreetmap.org/node/6786930624","source_agency":"OpenStreetMap contributors","source_id":"6786930624","osm_version":1,"license":"ODbL 1.0"}},{"type":"Feature","geometry":{"type":"Point","coordinates":[-116.204463,43.608963]},"properties":{"id":"ID-OSM7075951818","state":"ID","title":"The Story of Julia & Tom Davis","subtitle":null,"text":null,"text_source":null,"text_status":"pending","topic":null,"status":"active","route":null,"milepost":null,"county":null,"image_url":null,"image_license":null,"image_credit":null,"wikidata_qid":null,"source_url":"https://www.openstreetmap.org/node/7075951818","source_agency":"OpenStreetMap contributors","source_id":"7075951818","osm_version":2,"license":"ODbL 1.0"}},{"type":"Feature","geometry":{"type":"Point","coordinates":[-116.205094,43.609296]},"properties":{"id":"ID-OSM7075951871","state":"ID","title":"In Honor of Edna Schultz and Members of the Idaho Rose Socie…","subtitle":null,"text":"In Honor of Edna Schultz and Members of the Idaho Rose Society From The Boise Parks and Recreation Dept.","text_source":"OpenStreetMap contributors, node/7075951871 v1","text_status":"community","topic":null,"status":"active","route":null,"milepost":null,"county":null,"image_url":null,"image_license":null,"image_credit":null,"wikidata_qid":null,"source_url":"https://www.openstreetmap.org/node/7075951871","source_agency":"OpenStreetMap contributors","source_id":"7075951871","osm_version":1,"license":"ODbL 1.0"}},{"type":"Feature","geometry":{"type":"Point","coordinates":[-116.213483,43.588826]},"properties":{"id":"ID-OSM7081842848","state":"ID","title":"Sally Reed Lived Here","subtitle":null,"text":null,"text_source":null,"text_status":"pending","topic":null,"status":"active","route":null,"milepost":null,"county":null,"image_url":null,"image_license":null,"image_credit":null,"wikidata_qid":null,"source_url":"https://www.openstreetmap.org/node/7081842848","source_agency":"OpenStreetMap contributors","source_id":"7081842848","osm_version":2,"license":"ODbL 1.0"}},{"type":"Feature","geometry":{"type":"Point","coordinates":[-114.473172,42.597054]},"properties":{"id":"ID-OSM7917818519","state":"ID","title":"Crossing The Snake River","subtitle":null,"text":null,"text_source":null,"text_status":"pending","topic":null,"status":"active","route":null,"milepost":null,"county":null,"image_url":null,"image_license":null,"image_credit":null,"wikidata_qid":null,"source_url":"https://www.openstreetmap.org/node/7917818519","source_agency":"OpenStreetMap contributors","source_id":"7917818519","osm_version":2,"license":"ODbL 1.0"}},{"type":"Feature","geometry":{"type":"Point","coordinates":[-114.528022,46.625197]},"properties":{"id":"ID-OSM8150555329","state":"ID","title":"Glade Creek Overlook","subtitle":null,"text":null,"text_source":null,"text_status":"pending","topic":"Lewis & Clark","status":"active","route":null,"milepost":null,"county":null,"image_url":null,"image_license":null,"image_credit":null,"wikidata_qid":null,"source_url":"https://www.openstreetmap.org/node/8150555329","source_agency":"OpenStreetMap contributors","source_id":"8150555329","osm_version":1,"license":"ODbL 1.0"}},{"type":"Feature","geometry":{"type":"Point","coordinates":[-116.200393,43.616621]},"properties":{"id":"ID-OSM8984169589","state":"ID","title":"Lumberjack to Statesman","subtitle":null,"text":null,"text_source":null,"text_status":"pending","topic":null,"status":"active","route":null,"milepost":null,"county":null,"image_url":null,"image_license":null,"image_credit":null,"wikidata_qid":null,"source_url":"https://www.openstreetmap.org/node/8984169589","source_agency":"OpenStreetMap contributors","source_id":"8984169589","osm_version":2,"license":"ODbL 1.0"}},{"type":"Feature","geometry":{"type":"Point","coordinates":[-116.200316,43.616626]},"properties":{"id":"ID-OSM8984169590","state":"ID","title":"Sawtooth National Recreation Area","subtitle":null,"text":null,"text_source":null,"text_status":"pending","topic":null,"status":"active","route":null,"milepost":null,"county":null,"image_url":null,"image_license":null,"image_credit":null,"wikidata_qid":null,"source_url":"https://www.openstreetmap.org/node/8984169590","source_agency":"OpenStreetMap contributors","source_id":"8984169590","osm_version":2,"license":"ODbL 1.0"}},{"type":"Feature","geometry":{"type":"Point","coordinates":[-116.147761,43.59856]},"properties":{"id":"ID-OSM9041910316","state":"ID","title":"Table Rock Cross Information","subtitle":null,"text":null,"text_source":null,"text_status":"pending","topic":"Geology / natural history","status":"active","route":null,"milepost":null,"county":null,"image_url":null,"image_license":null,"image_credit":null,"wikidata_qid":null,"source_url":"https://www.openstreetmap.org/node/9041910316","source_agency":"OpenStreetMap contributors","source_id":"9041910316","osm_version":1,"license":"ODbL 1.0"}},{"type":"Feature","geometry":{"type":"Point","coordinates":[-113.305335,43.631947]},"properties":{"id":"ID-OSM10019704410","state":"ID","title":"C. A. Bottolfsen","subtitle":null,"text":null,"text_source":null,"text_status":"pending","topic":null,"status":"active","route":null,"milepost":null,"county":null,"image_url":null,"image_license":null,"image_credit":null,"wikidata_qid":"Q442380","source_url":"https://www.openstreetmap.org/node/10019704410","source_agency":"OpenStreetMap contributors","source_id":"10019704410","osm_version":1,"license":"ODbL 1.0"}},{"type":"Feature","geometry":{"type":"Point","coordinates":[-116.578155,47.972922]},"properties":{"id":"ID-OSM11117685418","state":"ID","title":"Camp Hill","subtitle":null,"text":null,"text_source":null,"text_status":"pending","topic":null,"status":"active","route":null,"milepost":null,"county":null,"image_url":null,"image_license":null,"image_credit":null,"wikidata_qid":null,"source_url":"https://www.openstreetmap.org/node/11117685418","source_agency":"OpenStreetMap contributors","source_id":"11117685418","osm_version":1,"license":"ODbL 1.0"}},{"type":"Feature","geometry":{"type":"Point","coordinates":[-116.592319,47.951835]},"properties":{"id":"ID-OSM11117691182","state":"ID","title":"The Scout Trail","subtitle":null,"text":null,"text_source":null,"text_status":"pending","topic":null,"status":"active","route":null,"milepost":null,"county":null,"image_url":null,"image_license":null,"image_credit":null,"wikidata_qid":null,"source_url":"https://www.openstreetmap.org/node/11117691182","source_agency":"OpenStreetMap contributors","source_id":"11117691182","osm_version":1,"license":"ODbL 1.0"}},{"type":"Feature","geometry":{"type":"Point","coordinates":[-116.618602,43.706407]},"properties":{"id":"ID-OSM11658374030","state":"ID","title":"Welcome to the Lee Moberly Museum and Trolly Station","subtitle":null,"text":null,"text_source":null,"text_status":"pending","topic":null,"status":"active","route":null,"milepost":null,"county":null,"image_url":null,"image_license":null,"image_credit":null,"wikidata_qid":"Q62024559","source_url":"https://www.openstreetmap.org/node/11658374030","source_agency":"OpenStreetMap contributors","source_id":"11658374030","osm_version":4,"license":"ODbL 1.0"}},{"type":"Feature","geometry":{"type":"Point","coordinates":[-113.537786,43.450587]},"properties":{"id":"ID-OSM11979368368","state":"ID","title":"Trying Your Hand","subtitle":null,"text":null,"text_source":null,"text_status":"pending","topic":null,"status":"active","route":null,"milepost":null,"county":null,"image_url":null,"image_license":null,"image_credit":null,"wikidata_qid":null,"source_url":"https://www.openstreetmap.org/node/11979368368","source_agency":"OpenStreetMap contributors","source_id":"11979368368","osm_version":1,"license":"ODbL 1.0"}},{"type":"Feature","geometry":{"type":"Point","coordinates":[-114.251132,42.677773]},"properties":{"id":"ID-OSM12067480985","state":"ID","title":"Honor Roll","subtitle":null,"text":null,"text_source":null,"text_status":"pending","topic":null,"status":"active","route":null,"milepost":null,"county":null,"image_url":null,"image_license":null,"image_credit":null,"wikidata_qid":null,"source_url":"https://www.openstreetmap.org/node/12067480985","source_agency":"OpenStreetMap contributors","source_id":"12067480985","osm_version":1,"license":"ODbL 1.0"}},{"type":"Feature","geometry":{"type":"Point","coordinates":[-115.935124,47.459051]},"properties":{"id":"ID-OSM12206676615","state":"ID","title":"Wildfire","subtitle":null,"text":"To the immortality of the human spirit, this memorial is dedicated to all the brave souls who fight the wildfire that the memory of their efforts will never be lost. August 10, 1984, U.S. Forest Service, National Historical Marker","text_source":"OpenStreetMap contributors, node/12206676615 v1","text_status":"community","topic":null,"status":"active","route":null,"milepost":null,"county":null,"image_url":null,"image_license":null,"image_credit":null,"wikidata_qid":"Q5344918","source_url":"https://www.openstreetmap.org/node/12206676615","source_agency":"OpenStreetMap contributors","source_id":"12206676615","osm_version":1,"license":"ODbL 1.0"}},{"type":"Feature","geometry":{"type":"Point","coordinates":[-115.959638,47.446088]},"properties":{"id":"ID-OSM12206676895","state":"ID","title":"In memory of Unidentified Man, August Berger, Joe Ferre, Har…","subtitle":null,"text":"In memory of Unidentified Man, August Berger, Joe Ferre, Harry Hansen, William Learmouth, Richard Woods. They died as truly in the service of their country as did those on Flanders' poppy-covered fields. Eu Pulaski, 1923","text_source":"OpenStreetMap contributors, node/12206676895 v1","text_status":"community","topic":null,"status":"active","route":null,"milepost":null,"county":null,"image_url":null,"image_license":null,"image_credit":null,"wikidata_qid":"Q5344918","source_url":"https://www.openstreetmap.org/node/12206676895","source_agency":"OpenStreetMap contributors","source_id":"12206676895","osm_version":1,"license":"ODbL 1.0"}},{"type":"Feature","geometry":{"type":"Point","coordinates":[-115.95169,47.455671]},"properties":{"id":"ID-OSM12206676902","state":"ID","title":"War Eagle Buffalo Ventilator","subtitle":null,"text":null,"text_source":null,"text_status":"pending","topic":"Military","status":"active","route":null,"milepost":null,"county":null,"image_url":null,"image_license":null,"image_credit":null,"wikidata_qid":null,"source_url":"https://www.openstreetmap.org/node/12206676902","source_agency":"OpenStreetMap contributors","source_id":"12206676902","osm_version":1,"license":"ODbL 1.0"}},{"type":"Feature","geometry":{"type":"Point","coordinates":[-116.863722,48.739703]},"properties":{"id":"ID-OSM12243494921","state":"ID","title":"Gerald Lindquist memorial","subtitle":null,"text":"Navigation Trail - Dedicated to the memory of Gerald Lindquist \"Trail Crew Boss\" USDA Forest Service","text_source":"OpenStreetMap contributors, node/12243494921 v1","text_status":"community","topic":null,"status":"active","route":null,"milepost":null,"county":null,"image_url":null,"image_license":null,"image_credit":null,"wikidata_qid":null,"source_url":"https://www.openstreetmap.org/node/12243494921","source_agency":"OpenStreetMap contributors","source_id":"12243494921","osm_version":1,"license":"ODbL 1.0"}},{"type":"Feature","geometry":{"type":"Point","coordinates":[-116.613355,43.699291]},"properties":{"id":"ID-OSM12399634536","state":"ID","title":"Original Middleton Townsite 1863–1881","subtitle":null,"text":"Original Middleton Townsite 1863–1881. In memory of Jennie Cornell","text_source":"OpenStreetMap contributors, node/12399634536 v2","text_status":"community","topic":null,"status":"active","route":null,"milepost":null,"county":null,"image_url":null,"image_license":null,"image_credit":null,"wikidata_qid":null,"source_url":"https://www.openstreetmap.org/node/12399634536","source_agency":"OpenStreetMap contributors","source_id":"12399634536","osm_version":2,"license":"ODbL 1.0"}},{"type":"Feature","geometry":{"type":"Point","coordinates":[-116.614438,43.700533]},"properties":{"id":"ID-OSM12404264243","state":"ID","title":"In honor of Johnnie D. Dickinson for a lifetime of service t…","subtitle":null,"text":"In honor of Johnnie D. Dickinson for a lifetime of service to the commnunity. By the Middleton Quick Response Unit and Middleton Business Association","text_source":"OpenStreetMap contributors, node/12404264243 v3","text_status":"community","topic":null,"status":"active","route":null,"milepost":null,"county":null,"image_url":null,"image_license":null,"image_credit":null,"wikidata_qid":null,"source_url":"https://www.openstreetmap.org/node/12404264243","source_agency":"OpenStreetMap contributors","source_id":"12404264243","osm_version":3,"license":"ODbL 1.0"}},{"type":"Feature","geometry":{"type":"Point","coordinates":[-116.834284,48.350555]},"properties":{"id":"ID-OSM13176245111","state":"ID","title":"Benton Creek Riparian Area","subtitle":null,"text":null,"text_source":null,"text_status":"pending","topic":null,"status":"active","route":null,"milepost":null,"county":null,"image_url":null,"image_license":null,"image_credit":null,"wikidata_qid":null,"source_url":"https://www.openstreetmap.org/node/13176245111","source_agency":"OpenStreetMap contributors","source_id":"13176245111","osm_version":1,"license":"ODbL 1.0"}},{"type":"Feature","geometry":{"type":"Point","coordinates":[-116.833941,48.350912]},"properties":{"id":"ID-OSM13176245112","state":"ID","title":"Old Meadow Trail","subtitle":null,"text":null,"text_source":null,"text_status":"pending","topic":null,"status":"active","route":null,"milepost":null,"county":null,"image_url":null,"image_license":null,"image_credit":null,"wikidata_qid":null,"source_url":"https://www.openstreetmap.org/node/13176245112","source_agency":"OpenStreetMap contributors","source_id":"13176245112","osm_version":1,"license":"ODbL 1.0"}},{"type":"Feature","geometry":{"type":"Point","coordinates":[-116.619502,43.710222]},"properties":{"id":"ID-OSM13183438415","state":"ID","title":"Site of the Middleton Flour Mill 1871-1899","subtitle":null,"text":"BUILT BY JIM STEVENSON AND CO. IN 1871 S.S. FOOTE WAS THE MILLER AND HE BECAME SOLE OWNER IN 1885. REPUTATION OF THE MILL WAS SO GOOD THAT WHEAT WAS BROUGHT OVER IOO MILES TO BE GROUND. THE MILL MOVED TO CALDWELL IN 1899.","text_source":"OpenStreetMap contributors, node/13183438415 v1","text_status":"community","topic":null,"status":"active","route":null,"milepost":null,"county":null,"image_url":null,"image_license":null,"image_credit":null,"wikidata_qid":null,"source_url":"https://www.openstreetmap.org/node/13183438415","source_agency":"OpenStreetMap contributors","source_id":"13183438415","osm_version":1,"license":"ODbL 1.0"}},{"type":"Feature","geometry":{"type":"Point","coordinates":[-112.183007,43.310374]},"properties":{"id":"ID-OSM13608074939","state":"ID","title":"Brandon Meppin Memorial Field","subtitle":null,"text":null,"text_source":null,"text_status":"pending","topic":null,"status":"active","route":null,"milepost":null,"county":null,"image_url":null,"image_license":null,"image_credit":null,"wikidata_qid":null,"source_url":"https://www.openstreetmap.org/node/13608074939","source_agency":"OpenStreetMap contributors","source_id":"13608074939","osm_version":3,"license":"ODbL 1.0"}},{"type":"Feature","geometry":{"type":"Point","coordinates":[-113.142558,42.614808]},"properties":{"id":"ID-OSM13892694746","state":"ID","title":"Native Americans","subtitle":null,"text":null,"text_source":null,"text_status":"pending","topic":null,"status":"active","route":null,"milepost":null,"county":null,"image_url":null,"image_license":null,"image_credit":null,"wikidata_qid":null,"source_url":"https://www.openstreetmap.org/node/13892694746","source_agency":"OpenStreetMap contributors","source_id":"13892694746","osm_version":5,"license":"ODbL 1.0"}},{"type":"Feature","geometry":{"type":"Point","coordinates":[-113.142505,42.61481]},"properties":{"id":"ID-OSM13892698191","state":"ID","title":"Lander Road","subtitle":null,"text":null,"text_source":null,"text_status":"pending","topic":null,"status":"active","route":null,"milepost":null,"county":null,"image_url":null,"image_license":null,"image_credit":null,"wikidata_qid":null,"source_url":"https://www.openstreetmap.org/node/13892698191","source_agency":"OpenStreetMap contributors","source_id":"13892698191","osm_version":4,"license":"ODbL 1.0"}},{"type":"Feature","geometry":{"type":"Point","coordinates":[-113.142507,42.614794]},"properties":{"id":"ID-OSM13892698192","state":"ID","title":"Fort Hall","subtitle":null,"text":null,"text_source":null,"text_status":"pending","topic":"Military","status":"active","route":null,"milepost":null,"county":null,"image_url":null,"image_license":null,"image_credit":null,"wikidata_qid":null,"source_url":"https://www.openstreetmap.org/node/13892698192","source_agency":"OpenStreetMap contributors","source_id":"13892698192","osm_version":4,"license":"ODbL 1.0"}},{"type":"Feature","geometry":{"type":"Point","coordinates":[-113.142529,42.614838]},"properties":{"id":"ID-OSM13892698962","state":"ID","title":"The Oregon Trail","subtitle":null,"text":null,"text_source":null,"text_status":"pending","topic":"Oregon / California Trail","status":"active","route":null,"milepost":null,"county":null,"image_url":null,"image_license":null,"image_credit":null,"wikidata_qid":null,"source_url":"https://www.openstreetmap.org/node/13892698962","source_agency":"OpenStreetMap contributors","source_id":"13892698962","osm_version":4,"license":"ODbL 1.0"}},{"type":"Feature","geometry":{"type":"Point","coordinates":[-113.142556,42.614787]},"properties":{"id":"ID-OSM13892699503","state":"ID","title":"Soda Springs","subtitle":null,"text":null,"text_source":null,"text_status":"pending","topic":null,"status":"active","route":null,"milepost":null,"county":null,"image_url":null,"image_license":null,"image_credit":null,"wikidata_qid":null,"source_url":"https://www.openstreetmap.org/node/13892699503","source_agency":"OpenStreetMap contributors","source_id":"13892699503","osm_version":4,"license":"ODbL 1.0"}},{"type":"Feature","geometry":{"type":"Point","coordinates":[-116.208438,43.608264]},"properties":{"id":"ID-OSM13892701844","state":"ID","title":"Oregon Trail Memorial Bridge - 1931","subtitle":null,"text":null,"text_source":null,"text_status":"pending","topic":"Oregon / California Trail","status":"active","route":null,"milepost":null,"county":null,"image_url":null,"image_license":null,"image_credit":null,"wikidata_qid":null,"source_url":"https://www.openstreetmap.org/node/13892701844","source_agency":"OpenStreetMap contributors","source_id":"13892701844","osm_version":4,"license":"ODbL 1.0"}},{"type":"Feature","geometry":{"type":"Point","coordinates":[-113.00507,43.511745]},"properties":{"id":"ID-OSM13915562599","state":"ID","title":"The Plane that Never Was","subtitle":null,"text":null,"text_source":null,"text_status":"pending","topic":null,"status":"active","route":null,"milepost":null,"county":null,"image_url":null,"image_license":null,"image_credit":null,"wikidata_qid":null,"source_url":"https://www.openstreetmap.org/node/13915562599","source_agency":"OpenStreetMap contributors","source_id":"13915562599","osm_version":3,"license":"ODbL 1.0"}},{"type":"Feature","geometry":{"type":"Point","coordinates":[-113.00502,43.511727]},"properties":{"id":"ID-OSM13915562600","state":"ID","title":"A Nuclear-Powered Bomber... that Never Flew","subtitle":null,"text":null,"text_source":null,"text_status":"pending","topic":null,"status":"active","route":null,"milepost":null,"county":null,"image_url":null,"image_license":null,"image_credit":null,"wikidata_qid":null,"source_url":"https://www.openstreetmap.org/node/13915562600","source_agency":"OpenStreetMap contributors","source_id":"13915562600","osm_version":3,"license":"ODbL 1.0"}},{"type":"Feature","geometry":{"type":"Point","coordinates":[-113.004993,43.511954]},"properties":{"id":"ID-OSM13915562620","state":"ID","title":"Stationary Low-Power Reactor-1 (SL1) Accident","subtitle":null,"text":null,"text_source":null,"text_status":"pending","topic":null,"status":"active","route":null,"milepost":null,"county":null,"image_url":null,"image_license":null,"image_credit":null,"wikidata_qid":null,"source_url":"https://www.openstreetmap.org/node/13915562620","source_agency":"OpenStreetMap contributors","source_id":"13915562620","osm_version":3,"license":"ODbL 1.0"}},{"type":"Feature","geometry":{"type":"Point","coordinates":[-112.046049,43.491557]},"properties":{"id":"ID-OSM13963643228","state":"ID","title":"An Idaho First","subtitle":null,"text":null,"text_source":null,"text_status":"pending","topic":null,"status":"active","route":null,"milepost":null,"county":null,"image_url":null,"image_license":null,"image_credit":null,"wikidata_qid":null,"source_url":"https://www.openstreetmap.org/node/13963643228","source_agency":"OpenStreetMap contributors","source_id":"13963643228","osm_version":3,"license":"ODbL 1.0"}},{"type":"Feature","geometry":{"type":"Point","coordinates":[-114.280487,43.33112]},"properties":{"id":"ID-OSM14065134693","state":"ID","title":"Goodale's Cutoff","subtitle":null,"text":null,"text_source":null,"text_status":"pending","topic":null,"status":"active","route":null,"milepost":null,"county":null,"image_url":null,"image_license":null,"image_credit":null,"wikidata_qid":null,"source_url":"https://www.openstreetmap.org/node/14065134693","source_agency":"OpenStreetMap contributors","source_id":"14065134693","osm_version":1,"license":"ODbL 1.0"}},{"type":"Feature","geometry":{"type":"Point","coordinates":[-114.28043,43.331127]},"properties":{"id":"ID-OSM14065135363","state":"ID","title":"Emigrant Travel","subtitle":null,"text":null,"text_source":null,"text_status":"pending","topic":"Oregon / California Trail","status":"active","route":null,"milepost":null,"county":null,"image_url":null,"image_license":null,"image_credit":null,"wikidata_qid":null,"source_url":"https://www.openstreetmap.org/node/14065135363","source_agency":"OpenStreetMap contributors","source_id":"14065135363","osm_version":1,"license":"ODbL 1.0"}},{"type":"Feature","geometry":{"type":"Point","coordinates":[-114.280183,43.331112]},"properties":{"id":"ID-OSM14065135364","state":"ID","title":"Timmerman Hills","subtitle":null,"text":null,"text_source":null,"text_status":"pending","topic":null,"status":"active","route":null,"milepost":null,"county":null,"image_url":null,"image_license":null,"image_credit":null,"wikidata_qid":null,"source_url":"https://www.openstreetmap.org/node/14065135364","source_agency":"OpenStreetMap contributors","source_id":"14065135364","osm_version":1,"license":"ODbL 1.0"}},{"type":"Feature","geometry":{"type":"Point","coordinates":[-114.280482,43.331098]},"properties":{"id":"ID-OSM14065140871","state":"ID","title":"Fur Hunters","subtitle":null,"text":null,"text_source":null,"text_status":"pending","topic":null,"status":"active","route":null,"milepost":null,"county":null,"image_url":null,"image_license":null,"image_credit":null,"wikidata_qid":null,"source_url":"https://www.openstreetmap.org/node/14065140871","source_agency":"OpenStreetMap contributors","source_id":"14065140871","osm_version":1,"license":"ODbL 1.0"}},{"type":"Feature","geometry":{"type":"Point","coordinates":[-114.280165,43.331113]},"properties":{"id":"ID-OSM14065172671","state":"ID","title":"Timmerman Hills","subtitle":null,"text":null,"text_source":null,"text_status":"pending","topic":null,"status":"active","route":null,"milepost":null,"county":null,"image_url":null,"image_license":null,"image_credit":null,"wikidata_qid":null,"source_url":"https://www.openstreetmap.org/node/14065172671","source_agency":"OpenStreetMap contributors","source_id":"14065172671","osm_version":3,"license":"ODbL 1.0"}},{"type":"Feature","geometry":{"type":"Point","coordinates":[-114.280452,43.331147]},"properties":{"id":"ID-OSM14065172922","state":"ID","title":"Idaho's Emigrant Trails","subtitle":null,"text":null,"text_source":null,"text_status":"pending","topic":"Oregon / California Trail","status":"active","route":null,"milepost":null,"county":null,"image_url":null,"image_license":null,"image_credit":null,"wikidata_qid":null,"source_url":"https://www.openstreetmap.org/node/14065172922","source_agency":"OpenStreetMap contributors","source_id":"14065172922","osm_version":1,"license":"ODbL 1.0"}},{"type":"Feature","geometry":{"type":"Point","coordinates":[-111.809831,43.267408]},"properties":{"id":"ID-OSM14120213343","state":"ID","title":"100 Years of Girls Camp","subtitle":null,"text":null,"text_source":null,"text_status":"pending","topic":null,"status":"active","route":null,"milepost":null,"county":null,"image_url":null,"image_license":null,"image_credit":null,"wikidata_qid":null,"source_url":"https://www.openstreetmap.org/node/14120213343","source_agency":"OpenStreetMap contributors","source_id":"14120213343","osm_version":1,"license":"ODbL 1.0"}}]}