<?xml version="1.0" encoding="UTF-8"?>
<kml xmlns="http://www.opengis.net/kml/2.2"><Document>
<name>Roadside — Montana &amp; Idaho highway markers</name>
<Style id="MT"><IconStyle><color>ff527a5e</color><scale>0.9</scale><Icon><href>http://maps.google.com/mapfiles/kml/shapes/placemark_circle.png</href></Icon></IconStyle></Style>
<Style id="ID"><IconStyle><color>ff3b57b0</color><scale>0.9</scale><Icon><href>http://maps.google.com/mapfiles/kml/shapes/placemark_circle.png</href></Icon></IconStyle></Style>
<Folder><name>Montana</name>
<Placemark><name>Marysville Montana</name><styleUrl>#MT</styleUrl><description><![CDATA[Sign text not yet published online by the state.<br><br>Source: Montana Department of Transportation (#1)]]></description><Point><coordinates>-112.299758,46.748368,0</coordinates></Point></Placemark>
<Placemark><name>Park City, Ho! for the States!</name><styleUrl>#MT</styleUrl><description><![CDATA[Sign text not yet published online by the state.<br><br>Source: Montana Department of Transportation (#2)]]></description><Point><coordinates>-109.065075,45.598088,0</coordinates></Point></Placemark>
<Placemark><name>Garnets, Vigilantes and Gold Dredges</name><styleUrl>#MT</styleUrl><description><![CDATA[Sign text not yet published online by the state.<br><br>Source: Montana Department of Transportation (#3)]]></description><Point><coordinates>-112.076496,45.319997,0</coordinates></Point></Placemark>
<Placemark><name>Buffalo Country</name><styleUrl>#MT</styleUrl><description><![CDATA[Sign text not yet published online by the state.<br><br>Source: Montana Department of Transportation (#4)]]></description><Point><coordinates>-107.660028,46.089857,0</coordinates></Point></Placemark>
<Placemark><name>The Divide Trophy</name><styleUrl>#MT</styleUrl><description><![CDATA[Sign text not yet published online by the state.<br><br>Source: Montana Department of Transportation (#5)]]></description><Point><coordinates>-112.377208,45.914617,0</coordinates></Point></Placemark>
<Placemark><name>Beebe</name><styleUrl>#MT</styleUrl><description><![CDATA[Sign text not yet published online by the state.<br><br>Source: Montana Department of Transportation (#6)]]></description><Point><coordinates>-105.571211,46.055871,0</coordinates></Point></Placemark>
<Placemark><name>Nevada City</name><styleUrl>#MT</styleUrl><description><![CDATA[Sign text not yet published online by the state.<br><br>Source: Montana Department of Transportation (#7)]]></description><Point><coordinates>-111.968634,45.307448,0</coordinates></Point></Placemark>
<Placemark><name>Old Agency 1880 - 1894</name><styleUrl>#MT</styleUrl><description><![CDATA[Sign text not yet published online by the state.<br><br>Source: Montana Department of Transportation (#9)]]></description><Point><coordinates>-112.703153,48.433446,0</coordinates></Point></Placemark>
<Placemark><name>The Great Highway of the Northwest: the Yell Tr</name><styleUrl>#MT</styleUrl><description><![CDATA[Sign text not yet published online by the state.<br><br>Source: Montana Department of Transportation (#10)]]></description><Point><coordinates>-107.660074,46.089837,0</coordinates></Point></Placemark>
<Placemark><name>A Booming Little Place</name><styleUrl>#MT</styleUrl><description><![CDATA[Sign text not yet published online by the state.<br><br>Source: Montana Department of Transportation (#11)]]></description><Point><coordinates>-112.299751,46.748387,0</coordinates></Point></Placemark>
<Placemark><name>Jedediah Smith</name><styleUrl>#MT</styleUrl><description><![CDATA[Sign text not yet published online by the state.<br><br>Source: Montana Department of Transportation (#12)]]></description><Point><coordinates>-107.249405,46.218426,0</coordinates></Point></Placemark>
<Placemark><name>The Spring Creek Battle</name><styleUrl>#MT</styleUrl><description><![CDATA[Sign text not yet published online by the state.<br><br>Source: Montana Department of Transportation (#14)]]></description><Point><coordinates>-105.019434,46.898601,0</coordinates></Point></Placemark>
<Placemark><name>Fort Connah</name><styleUrl>#MT</styleUrl><description><![CDATA[Sign text not yet published online by the state.<br><br>Source: Montana Department of Transportation (#15)]]></description><Point><coordinates>-114.096661,47.409129,0</coordinates></Point></Placemark>
<Placemark><name>Bozeman Pass</name><styleUrl>#MT</styleUrl><description><![CDATA[Sign text not yet published online by the state.<br><br>Source: Montana Department of Transportation (#16)]]></description><Point><coordinates>-110.807379,45.667769,0</coordinates></Point></Placemark>
<Placemark><name>Fort Ellis</name><styleUrl>#MT</styleUrl><description><![CDATA[Sign text not yet published online by the state.<br><br>Source: Montana Department of Transportation (#18)]]></description><Point><coordinates>-111.064194,45.712365,0</coordinates></Point></Placemark>
<Placemark><name>The Hell Creek Formation</name><styleUrl>#MT</styleUrl><description><![CDATA[(west-bound) View/Download a PDF of the Road Sign Dinosaurs once ruled the Earth. Fossils of fierce Tyrannosaurus rex, three-horned Triceratops and many other dinosaur species can be found in the rocks of the Hell Creek Formation in eastern Montana. In the early years of the 20th century, cross-country travel by automobile was still an adventure comparable to the covered wagon days of the Old West. Instead of hostile Indians and buffalo stampedes, motorists contended with gumbo mud and rutted dirt tracks that could only marginally be called roads. In May 1916, a group of Spokane businessmen formed the National Parks Highway Association to promote an automobile route between Chicago and Seattle and designated a 3,100-mile route between the two cities as the National Parks Highway. The highway was little more than a patchwork of interconnected and unimproved county roads. In June 1916, Frank Guilbert set out with three companions in two Mitchell Six automobiles to blaze the route. For a month, the expedition battled its way across the northern tier of states, including a very rainy trip across Montana, before arriving in Seattle. The mission proved the feasibility of the National Parks Highway and its potential for tourism and commerce. By 1926, the road was known as U.S. Highway 10 and, in 1971, Interstate 94 superseded the old route.<br><br>Source: Montana Department of Transportation (#19)]]></description><Point><coordinates>-106.306452,46.269054,0</coordinates></Point></Placemark>
<Placemark><name>Red Lodge Country</name><styleUrl>#MT</styleUrl><description><![CDATA[Sign text not yet published online by the state.<br><br>Source: Montana Department of Transportation (#20)]]></description><Point><coordinates>-109.247586,45.177702,0</coordinates></Point></Placemark>
<Placemark><name>The Montana - Utah Road</name><styleUrl>#MT</styleUrl><description><![CDATA[Sign text not yet published online by the state.<br><br>Source: Montana Department of Transportation (#21)]]></description><Point><coordinates>-112.795186,44.853497,0</coordinates></Point></Placemark>
<Placemark><name>The Hell Creek Formation</name><styleUrl>#MT</styleUrl><description><![CDATA[(west-bound) View/Download a PDF of the Road Sign Dinosaurs once ruled the Earth. Fossils of fierce Tyrannosaurus rex, three-horned Triceratops and many other dinosaur species can be found in the rocks of the Hell Creek Formation in eastern Montana. In the early years of the 20th century, cross-country travel by automobile was still an adventure comparable to the covered wagon days of the Old West. Instead of hostile Indians and buffalo stampedes, motorists contended with gumbo mud and rutted dirt tracks that could only marginally be called roads. In May 1916, a group of Spokane businessmen formed the National Parks Highway Association to promote an automobile route between Chicago and Seattle and designated a 3,100-mile route between the two cities as the National Parks Highway. The highway was little more than a patchwork of interconnected and unimproved county roads. In June 1916, Frank Guilbert set out with three companions in two Mitchell Six automobiles to blaze the route. For a month, the expedition battled its way across the northern tier of states, including a very rainy trip across Montana, before arriving in Seattle. The mission proved the feasibility of the National Parks Highway and its potential for tourism and commerce. By 1926, the road was known as U.S. Highway 10 and, in 1971, Interstate 94 superseded the old route.<br><br>Source: Montana Department of Transportation (#22)]]></description><Point><coordinates>-106.279585,46.261286,0</coordinates></Point></Placemark>
<Placemark><name>The Divide Valley</name><styleUrl>#MT</styleUrl><description><![CDATA[Sign text not yet published online by the state.<br><br>Source: Montana Department of Transportation (#23)]]></description><Point><coordinates>-112.685628,45.836593,0</coordinates></Point></Placemark>
<Placemark><name>A Passage Through Time: the Jefferson River Canyon</name><styleUrl>#MT</styleUrl><description><![CDATA[The four-mile long Jefferson River Canyon was cut into the Tobacco Root Mountains between LaHood Park and Lewis and Clark Caverns State Park relatively recently in geologic time. The canyon exposes rocks that span over a billion years of geologic history. The rocks indicate times when the area was covered by shallow seas in which fine-grained sediment was deposited, and other times when rocks were exposed and eroded. The rocks also record times of volcanic activity and when stresses in the earth caused rocks to contort into folds or break into complex and significant faults. Entering the canyon from the east will take you backward in time. Most of the rocks at the east end of the canyon are sedimentary and volcanic rocks from the age of dinosaurs and younger. Gray cliffs of Madison limestone mark the entrance to the canyon, and form its walls for about a mile and a half to the west. Lewis and Clark Caverns developed in this limestone. A short distance beyond a northward bend in the highway, a steeper canyon is developed in dark-colored rocks of the La- Hood Formation that are much older than a billion years. In the outcrops of the LaHood Formation, chunks of a lighter-colored rock as much as 100-feet long are apparent within the dark rock of the canyon walls. They are boulders that broke off an ancient cliff produced by a major fault. A Brief History: After much political wrangling and public comments by citizens in Three Forks and Whitehall, the Montana Department of Transportation rerouted US Highway 10 through the Jefferson Canyon in 1928. Prior to that, the old highway bypassed the canyon. The new road was difficult to build and engineers used dynamite to blast a route for it through the rocks. When completed in 1930, the highway was one of the most scenic routes in Montana. Bypassed by Interstate 90 in 1968, this highway still retains many of the design features common to Great Depression-era roads and is a unique driving experience.<br><br>Source: Montana Department of Transportation (#24)]]></description><Point><coordinates>-111.857859,45.823319,0</coordinates></Point></Placemark>
<Placemark><name>Join the Voyage of Discovery</name><styleUrl>#MT</styleUrl><description><![CDATA[Sign text not yet published online by the state.<br><br>Source: Montana Department of Transportation (#25)]]></description><Point><coordinates>-113.979293,45.836280,0</coordinates></Point></Placemark>
<Placemark><name>The Ice Ages</name><styleUrl>#MT</styleUrl><description><![CDATA[For thousands of years, northern Montana was covered under a massive ice sheet. Glaciologists aren't sure why the ice ages began, but the process of glaciation is known because of the mark it leaves on the landscape. About 190,000 years ago, glaciers pushed their way onto the northern Great Plains of Montana from the north and northeast. This area was near the southern extent of the glacial ice sheet, so the ice depth was thinner than it was further to the north. As the glacier moved south, it blocked the Missouri River, forcing it to seek an ice-free channel farther to the south. The ice sheet lasted until about 130,000 years ago when it melted away. The ice left behind a radically changed landscape, dotted with small ponds and glacial till. Large boulders, called erratics, now litter the plains in this area along with extensive gravel beds. The glacier deposited the material as it moved across the landscape or it was deposited after the ice sheets melted. Some of the erratics came from as far away as northern Manitoba or were torn from rock outcrops west of Lake Winnipeg. The Missouri River never returned to its original channel, instead it is now occupied by the Milk River between Havre and Wolf Point. About 25,000 years ago, the Wisconsin ice sheet pushed south into northeastern Montana, but the highlands to the northwest diverted the glaciers to the east and west, leaving a large ice-free pocket between Glasgow and Hinsdale. The Wisconsin ice sheet retreated from Montana about 11,000 to 8,000 years ago. A Brief History : In 1919, motorists called US 2 the Theodore Roosevelt International Highway. Promoted as "the most wonderful Highway in all America," the road in Montana was a series of interconnected rutted county roads that became gumbo mud when wet. Despite the hazards, the route was a popular one with motorists in the early days of automobile travel.<br><br>Source: Montana Department of Transportation (#26)]]></description><Point><coordinates>-106.792630,48.369957,0</coordinates></Point></Placemark>
<Placemark><name>Berne Roadside Park</name><styleUrl>#MT</styleUrl><description><![CDATA[Sign text not yet published online by the state.<br><br>Source: Montana Department of Transportation (#27)]]></description><Point><coordinates>-114.102560,48.385595,0</coordinates></Point></Placemark>
<Placemark><name>The Cattle Drive of 1866</name><styleUrl>#MT</styleUrl><description><![CDATA[Sign text not yet published online by the state.<br><br>Source: Montana Department of Transportation (#28)]]></description><Point><coordinates>-109.756346,45.735777,0</coordinates></Point></Placemark>
<Placemark><name>Shields River Valley</name><styleUrl>#MT</styleUrl><description><![CDATA[Sign text not yet published online by the state.<br><br>Source: Montana Department of Transportation (#29)]]></description><Point><coordinates>-110.662716,46.005681,0</coordinates></Point></Placemark>
<Placemark><name>The Fort Union Formation and the Ice Age</name><styleUrl>#MT</styleUrl><description><![CDATA[The Fort Union Formation was deposited not long after the dinosaur extinction, about 65 million years ago. Rivers originating in mountains to the west and south carried abundant sediment to the nearby shallow inland sea to the east, crossing the subtropical, swampy coastal plain of eastern Montana on their way. As the rivers shifted, the swamp vegetation and peat were covered with thick deposits of sand, silt, and clay. In time, it compacted to form coal. The sand, silt, and clay cemented and compacted into sandstone, siltstone, and mudstone. Eastern Montana has an estimated 200 billion tons of coal that developed from the vegetation of these swamps. Geologists classify much of the coal buried in northeastern Montana as lignite, which has a low energy content. Most of the coal is buried under layers of the soft rock in the Fort Union Formation, but is locally exposed in hills and road cuts. The scattered red rock of the Fort Union Formation is clinker. Clinker forms when lightning strikes, wildfires, or spontaneous combustion causes the coal to ignite and burn. The intense heat of the burning coal bakes the adjacent sedimentary layers creating the dense, hard red rock.<br><br>Source: Montana Department of Transportation (#30)]]></description><Point><coordinates>-104.540126,48.770992,0</coordinates></Point></Placemark>
<Placemark><name>Hurry, Honyucker, Hurry!</name><styleUrl>#MT</styleUrl><description><![CDATA[Sign text not yet published online by the state.<br><br>Source: Montana Department of Transportation (#31)]]></description><Point><coordinates>-109.548032,48.564924,0</coordinates></Point></Placemark>
<Placemark><name>Jedediah Smith</name><styleUrl>#MT</styleUrl><description><![CDATA[Sign text not yet published online by the state.<br><br>Source: Montana Department of Transportation (#32)]]></description><Point><coordinates>-107.251620,46.219176,0</coordinates></Point></Placemark>
<Placemark><name>The Long, Long Trail</name><styleUrl>#MT</styleUrl><description><![CDATA[Sign text not yet published online by the state.<br><br>Source: Montana Department of Transportation (#33)]]></description><Point><coordinates>-107.549303,48.469733,0</coordinates></Point></Placemark>
<Placemark><name>The Salish and Pend D'oreille People and</name><styleUrl>#MT</styleUrl><description><![CDATA[Sign text not yet published online by the state.<br><br>Source: Montana Department of Transportation (#34)]]></description><Point><coordinates>-114.043537,47.137090,0</coordinates></Point></Placemark>
<Placemark><name>The Beartooth Plateau</name><styleUrl>#MT</styleUrl><description><![CDATA[The Beartooth Plateau contains some of the oldest exposed rocks on Earth and provides a unique window into the history of our planet. About 55 million years ago, this massive block of metamorphic basement rock pushed its way upward nearly two miles along steep faults that extend deep into the Earth. The exposed rock consists of coarse-grained gray and pink granites, gneisses, and schists that formed about 3.3 billion years ago when older sedimentary and volcanic rocks were heated and recrystallized deep in the Earth at extremely high temperatures. The plateau contains the oldest exposed rocks in Montana and they are among the oldest on Earth. The Stillwater Complex on the plateau's northern flank is one of the world's major sources of chromite, platinum, and palladium. During the ice ages, about 100,000 years ago, the Beartooth Plateau collected enough snow for glaciers to form and cover most of the plateau to a depth of several thousand feet. The spreading glaciers wore down the plateau's upper surface to leave the distinctively rounded rock outcrops, along with hundreds of lakes, ponds, and depressions. They flowed down old stream valleys, leaving them deepened and straightened, with vertical canyon walls and jagged peaks. The summit of the plateau is alpine tundra. A Brief History: Although these mountains were crisscrossed by trails used by Native Americans since prehistory, it was not until the 20th century that many sought a permanent route over the mountains from Red Lodge to Yellowstone National Park. As the Red Lodge coal mines closed, Red Lodge businessmen lobbied Montana's congressional delegation to construct a road between their community and the Park. In 1931, President Herbert Hoover signed the Park Approach Act into law, which funded the construction of scenic routes to the country's national parks through federally-owned land. Construction of the $2.5 million project began in 1932. Some 100 workers employed by five companies blasted their way up the side of the 11,000-foot plateau. The workmen gave names to many features of the road that are still used today, including Lunch Meadow, Mae West Curve and High Lonesome Ridge. The road officially opened on June 14, 1936. Today, the road looks much as it did in 1936 and provides motorists an excellent opportunity to experience one of the few North American highways reaching such spectacular high-elevation alpine scenery.<br><br>Source: Montana Department of Transportation (#35)]]></description><Point><coordinates>-109.247697,45.177624,0</coordinates></Point></Placemark>
<Placemark><name>Big Sky Country</name><styleUrl>#MT</styleUrl><description><![CDATA[Sign text not yet published online by the state.<br><br>Source: Montana Department of Transportation (#36)]]></description><Point><coordinates>-105.397079,45.421768,0</coordinates></Point></Placemark>
<Placemark><name>Over a Billion Ayears of Montana’s Geologichistory</name><styleUrl>#MT</styleUrl><description><![CDATA[Sign text not yet published online by the state.<br><br>Source: Montana Department of Transportation (#37)]]></description><Point><coordinates>-112.280735,46.576840,0</coordinates></Point></Placemark>
<Placemark><name>The 564th Missile Squadron</name><styleUrl>#MT</styleUrl><description><![CDATA[Sign text not yet published online by the state.<br><br>Source: Montana Department of Transportation (#38)]]></description><Point><coordinates>-112.542377,48.321391,0</coordinates></Point></Placemark>
<Placemark><name>Fort Assiniboine</name><styleUrl>#MT</styleUrl><description><![CDATA[Sign text not yet published online by the state.<br><br>Source: Montana Department of Transportation (#39)]]></description><Point><coordinates>-109.798633,48.507494,0</coordinates></Point></Placemark>
<Placemark><name>Early Day Outlaws</name><styleUrl>#MT</styleUrl><description><![CDATA[Sign text not yet published online by the state.<br><br>Source: Montana Department of Transportation (#40)]]></description><Point><coordinates>-107.965274,48.368969,0</coordinates></Point></Placemark>
<Placemark><name>The Jefferson Valley</name><styleUrl>#MT</styleUrl><description><![CDATA[Sign text not yet published online by the state.<br><br>Source: Montana Department of Transportation (#42)]]></description><Point><coordinates>-112.317359,45.595536,0</coordinates></Point></Placemark>
<Placemark><name>Survival</name><styleUrl>#MT</styleUrl><description><![CDATA[Sign text not yet published online by the state.<br><br>Source: Montana Department of Transportation (#43)]]></description><Point><coordinates>-113.979362,45.836272,0</coordinates></Point></Placemark>
<Placemark><name>Fort Owen</name><styleUrl>#MT</styleUrl><description><![CDATA[Sign text not yet published online by the state.<br><br>Source: Montana Department of Transportation (#44)]]></description><Point><coordinates>-114.113107,46.525807,0</coordinates></Point></Placemark>
<Placemark><name>Rosebud Creek</name><styleUrl>#MT</styleUrl><description><![CDATA[Sign text not yet published online by the state.<br><br>Source: Montana Department of Transportation (#45)]]></description><Point><coordinates>-106.474976,46.280204,0</coordinates></Point></Placemark>
<Placemark><name>Robber's Roost</name><styleUrl>#MT</styleUrl><description><![CDATA[Sign text not yet published online by the state.<br><br>Source: Montana Department of Transportation (#46)]]></description><Point><coordinates>-112.146491,45.392662,0</coordinates></Point></Placemark>
<Placemark><name>The Flight of the Nez Perce</name><styleUrl>#MT</styleUrl><description><![CDATA[Sign text not yet published online by the state.<br><br>Source: Montana Department of Transportation (#47)]]></description><Point><coordinates>-114.172550,46.746313,0</coordinates></Point></Placemark>
<Placemark><name>Columbus, Ho! for the States!</name><styleUrl>#MT</styleUrl><description><![CDATA[Sign text not yet published online by the state.<br><br>Source: Montana Department of Transportation (#48)]]></description><Point><coordinates>-109.065734,45.600722,0</coordinates></Point></Placemark>
<Placemark><name>An Island on the Plains</name><styleUrl>#MT</styleUrl><description><![CDATA[Fifty-five to thirty-four million years ago, volcanoes erupted in several areas of central Montana. The upwelling of magma which fed these volcanoes was largely responsible for the Bears Paw Uplift and for several other isolated mountain ranges in central Montana. In some places, as the molten rock pushed its way upward toward the surface, it up-arched the layered rocks above it to form a magma dome called a laccolith. In other places, the magma rose vertically to form dikes. The dikes now look like old fallen-down stone walls protruding up through the grass of the ranchlands. Some of the magma crystallized into shonkinite, a rare rock, named for exposures near the town of Shonkin, Montana. Some of the laccoliths eroded to form large buttes, the most prominent are Square Butte northeast of Box Elder and Centennial Mountain northeast of Big Sandy. While the mountains were rising, an east-west rift developed near the crest, and rocks slid both to the north and south on Cretaceous marine shales. The sliding produced many faults in the adjacent Great Plains. The faults south of the mountains are especially prominent; while most of those to the north are covered by glacial deposits. A Brief History: It is not known how the mountain range got its name. According to one legend, many generations ago, an Indian man killed a deer while hunting in the mountains. Before he could return to his camp, he encountered a bear, which knocked him down and pinned him to the ground. The hunter appealed to the Great Spirit for help, who answered by filling the heavens with lightning and thunder, which killed the bear and severed its paw, releasing the hunter. Or perhaps one of the range's mountains resembles a bear's paw and gave the mountain range its name. Another tale states that to Indians looking down from the summit of one of the peaks, the ridges spread out below them resembled a bear's paw.<br><br>Source: Montana Department of Transportation (#49)]]></description><Point><coordinates>-110.111641,48.179412,0</coordinates></Point></Placemark>
<Placemark><name>Many Cultures Forged Strong Communities</name><styleUrl>#MT</styleUrl><description><![CDATA[Sign text not yet published online by the state.<br><br>Source: Montana Department of Transportation (#51)]]></description><Point><coordinates>-113.885511,46.875036,0</coordinates></Point></Placemark>
<Placemark><name>Cattle Brands</name><styleUrl>#MT</styleUrl><description><![CDATA[Sign text not yet published online by the state.<br><br>Source: Montana Department of Transportation (#52)]]></description><Point><coordinates>-106.279370,46.261300,0</coordinates></Point></Placemark>
<Placemark><name>The Great Highway of the Northwest: the Yell Tr</name><styleUrl>#MT</styleUrl><description><![CDATA[Sign text not yet published online by the state.<br><br>Source: Montana Department of Transportation (#53)]]></description><Point><coordinates>-107.709038,46.063268,0</coordinates></Point></Placemark>
<Placemark><name>Camp Cooke First Military Post in Montana</name><styleUrl>#MT</styleUrl><description><![CDATA[Sign text not yet published online by the state.<br><br>Source: Montana Department of Transportation (#54)]]></description><Point><coordinates>-109.634713,47.726013,0</coordinates></Point></Placemark>
<Placemark><name>Emigrant Gulch</name><styleUrl>#MT</styleUrl><description><![CDATA[Sign text not yet published online by the state.<br><br>Source: Montana Department of Transportation (#55)]]></description><Point><coordinates>-110.770106,45.335463,0</coordinates></Point></Placemark>
<Placemark><name>Brockway Montana</name><styleUrl>#MT</styleUrl><description><![CDATA[Sign text not yet published online by the state.<br><br>Source: Montana Department of Transportation (#56)]]></description><Point><coordinates>-105.767928,47.302523,0</coordinates></Point></Placemark>
<Placemark><name>The Little Rocky Mountains</name><styleUrl>#MT</styleUrl><description><![CDATA[Sign text not yet published online by the state.<br><br>Source: Montana Department of Transportation (#58)]]></description><Point><coordinates>-108.633421,47.795716,0</coordinates></Point></Placemark>
<Placemark><name>Kootenai River and the Belt Supergroup</name><styleUrl>#MT</styleUrl><description><![CDATA[The canyon along the Kootenai River exposes rocks of the Belt Supergroup, which consists of sandstones, called quartzites, and thin layers of hard mudstones or shales. These rocks form most of the outcrops along the highway from east of Libby to the Idaho border. In this area, the rocks are slightly folded so that the river cascades over the inclined hard quartzite beds in the stair-step-like falls. Individual folds may be seen in the north-facing road cut just south of Highway 2, southwest of the parking lot. Another fold may be seen north of the river. These folds resulted from east-west tectonic compression that caused north-to-south trending folds and faults throughout western Montana about 50 to 100 million years ago. When the rocks belonging to the Belt Supergroup were deposited about 1.5 billion years ago during the Precambrian Era, much of western Montana was covered by shallow seas or lakes surrounded by very flat shores. Sediments in the water deposited thin beds of sand, mud, and calcium carbonate. The surfaces of the rocks often display mud cracks, ripple marks, and the spatter marks of raindrops. These structures can be found in outcrops along the Kootenai River, and indicate that the water covering the area was shallow, and occasionally, completely dried up. Algae mats often trapped fine particles of calcium carbonate to form rounded structures called stromatolites. Near the river below Swinging Bridge are wonderful examples of stromatolites. Belt rocks dominate the mountains of northwestern Montana. The rocks along US Highway 2 between the Idaho border and the Continental Divide south of Glacier National Park consist almost entirely of the Belt Supergroup. The rocks next to the highway are brown, gray, red, green, purple, and yellow colors; dramatic cliffs occur where resistant, well-cemented sandstones are exposed.<br><br>Source: Montana Department of Transportation (#59)]]></description><Point><coordinates>-115.768942,48.452740,0</coordinates></Point></Placemark>
<Placemark><name>The Lolo Trail</name><styleUrl>#MT</styleUrl><description><![CDATA[Sign text not yet published online by the state.<br><br>Source: Montana Department of Transportation (#60)]]></description><Point><coordinates>-114.085246,46.756915,0</coordinates></Point></Placemark>
<Placemark><name>Fort Musselshell</name><styleUrl>#MT</styleUrl><description><![CDATA[Sign text not yet published online by the state.<br><br>Source: Montana Department of Transportation (#61)]]></description><Point><coordinates>-107.859415,46.989821,0</coordinates></Point></Placemark>
<Placemark><name>Paleocene Mammals and Albert Silberling</name><styleUrl>#MT</styleUrl><description><![CDATA[The town of Harlowton is located in the Fort Union Geological Formation, which was created about 65 million years ago, shortly after the dinosaur extinction. This once shallow inland sea was formed from rivers originating in the southwestern mountain slopes of Montana. These rivers transferred and deposited sediment collected from the swampy, subtropical eastern coastal plains into the shallow sea. As the rivers shifted over time, swamp vegetation and peat were covered with thick deposits of sand, silt, and clay, which would later form coal. These deposits cemented and compacted into sandstone, siltstone, and mudstone—soft materials that easily erode—leaving few outcrops of more weather-resistant rocks. The area surrounding Harlowton is also famous for its Paleocene fossils. In 1902, Princeton University paleontologist Earl Douglass and Albert Silberling, a local homesteader and self-taught paleontologist, discovered the fossil remains of primitive mammals in a quarry southwest of Harlowton. Paleontologists excavated that quarry and three others over the next four decades and these sites yielded the remains of at least 23 species, including a squirrel-like animal called Ptilodus, the most successful of all mammals. Ptilodus first appeared during the middle Jurassic Age about 160 million years ago and became extinct about 35 million years ago. It coexisted with massive sauropods, such as the Apatosaurus and Diplodocus, as well as the meat-eating Allosaurus. During Paleozoic time, Montana’s climate was warm, humid, and possibly densely forested. With its dexterous feet, legs, and tail, Ptilodus was a good climber with a well-developed sense of smell. Teeth recovered in the quarries indicate that it was herbivorous. Other fossils found by Douglass and Silberling include a primitive species of ungulate called Phenacodus, and a primate-like animal called a Plesiadapis, all of which co-existed with the Ptilodus and were preyed upon by Creodonts, the dominant carnivorous animals of the time. Albert Silberling’s excavation of thousands of fossils and his discoveries from quarries in the Harlowton area have greatly contributed to scientists’ knowledge about life in the Paleozoic Era.<br><br>Source: Montana Department of Transportation (#62)]]></description><Point><coordinates>-109.938697,46.446228,0</coordinates></Point></Placemark>
<Placemark><name>The Wahkpa Chu'gn Buffalo Jump</name><styleUrl>#MT</styleUrl><description><![CDATA[Sign text not yet published online by the state.<br><br>Source: Montana Department of Transportation (#63)]]></description><Point><coordinates>-109.704630,48.556595,0</coordinates></Point></Placemark>
<Placemark><name>Colter’s Run</name><styleUrl>#MT</styleUrl><description><![CDATA[Sign text not yet published online by the state.<br><br>Source: Montana Department of Transportation (#64)]]></description><Point><coordinates>-111.499055,45.920053,0</coordinates></Point></Placemark>
<Placemark><name>Glendive</name><styleUrl>#MT</styleUrl><description><![CDATA[Sign text not yet published online by the state.<br><br>Source: Montana Department of Transportation (#65)]]></description><Point><coordinates>-104.740852,47.105306,0</coordinates></Point></Placemark>
<Placemark><name>Glacial Lake Missoula</name><styleUrl>#MT</styleUrl><description><![CDATA[(west-bound) View/Download a PDF of the Road Sign During the last ice age about 15,000 years ago, an enormous glacier pushed down from British Columbia and blocked the Clark Fork River in northern Idaho. The glacier functioned as an ice dam creating the largest glacial lake known to have existed, Glacial Lake Missoula. The lake's waters backed up into the river's drainage in western Montana, creating a body of water comparable to today's Lake Ontario. As the lake filled and water at the ice dam deepened, it caused the lighter glacial ice to float and eventually break up, triggering floods of epic proportions. The water flushed through the Clark Fork drainage west of here enroute to the Pacific Ocean. The torrent scarred the landscape of eastern Washington, creating scablands that still define the landscape. The geologic record indicates that Glacial Lake Missoula filled and emptied on a cyclical basis over a period of about two thousand years. Indeed, the large road cut where the Interstate 90 bridge crosses the Clark Fork River at Nine Mile, ten miles east of here, preserves the record of at least 36 separate fillings of the lake. Other evidence of the glacial floods include ancient ice age shorelines on the mountains around Missoula. A Brief History: In 1860, 150 men under the command of Lieutenant John Mullan carved a wagon road through the colorful Precambrian mudstones on the mountainside north of here. The road took six weeks to construct and required the use of explosives to blast a route through the rocks. Called the Point of Rocks Segment of the Mullan Road, the road still traces its way across the mountainside above here. In 1908, the Chicago, Milwaukee, St. Paul & Pacific (Milwaukee Road) Railroad constructed its transcontinental line through the Clark Fork canyon enroute to Seattle. The railroad also excavated tons of rock to cut its way through these mountains to St. Paul Pass. The old railroad grade, later known as the Route of the Hiawatha for the celebrated passenger train that once used the line, is still evident along the north side of Interstate 90. In 1914, the Yellowstone Trail, blazed by distinctive chrome yellow signs with black arrows, passed through this canyon. The trail became U.S. Highway 10 in 1926. Interstate 90 bypassed it here in 1963.<br><br>Source: Montana Department of Transportation (#66)]]></description><Point><coordinates>-114.520165,47.020830,0</coordinates></Point></Placemark>
<Placemark><name>The Judith River Formation</name><styleUrl>#MT</styleUrl><description><![CDATA[In 1855, geologist Ferdinand V. Hayden explored the upper Missouri River for the United States Geological Service. At that time, the area was the hunting ground of the Lakota, Blackfeet, Atsina, and River Crow Indians. A lone white man in Indian Country was often fair game to the tribes, but Hayden's passion for rocks and fossils earned him the name "He Who Picks Up Stones While Running" and a reputation for madness. The Indians left him alone. Hayden explored what would later become known as the Judith River Formation, a large area of sedimentary materials deposited in the lowland areas bordering the Colorado Sea during the Late Cretaceous Period 78 to 74 million years ago. During his exploration near the mouth of the Judith River, Hayden collected many fossilized teeth, bones, and shells from the Judith River Formation. He took them to anatomy Professor Joseph Leidy in Philadelphia for identification, who classified the teeth as belonging to a new species of hadrosaur. The teeth and bones were the first dinosaur fossils found in North America. Hayden's discovery drew paleontologists to Montana in search of dinosaur fossils and to the Judith River Formation making it a significant paleontological destination.<br><br>Source: Montana Department of Transportation (#67)]]></description><Point><coordinates>-109.627052,47.742773,0</coordinates></Point></Placemark>
<Placemark><name>Junction of Bighorn and Yellowstone Rivers</name><styleUrl>#MT</styleUrl><description><![CDATA[Sign text not yet published online by the state.<br><br>Source: Montana Department of Transportation (#68)]]></description><Point><coordinates>-107.660213,46.089828,0</coordinates></Point></Placemark>
<Placemark><name>The Montana-Utah Road</name><styleUrl>#MT</styleUrl><description><![CDATA[Sign text not yet published online by the state.<br><br>Source: Montana Department of Transportation (#69)]]></description><Point><coordinates>-112.588583,44.631151,0</coordinates></Point></Placemark>
<Placemark><name>Jib Mill</name><styleUrl>#MT</styleUrl><description><![CDATA[Sign text not yet published online by the state.<br><br>Source: Montana Department of Transportation (#70)]]></description><Point><coordinates>-112.270102,46.269645,0</coordinates></Point></Placemark>
<Placemark><name>Landslide Butte</name><styleUrl>#MT</styleUrl><description><![CDATA[In 1912 Smithsonian geologist Eugene Stebinger and paleontologist Charles Gilmore came to Blackfeet Country looking for dinosaur remains. Their search took them to a badland area near Landslide Butte, a prominent landform near the Milk River to the east of here. Stebinger named the sandstone and mudstone rock unit the Two Medicine Formation, and determined that it was nearly 2000 feet thick, representing a geological time span from 74 to 80 million years ago. From this formation, Gilmore collected and named 3 new species of dinosaurs. A second paleontological group from the Museum of the Rockies here in Montana, led by Jack Horner, explored this same area from 1985 through 1987, and discovered an additional 4 new species of dinosaurs, including one of the largest dinosaur nesting grounds on earth, covering nearly 6 square miles. In addition, enormous bone beds of duck-billed dinosaurs and horned dinosaurs supported theories that these kinds of dinosaurs traveled in gigantic herds, and may have migrated along the eastern front of the ancient Rocky Mountains. Three of the dinosaurs, known exclusively from this one area, are the horned dinosaurs Rubeosaurus, Einiosaurus, and Achelousaurus, hypothesized to represent an evolutionary sequence of transitional species.<br><br>Source: Montana Department of Transportation (#71)]]></description><Point><coordinates>-112.788223,48.993280,0</coordinates></Point></Placemark>
<Placemark><name>A Monument to Carbon County: the Fromberg Bridge</name><styleUrl>#MT</styleUrl><description><![CDATA[Sign text not yet published online by the state.<br><br>Source: Montana Department of Transportation (#72)]]></description><Point><coordinates>-108.906379,45.391926,0</coordinates></Point></Placemark>
<Placemark><name>Lahood Park</name><styleUrl>#MT</styleUrl><description><![CDATA[Sign text not yet published online by the state.<br><br>Source: Montana Department of Transportation (#73)]]></description><Point><coordinates>-111.922052,45.853154,0</coordinates></Point></Placemark>
<Placemark><name>The Beartooth Plateau</name><styleUrl>#MT</styleUrl><description><![CDATA[The Beartooth Plateau contains some of the oldest exposed rocks on Earth and provides a unique window into the history of our planet. About 55 million years ago, this massive block of metamorphic basement rock pushed its way upward nearly two miles along steep faults that extend deep into the Earth. The exposed rock consists of coarse-grained gray and pink granites, gneisses, and schists that formed about 3.3 billion years ago when older sedimentary and volcanic rocks were heated and recrystallized deep in the Earth at extremely high temperatures. The plateau contains the oldest exposed rocks in Montana and they are among the oldest on Earth. The Stillwater Complex on the plateau's northern flank is one of the world's major sources of chromite, platinum, and palladium. During the ice ages, about 100,000 years ago, the Beartooth Plateau collected enough snow for glaciers to form and cover most of the plateau to a depth of several thousand feet. The spreading glaciers wore down the plateau's upper surface to leave the distinctively rounded rock outcrops, along with hundreds of lakes, ponds, and depressions. They flowed down old stream valleys, leaving them deepened and straightened, with vertical canyon walls and jagged peaks. The summit of the plateau is alpine tundra. A Brief History: Although these mountains were crisscrossed by trails used by Native Americans since prehistory, it was not until the 20th century that many sought a permanent route over the mountains from Red Lodge to Yellowstone National Park. As the Red Lodge coal mines closed, Red Lodge businessmen lobbied Montana's congressional delegation to construct a road between their community and the Park. In 1931, President Herbert Hoover signed the Park Approach Act into law, which funded the construction of scenic routes to the country's national parks through federally-owned land. Construction of the $2.5 million project began in 1932. Some 100 workers employed by five companies blasted their way up the side of the 11,000-foot plateau. The workmen gave names to many features of the road that are still used today, including Lunch Meadow, Mae West Curve and High Lonesome Ridge. The road officially opened on June 14, 1936. Today, the road looks much as it did in 1936 and provides motorists an excellent opportunity to experience one of the few North American highways reaching such spectacular high-elevation alpine scenery.<br><br>Source: Montana Department of Transportation (#75)]]></description><Point><coordinates>-109.247665,45.177644,0</coordinates></Point></Placemark>
<Placemark><name>In Memoriam</name><styleUrl>#MT</styleUrl><description><![CDATA[Sign text not yet published online by the state.<br><br>Source: Montana Department of Transportation (#76)]]></description><Point><coordinates>-106.018438,48.059623,0</coordinates></Point></Placemark>
<Placemark><name>Wagon Road</name><styleUrl>#MT</styleUrl><description><![CDATA[Sign text not yet published online by the state.<br><br>Source: Montana Department of Transportation (#77)]]></description><Point><coordinates>-104.234545,46.494014,0</coordinates></Point></Placemark>
<Placemark><name>The Judith Basin Country</name><styleUrl>#MT</styleUrl><description><![CDATA[Sign text not yet published online by the state.<br><br>Source: Montana Department of Transportation (#78)]]></description><Point><coordinates>-109.459371,47.055308,0</coordinates></Point></Placemark>
<Placemark><name>The Frenchwoman's Road</name><styleUrl>#MT</styleUrl><description><![CDATA[Sign text not yet published online by the state.<br><br>Source: Montana Department of Transportation (#81)]]></description><Point><coordinates>-112.308727,46.561748,0</coordinates></Point></Placemark>
<Placemark><name>Meaderville</name><styleUrl>#MT</styleUrl><description><![CDATA[Sign text not yet published online by the state.<br><br>Source: Montana Department of Transportation (#83)]]></description><Point><coordinates>-112.475250,45.991066,0</coordinates></Point></Placemark>
<Placemark><name>A Passage Through Time</name><styleUrl>#MT</styleUrl><description><![CDATA[The four-mile long Jefferson River Canyon was cut into the Tobacco Root Mountains between LaHood Park and Lewis and Clark Caverns State Park relatively recently in geologic time. The canyon exposes rocks that span over a billion years of geologic history. The rocks indicate times when the area was covered by shallow seas in which fine-grained sediment was deposited, and other times when rocks were exposed and eroded. The rocks also record times of volcanic activity and when stresses in the earth caused rocks to contort into folds or break into complex and significant faults. Entering the canyon from the east will take you backward in time. Most of the rocks at the east end of the canyon are sedimentary and volcanic rocks from the age of dinosaurs and younger. Gray cliffs of Madison limestone mark the entrance to the canyon, and form its walls for about a mile and a half to the west. Lewis and Clark Caverns developed in this limestone. A short distance beyond a northward bend in the highway, a steeper canyon is developed in dark-colored rocks of the La- Hood Formation that are much older than a billion years. In the outcrops of the LaHood Formation, chunks of a lighter-colored rock as much as 100-feet long are apparent within the dark rock of the canyon walls. They are boulders that broke off an ancient cliff produced by a major fault. A Brief History: After much political wrangling and public comments by citizens in Three Forks and Whitehall, the Montana Department of Transportation rerouted US Highway 10 through the Jefferson Canyon in 1928. Prior to that, the old highway bypassed the canyon. The new road was difficult to build and engineers used dynamite to blast a route for it through the rocks. When completed in 1930, the highway was one of the most scenic routes in Montana. Bypassed by Interstate 90 in 1968, this highway still retains many of the design features common to Great Depression-era roads and is a unique driving experience.<br><br>Source: Montana Department of Transportation (#84)]]></description><Point><coordinates>-111.857852,45.823321,0</coordinates></Point></Placemark>
<Placemark><name>The Old Milk River Bridge and Tampico</name><styleUrl>#MT</styleUrl><description><![CDATA[Sign text not yet published online by the state.<br><br>Source: Montana Department of Transportation (#85)]]></description><Point><coordinates>-106.824474,48.307440,0</coordinates></Point></Placemark>
<Placemark><name>The Hell Creek Formation</name><styleUrl>#MT</styleUrl><description><![CDATA[Dinosaurs once ruled the Earth. Fossils of fierce Tyrannosaurus rex, three-horned Triceratops and many other dinosaur species can be found in the rocks of the Hell Creek Formation in eastern Montana. In the early years of the 20th century, cross-country travel by automobile was still an adventure comparable to the covered wagon days of the Old West. Instead of hostile Indians and buffalo stampedes, motorists contended with gumbo mud and rutted dirt tracks that could only marginally be called roads. In May 1916, a group of Spokane businessmen formed the National Parks Highway Association to promote an automobile route between Chicago and Seattle and designated a 3,100-mile route between the two cities as the National Parks Highway. The highway was little more than a patchwork of interconnected and unimproved county roads. In June 1916, Frank Guilbert set out with three companions in two Mitchell Six automobiles to blaze the route. For a month, the expedition battled its way across the northern tier of states, including a very rainy trip across Montana, before arriving in Seattle. The mission proved the feasibility of the National Parks Highway and its potential for tourism and commerce. By 1926, the road was known as U.S. Highway 10 and, in 1971, Interstate 94 superseded the old route.<br><br>Source: Montana Department of Transportation (#88)]]></description><Point><coordinates>-106.178090,47.907961,0</coordinates></Point></Placemark>
<Placemark><name>A Pleistocene Wonderland</name><styleUrl>#MT</styleUrl><description><![CDATA[Imagine you are a time traveler and have the opportunity to visit this area 25,000 years ago. You would recognize the Rocky Mountains to the west. The igneous and heavily glaciated Sweetgrass Hills loom on the horizon far to the north. The last of the great continental glaciers had retreated, leaving behind a hummocky grassland with ponds, swamps, and erratic boulders. The grasslands support an abundance of animal life, much of which would be recognizable as still inhabiting the northern Great Plains today. However, there would also be many animals that have long been extinct. Almost all of them would be much larger and adapted to a colder post-glacial climate. Great herds of horses, pronghorn antelope, elk, camels, and giant bison would be a common site on the plains. They milled around with groups of blond-haired Shasta ground sloths, and shaggy Musk and Shrub oxen. Columbian mammoths with long, curving tusks roamed the plains in small groups. Dire and Gray wolves and short-faced bears followed the herds in search of easy meals. At 10-feet in length and more than 2,000 pounds, the bears dwarfed today's Grizzlies in size and ferocity. Perhaps the most famous of all Pleistocene predators were the fearsome saber-toothed cats. Relatively small and compact, the cats may have ambushed their prey and slashed at them with their 7-inch long canine teeth. Perhaps even more deadly, however, was the long-legged American Lion, a killing machine bigger than the Bengal tiger. Climatic changes, limited food supplies, and, possibly, over-hunting by paleo-Indians caused many species once common to the northern Great Plains to become extinct about 11,000 years ago. The American bison, gray wolf, elk, and pronghorn antelope are descendants of that primeval ecology.<br><br>Source: Montana Department of Transportation (#90)]]></description><Point><coordinates>-110.960422,48.514236,0</coordinates></Point></Placemark>
<Placemark><name>The Great Highway of the Northwest: the Yellowston</name><styleUrl>#MT</styleUrl><description><![CDATA[Sign text not yet published online by the state.<br><br>Source: Montana Department of Transportation (#91)]]></description><Point><coordinates>-109.757938,45.734330,0</coordinates></Point></Placemark>
<Placemark><name>Montana’s Jurassic Park</name><styleUrl>#MT</styleUrl><description><![CDATA[Sign text not yet published online by the state.<br><br>Source: Montana Department of Transportation (#92)]]></description><Point><coordinates>-109.757586,45.734158,0</coordinates></Point></Placemark>
<Placemark><name>The March of the Montana Column</name><styleUrl>#MT</styleUrl><description><![CDATA[Sign text not yet published online by the state.<br><br>Source: Montana Department of Transportation (#93)]]></description><Point><coordinates>-109.064618,45.598191,0</coordinates></Point></Placemark>
<Placemark><name>The Baker Massacre</name><styleUrl>#MT</styleUrl><description><![CDATA[Sign text not yet published online by the state.<br><br>Source: Montana Department of Transportation (#94)]]></description><Point><coordinates>-111.795257,48.480078,0</coordinates></Point></Placemark>
<Placemark><name>Dinosaurs</name><styleUrl>#MT</styleUrl><description><![CDATA[Sign text not yet published online by the state.<br><br>Source: Montana Department of Transportation (#96)]]></description><Point><coordinates>-106.171129,47.325182,0</coordinates></Point></Placemark>
<Placemark><name>Cliffs High and Steep</name><styleUrl>#MT</styleUrl><description><![CDATA[(south-bound) View/Download a PDF of the Road Sign The Lewis and Clark Expedition passed through this canyon of "nearly perpendicular rocks" during its journey up the Missouri River in July 1805. Although the men grumbled about mosquitoes and prickly pear cactus, the Corps of Discovery was clearly impressed by the Adel Mountain Volcanics, the eroded remains of a pile of volcanic rocks more than 40 miles long and 20 miles wide. The volcanics consist mostly of fragments—blocks, cinders, ash—from violent, explosive eruptions that blasted magma out of the earth and into the air. The eruptions occurred about 75 million years ago and continued for several million years. Erosion has exposed some of the underground "plumbing" for the volcanic center. Magma rose up along cracks and had enough pressure to push the walls of cracks apart for tens of feet, forming dikes. At several places in the canyon, you'll notice the dark ridges— dikes—going up the mountainsides. Some magma squirted in along the bottom of the pile of volcanics forming horizontal intrusions called laccoliths. Square Butte, Shaw Butte, and Cascade Butte are prominent laccoliths with high, vertical cliffs that can be seen between Ulm and Cascade. This great eruption of magma occurred on the Great Falls Tectonic Zone—a collision zone between two continental plates which collided more than a billion years ago. It left a zone of weakness that resulted in the Adel Mountain Volcanics. A Brief History: Native Americans frequently camped in this area on their way to and from the buffalo hunting grounds. The rugged landscape, however, largely prevented the non-Indian settlement of the area until late in the 19th century. Montana's first modern road-builder, John Mullan, skirted the mountains for a route far to the northwest. The canyon's residents were mostly cattle ranchers who sold their animals in Helena or Great Falls. The arrival of the Montana Central Railroad in 1887 did much to open this region to settlement, but it was not until the early 1930s that a modern paved highway connected Helena and Great Falls through this area. U.S. Highway 91 wound its way along the Missouri River through the volcanic outcrops of the canyon, crossing the river over two large steel truss bridges that still carry traffic in the vicinity of Hardy and Wolf Creek. Though bypassed by Interstate 15 in the 1960s, old U.S. 91 provides motorists a unique opportunity to experience a Great Depression era road through one of the most spectacular landscapes in Montana.<br><br>Source: Montana Department of Transportation (#97)]]></description><Point><coordinates>-111.901706,47.130793,0</coordinates></Point></Placemark>
<Placemark><name>Elkhorn Mtn Volcanoes and the Boulder Batholith</name><styleUrl>#MT</styleUrl><description><![CDATA[(south-bound) View/Download a PDF of the Road Sign The story of the Elkhorn Mountains Volcanics and the Boulder Batholith is the story of how molten magma or melted rock rising up through the crust of the earth just kept coming and coming and coming—from about 81 to about 74 million years ago. Magma that reached the surface created violent explosions, hurling chunks of rock, cinders, and volcanic ash into the air. At times it "rained" droplets of melted rock. Great clouds of volcanic ash were carried by the wind to the east and buried many animals. The dinosaur fossils in the Two Medicine Formation near Choteau owe their preservation to eruptions of the Elkhorn Mountains Volcanics. The volcanic field was enormous-about 100 miles in diameter and up to 3 miles thick. After the pile of volcanic rocks got so thick, magma stopped going all the way to the surface and just accumulated near the bottom of the pile. So much magma intruded at this level that it formed a body of granitic rock that now extends from Helena to Butte and is known as the Boulder Batholith. You are now in the middle of the Boulder Batholith and the Elkhorn Mountains Volcanics. The magma was generated because one of the tectonic plates under the Pacific Ocean was subducted under Western North America. Approximately 10,000 miles of the Farallon Plate moved under Montana. This is one of places where it was easy for magma to reach the surface. A Brief History: The magma contained many metals. As the granite formed cooling cracks, hot solutions squirted into the cracks to form veins with copper (near Butte) and gold (in this area). Millions of years later weathering of the granite allowed gold in the veins to wash down to the gravels in the valley floor. A gold dredge chewed through the gravels of Prickly Pear Creek beginning in 1938. Mounted on a barge floating on a 30-foot deep pond, the machinery consisted of a chain of buckets that dumped the gravel on a maze of screens and sluices inside the dredge. In its wake, the dredge left behind a "churned up" landscape. In some places scrub brush holding the gravel piles together is still the only vegetation. Although the dredge shut down permanently in the mid-1960's, it was not until the early 1970's that a South American mining company purchased it and moved it to Bolivia.<br><br>Source: Montana Department of Transportation (#98)]]></description><Point><coordinates>-112.006455,46.415685,0</coordinates></Point></Placemark>
<Placemark><name>The Yellowstone Valley</name><styleUrl>#MT</styleUrl><description><![CDATA[Sign text not yet published online by the state.<br><br>Source: Montana Department of Transportation (#99)]]></description><Point><coordinates>-107.042673,46.290690,0</coordinates></Point></Placemark>
<Placemark><name>Flying High Across the Big Sky</name><styleUrl>#MT</styleUrl><description><![CDATA[Sign text not yet published online by the state.<br><br>Source: Montana Department of Transportation (#101)]]></description><Point><coordinates>-114.542907,47.012331,0</coordinates></Point></Placemark>
<Placemark><name>The Shore of an Ancient Sea</name><styleUrl>#MT</styleUrl><description><![CDATA[About 80 million years ago this area was near the shore of the Western Interior Seaway that stretched from the present-day Gulf of Mexico to the Arctic Ocean. Rivers draining highlands to the west carried sediment into the seaway and near-shore currents concentrated the sand creating barrier islands. As the sea level alternately rose and fell, the barrier islands migrated, forming an extensive layer of finegrained sand across much of central Montana. The sand was eventually buried, compacted, and cemented into the rocks that now compose the rims and that geologists have named Eagle Sandstone. When observed from the south, the rimrocks reveal cross beds called accretion surfaces. These surfaces record the deposition of sand washed over the barrier and deposited on the other side by waves, causing the sand bar to grow shoreward. The seaway was shallow, warm, and probably no more than a few hundred feet deep. Oysters lived in dense banks along the shore, while ammonites fed on clams that lived in the shallow water offshore; sharks cruised the shallows preying on whatever animals appeared tasty to them. For several million years, two predators were at the top of the food chain in the sea: the long necked Plesiosaurs and the snakelike Mosasaurs. Neither were dinosaurs, but were air-breathing reptiles adapted to living in the oceans. A Brief History: The rims near the confluence of the Yellowstone River and Alkali Creek is one of Montana's historic hot spots. Native Americans utilized the area for at least 8,000 years before William Clark passed through here in July 1806. Near here in May 1823, Blackfeet warriors ambushed and killed seven Missouri Fur Company trappers led by Michael Immel and Robert Jones. The rims were later a spectacular backdrop for the rip-roaring riverside settlement of Coulson in the 1870s and for Billings beginning in the early 1880s.<br><br>Source: Montana Department of Transportation (#102)]]></description><Point><coordinates>-108.507827,45.798605,0</coordinates></Point></Placemark>
<Placemark><name>Cliffs High and Steep</name><styleUrl>#MT</styleUrl><description><![CDATA[(south-bound) View/Download a PDF of the Road Sign The Lewis and Clark Expedition passed through this canyon of "nearly perpendicular rocks" during its journey up the Missouri River in July 1805. Although the men grumbled about mosquitoes and prickly pear cactus, the Corps of Discovery was clearly impressed by the Adel Mountain Volcanics, the eroded remains of a pile of volcanic rocks more than 40 miles long and 20 miles wide. The volcanics consist mostly of fragments—blocks, cinders, ash—from violent, explosive eruptions that blasted magma out of the earth and into the air. The eruptions occurred about 75 million years ago and continued for several million years. Erosion has exposed some of the underground "plumbing" for the volcanic center. Magma rose up along cracks and had enough pressure to push the walls of cracks apart for tens of feet, forming dikes. At several places in the canyon, you'll notice the dark ridges— dikes—going up the mountainsides. Some magma squirted in along the bottom of the pile of volcanics forming horizontal intrusions called laccoliths. Square Butte, Shaw Butte, and Cascade Butte are prominent laccoliths with high, vertical cliffs that can be seen between Ulm and Cascade. This great eruption of magma occurred on the Great Falls Tectonic Zone—a collision zone between two continental plates which collided more than a billion years ago. It left a zone of weakness that resulted in the Adel Mountain Volcanics. A Brief History: Native Americans frequently camped in this area on their way to and from the buffalo hunting grounds. The rugged landscape, however, largely prevented the non-Indian settlement of the area until late in the 19th century. Montana's first modern road-builder, John Mullan, skirted the mountains for a route far to the northwest. The canyon's residents were mostly cattle ranchers who sold their animals in Helena or Great Falls. The arrival of the Montana Central Railroad in 1887 did much to open this region to settlement, but it was not until the early 1930s that a modern paved highway connected Helena and Great Falls through this area. U.S. Highway 91 wound its way along the Missouri River through the volcanic outcrops of the canyon, crossing the river over two large steel truss bridges that still carry traffic in the vicinity of Hardy and Wolf Creek. Though bypassed by Interstate 15 in the 1960s, old U.S. 91 provides motorists a unique opportunity to experience a Great Depression era road through one of the most spectacular landscapes in Montana.<br><br>Source: Montana Department of Transportation (#103)]]></description><Point><coordinates>-111.901308,47.132522,0</coordinates></Point></Placemark>
<Placemark><name>The Mullan Road</name><styleUrl>#MT</styleUrl><description><![CDATA[Sign text not yet published online by the state.<br><br>Source: Montana Department of Transportation (#104)]]></description><Point><coordinates>-112.385713,46.559919,0</coordinates></Point></Placemark>
<Placemark><name>The Yellowstone River</name><styleUrl>#MT</styleUrl><description><![CDATA[Sign text not yet published online by the state.<br><br>Source: Montana Department of Transportation (#105)]]></description><Point><coordinates>-105.018959,46.898680,0</coordinates></Point></Placemark>
<Placemark><name>Kerchival City</name><styleUrl>#MT</styleUrl><description><![CDATA[Sign text not yet published online by the state.<br><br>Source: Montana Department of Transportation (#106)]]></description><Point><coordinates>-107.859590,46.989888,0</coordinates></Point></Placemark>
<Placemark><name>Homestake Pass</name><styleUrl>#MT</styleUrl><description><![CDATA[Sign text not yet published online by the state.<br><br>Source: Montana Department of Transportation (#107)]]></description><Point><coordinates>-112.377231,45.914627,0</coordinates></Point></Placemark>
<Placemark><name>Thunder Horses</name><styleUrl>#MT</styleUrl><description><![CDATA[Sign text not yet published online by the state.<br><br>Source: Montana Department of Transportation (#108)]]></description><Point><coordinates>-111.552146,45.895533,0</coordinates></Point></Placemark>
<Placemark><name>A Perfect Defile</name><styleUrl>#MT</styleUrl><description><![CDATA[(south-bound) View/Download a PDF of the Road Sign Here nestled deep in the Big Belt Mountains, is one of the most spectacular canyons in Montana. More than a billion years ago, during the Precambrian Era, an ancient inland seaway deposited these shales and sands, which over time, became these vibrant red and green mudstones called "Spokane Shale" for the Spokane Hills east of Helena. The Big Belts themselves consist primarily of Spokane Shale. They contrast with the magnificent white cliffs of Madison Limestone exposed in the nearby Gates of the Mountains and the drab gravels of Confederate Gulch to the southeast. The greenish colors in the mudstones are provided by tiny amounts of iron minerals that formed on mudflats that were low in oxygen; the intervening pinkish layers oxidized in contact with slightly greater amounts of oxygen. Like most sedimentary rocks, there were originally laid down as horizontal layers. About 70 million years ago these rocks were crumpled, folded, and faulted during formation of the Rocky Mountains. As the floor of the Pacific Ocean slowly collided with the western margin of North America the horizontal layers became bent, broken, and tilted as you see them now. The most pronounced crumpling is here in the "overthrust belt" near the eastern edge of the Rockies. The Precambrian sedimentary rocks thin eastward in this area where they overlie the hard granite-like "basement" rocks of the central part of the continent. A Brief History: Although this multi-hued and rugged canyon was well-known to Native Americans for thousands of years, it was first recorded by road-builder John Mullan in 1859. He called this rocky canyon "a perfect defile" and "by far the most difficult of any point along the [road], from Hell's Gate to Fort Benton." In 1865, the Territorial Legislature granted a license to the Little Prickly Pear Wagon Road Company to build a toll road through the canyon. A year later, in 1866, Helena merchants James King and Warren Gillette bought the road and spent $40,000 upgrading it. By then traffic on it between Fort Benton and Helena had become so heavy, that the men were able to recoup their expenditure within two years. By the early 1870s, it was part of the Benton Road, an important freight and passenger route in the territory. Thereafter, other roads and a railroad were constructed through the Prickly Pear Canyon, culminating in the completion of Interstate 15 in 1967. Montana's first Interstate rest area, here at Lyons' Creek, was built in 1965.<br><br>Source: Montana Department of Transportation (#109)]]></description><Point><coordinates>-112.108329,46.953068,0</coordinates></Point></Placemark>
<Placemark><name>Anaconda</name><styleUrl>#MT</styleUrl><description><![CDATA[Sign text not yet published online by the state.<br><br>Source: Montana Department of Transportation (#110)]]></description><Point><coordinates>-112.807253,46.092105,0</coordinates></Point></Placemark>
<Placemark><name>The Bob Marshall Wilderness Country</name><styleUrl>#MT</styleUrl><description><![CDATA[Sign text not yet published online by the state.<br><br>Source: Montana Department of Transportation (#111)]]></description><Point><coordinates>-113.023964,46.994908,0</coordinates></Point></Placemark>
<Placemark><name>The March of the Montana Column</name><styleUrl>#MT</styleUrl><description><![CDATA[Sign text not yet published online by the state.<br><br>Source: Montana Department of Transportation (#112)]]></description><Point><coordinates>-109.066215,45.600780,0</coordinates></Point></Placemark>
<Placemark><name>The Great Inland Seaway</name><styleUrl>#MT</styleUrl><description><![CDATA[(west-bound) View/Download a PDF of the Road Sign For over sixty million years during the Cretaceous Period, much of eastern Montana was underwater, covered by an vast inland sea. As the Rocky Mountains formed to the west, it created a broad, flat coastal plain that was home to many different species of dinosaurs. Indeed, the long life of the sea saw the rise and extinction of many dinosaur species until it finally receded from Montana about 65 million years ago at the end of the Cretaceous Period. The sediments deposited underwater or along the sea's coast formed the spectacular sandstone rimrocks in the Yellowstone River valley between Columbus and Billings. The sea was shallow and warm, probably no more than a few hundred feet deep. But it was home to a wide variety of aquatic life. Oysters lived in dense banks along the shore, while tentacled ammonites fed on monster clams that lived in the shallow water offshore; sharks also cruised the shallows preying on whatever animals appeared tasty to them. For several million years, two predators, synonymous with prehistoric sea creatures, were at the top of the food chain in the sea: the long-necked Plesiosaurs and the snakelike Mosasaurs. Neither animals were dinosaurs, but were air-breathing reptiles who had adapted to living in the oceans. Both were carnivores that ate just about anything they could seize and swallow. Fossils of Plesiosaurs and Mosasaurs have been found throughout eastern Montana. A Brief History: For centuries, the sandstone rimrocks along the Yellowstone River guided travelers between the mountains and the buffalo country to the east. In 1912, regional Good Roads enthusiasts and county officials created one of the first interstate highways in the United States, the Yellowstone Trail, an interconnected network of county roads blazed by distinctive chrome yellow signs with black arrows. The 4,000-mile highway connected Plymouth Rock, Massachusetts and Seattle, Washington with a branch to Yellowstone National Park. Later re-designated U.S. Highway 10, Interstate 90 bypassed it in 1971.<br><br>Source: Montana Department of Transportation (#113)]]></description><Point><coordinates>-109.065235,45.598039,0</coordinates></Point></Placemark>
<Placemark><name>The Manitoba Railroad</name><styleUrl>#MT</styleUrl><description><![CDATA[Sign text not yet published online by the state.<br><br>Source: Montana Department of Transportation (#114)]]></description><Point><coordinates>-110.513847,47.928917,0</coordinates></Point></Placemark>
<Placemark><name>Old Trail to the Gold Diggin's</name><styleUrl>#MT</styleUrl><description><![CDATA[Sign text not yet published online by the state.<br><br>Source: Montana Department of Transportation (#115)]]></description><Point><coordinates>-112.747121,45.125688,0</coordinates></Point></Placemark>
<Placemark><name>Thar's Gold in Them Thar Hills</name><styleUrl>#MT</styleUrl><description><![CDATA[Sign text not yet published online by the state.<br><br>Source: Montana Department of Transportation (#116)]]></description><Point><coordinates>-111.545005,46.356405,0</coordinates></Point></Placemark>
<Placemark><name>Evidence of a Catastrophic Event</name><styleUrl>#MT</styleUrl><description><![CDATA[Rocks in a small area near Jordan have something in common with the moon. In 1969, Apollo 11 astronauts collected samples that contained a titanium-rich mineral called Armalcolite. The mineral has since been found in a few places on Earth, including in the igneous rocks at Smoky Butte eight miles west of here. The magma that produced the igneous rock was hot enough to bake and harden the layers of sedimentary rock it intruded. The igneous rock and baked sediments are more resistant to erosion, resulting in formation of the butte. The Fort Union Formation and the underlying Hell Creek Formation which is exposed to the south and west of Jordan, record important world-wide events that contributed to the extinction of the dinosaurs. About 75 million years ago the shallow sea that extended from the Arctic to the Gulf of Mexico, receded from this area. The western shoreline of the sea migrated eastward as mountains rose to the west, creating the coastal-plain dinosaur habitat of the Hell Creek Formation. Dinosaur fossils found in the formation include Triceratops, hadrosaurs called Edmontosaurus, the fierce Tyrannosaurus rex, and many others. The top of the Hell Creek Formation includes a layer containing unusual amounts of iridium, an element more abundant in meteorites and asteroids than in terrestrial rocks. Quartz grains in this layer have a distinctive pattern of fractures that could only have come from tremendous shock waves, the kind that a major impact to the earth can produce. Dinosaur fossils are found below this layer in the Hell Creek Formation, but not above it in the Fort Union Formation. Some scientists think that the dinosaur extinction may have been caused by a large extraterrestrial object that crashed into what is now the Yucatan Peninsula of Mexico. The impact engulfed the earth in a massive shroud of dust and debris that blackened the skies, produced widespread fires, and perhaps increased volcanic activity.<br><br>Source: Montana Department of Transportation (#117)]]></description><Point><coordinates>-106.909465,47.325029,0</coordinates></Point></Placemark>
<Placemark><name>Mining Country</name><styleUrl>#MT</styleUrl><description><![CDATA[Sign text not yet published online by the state.<br><br>Source: Montana Department of Transportation (#118)]]></description><Point><coordinates>-112.249582,46.272119,0</coordinates></Point></Placemark>
<Placemark><name>Glacial Lake Missoula</name><styleUrl>#MT</styleUrl><description><![CDATA[(west-bound) View/Download a PDF of the Road Sign During the last ice age about 15,000 years ago, an enormous glacier pushed down from British Columbia and blocked the Clark Fork River in northern Idaho. The glacier functioned as an ice dam creating the largest glacial lake known to have existed, Glacial Lake Missoula. The lake's waters backed up into the river's drainage in western Montana, creating a body of water comparable to today's Lake Ontario. As the lake filled and water at the ice dam deepened, it caused the lighter glacial ice to float and eventually break up, triggering floods of epic proportions. The water flushed through the Clark Fork drainage west of here enroute to the Pacific Ocean. The torrent scarred the landscape of eastern Washington, creating scablands that still define the landscape. The geologic record indicates that Glacial Lake Missoula filled and emptied on a cyclical basis over a period of about two thousand years. Indeed, the large road cut where the Interstate 90 bridge crosses the Clark Fork River at Nine Mile, ten miles east of here, preserves the record of at least 36 separate fillings of the lake. Other evidence of the glacial floods include ancient ice age shorelines on the mountains around Missoula. A Brief History: In 1860, 150 men under the command of Lieutenant John Mullan carved a wagon road through the colorful Precambrian mudstones on the mountainside north of here. The road took six weeks to construct and required the use of explosives to blast a route through the rocks. Called the Point of Rocks Segment of the Mullan Road, the road still traces its way across the mountainside above here. In 1908, the Chicago, Milwaukee, St. Paul & Pacific (Milwaukee Road) Railroad constructed its transcontinental line through the Clark Fork canyon enroute to Seattle. The railroad also excavated tons of rock to cut its way through these mountains to St. Paul Pass. The old railroad grade, later known as the Route of the Hiawatha for the celebrated passenger train that once used the line, is still evident along the north side of Interstate 90. In 1914, the Yellowstone Trail, blazed by distinctive chrome yellow signs with black arrows, passed through this canyon. The trail became U.S. Highway 10 in 1926. Interstate 90 bypassed it here in 1963.<br><br>Source: Montana Department of Transportation (#120)]]></description><Point><coordinates>-114.542944,47.012581,0</coordinates></Point></Placemark>
<Placemark><name>Road Agent Trail</name><styleUrl>#MT</styleUrl><description><![CDATA[Sign text not yet published online by the state.<br><br>Source: Montana Department of Transportation (#121)]]></description><Point><coordinates>-112.334811,45.545116,0</coordinates></Point></Placemark>
<Placemark><name>Coal, Oil, and Natural Gas</name><styleUrl>#MT</styleUrl><description><![CDATA[Northeastern Montana is part of the Williston Basin, a slightly irregular, round depression centered in North Dakota that slowly subsided over hundreds of millions of years. Sediment that accumulated in the depression is now up to 16,000 feet deep in the basin. The Williston Basin is a major oil and natural gas province because it has all the right components and conditions for oil and gas formation: organic-rich deposits such as black shale to generate the oil and gas, reservoir rocks where it accumulated such as porous sandstone, and geologic traps. The traps are faults, folds, and lateral changes in the rock that keep the oil and gas from moving out of the area of accumulation.<br><br>Source: Montana Department of Transportation (#122)]]></description><Point><coordinates>-104.503975,48.147794,0</coordinates></Point></Placemark>
<Placemark><name>Plutons and the Humbug Spires</name><styleUrl>#MT</styleUrl><description><![CDATA[Sign text not yet published online by the state.<br><br>Source: Montana Department of Transportation (#123)]]></description><Point><coordinates>-112.684009,45.834754,0</coordinates></Point></Placemark>
<Placemark><name>The Mission Mountain Wilderness</name><styleUrl>#MT</styleUrl><description><![CDATA[Sign text not yet published online by the state.<br><br>Source: Montana Department of Transportation (#124)]]></description><Point><coordinates>-114.096292,47.485602,0</coordinates></Point></Placemark>
<Placemark><name>After the Roundup</name><styleUrl>#MT</styleUrl><description><![CDATA[Sign text not yet published online by the state.<br><br>Source: Montana Department of Transportation (#125)]]></description><Point><coordinates>-105.074644,46.420686,0</coordinates></Point></Placemark>
<Placemark><name>The Little Rocky Mountains</name><styleUrl>#MT</styleUrl><description><![CDATA[Sign text not yet published online by the state.<br><br>Source: Montana Department of Transportation (#126)]]></description><Point><coordinates>-108.633494,47.795745,0</coordinates></Point></Placemark>
<Placemark><name>The Great Highway of the Northwest:</name><styleUrl>#MT</styleUrl><description><![CDATA[Sign text not yet published online by the state.<br><br>Source: Montana Department of Transportation (#127)]]></description><Point><coordinates>-109.757969,45.734328,0</coordinates></Point></Placemark>
<Placemark><name>Ross’ Hole</name><styleUrl>#MT</styleUrl><description><![CDATA[Sign text not yet published online by the state.<br><br>Source: Montana Department of Transportation (#128)]]></description><Point><coordinates>-113.980766,45.836252,0</coordinates></Point></Placemark>
<Placemark><name>The Carroll Trail</name><styleUrl>#MT</styleUrl><description><![CDATA[Sign text not yet published online by the state.<br><br>Source: Montana Department of Transportation (#129)]]></description><Point><coordinates>-110.497998,46.555084,0</coordinates></Point></Placemark>
<Placemark><name>An Imposing and Elaborate Establishment</name><styleUrl>#MT</styleUrl><description><![CDATA[Sign text not yet published online by the state.<br><br>Source: Montana Department of Transportation (#130)]]></description><Point><coordinates>-104.172983,48.146610,0</coordinates></Point></Placemark>
<Placemark><name>The Absaroka - Beartooth Wilderness</name><styleUrl>#MT</styleUrl><description><![CDATA[Sign text not yet published online by the state.<br><br>Source: Montana Department of Transportation (#131)]]></description><Point><coordinates>-110.834588,45.295411,0</coordinates></Point></Placemark>
<Placemark><name>Cattle Brands</name><styleUrl>#MT</styleUrl><description><![CDATA[Sign text not yet published online by the state.<br><br>Source: Montana Department of Transportation (#132)]]></description><Point><coordinates>-106.305948,46.269078,0</coordinates></Point></Placemark>
<Placemark><name>Howdy Everyone! Glad to See You</name><styleUrl>#MT</styleUrl><description><![CDATA[Sign text not yet published online by the state.<br><br>Source: Montana Department of Transportation (#134)]]></description><Point><coordinates>-112.588737,44.631121,0</coordinates></Point></Placemark>
<Placemark><name>Fort Chardon</name><styleUrl>#MT</styleUrl><description><![CDATA[Sign text not yet published online by the state.<br><br>Source: Montana Department of Transportation (#136)]]></description><Point><coordinates>-109.627087,47.742803,0</coordinates></Point></Placemark>
<Placemark><name>First Impressions</name><styleUrl>#MT</styleUrl><description><![CDATA[Sign text not yet published online by the state.<br><br>Source: Montana Department of Transportation (#137)]]></description><Point><coordinates>-113.979396,45.836256,0</coordinates></Point></Placemark>
<Placemark><name>The Flathead Indian Reservation</name><styleUrl>#MT</styleUrl><description><![CDATA[Sign text not yet published online by the state.<br><br>Source: Montana Department of Transportation (#139)]]></description><Point><coordinates>-114.194862,47.278640,0</coordinates></Point></Placemark>
<Placemark><name>Butte</name><styleUrl>#MT</styleUrl><description><![CDATA[Sign text not yet published online by the state.<br><br>Source: Montana Department of Transportation (#140)]]></description><Point><coordinates>-112.475216,45.991112,0</coordinates></Point></Placemark>
<Placemark><name>Belfry</name><styleUrl>#MT</styleUrl><description><![CDATA[Sign text not yet published online by the state.<br><br>Source: Montana Department of Transportation (#141)]]></description><Point><coordinates>-109.010793,45.145657,0</coordinates></Point></Placemark>
<Placemark><name>Fort Benton and the Mullan Road</name><styleUrl>#MT</styleUrl><description><![CDATA[Sign text not yet published online by the state.<br><br>Source: Montana Department of Transportation (#142)]]></description><Point><coordinates>-110.685223,47.839531,0</coordinates></Point></Placemark>
<Placemark><name>The Hell Creek Formation</name><styleUrl>#MT</styleUrl><description><![CDATA[Dinosaurs once ruled the Earth. Fossils of fierce Tyrannosaurus rex, three-horned Triceratops and many other dinosaur species can be found in the rocks of the Hell Creek Formation in eastern Montana. In the early years of the 20th century, cross-country travel by automobile was still an adventure comparable to the covered wagon days of the Old West. Instead of hostile Indians and buffalo stampedes, motorists contended with gumbo mud and rutted dirt tracks that could only marginally be called roads. In May 1916, a group of Spokane businessmen formed the National Parks Highway Association to promote an automobile route between Chicago and Seattle and designated a 3,100-mile route between the two cities as the National Parks Highway. The highway was little more than a patchwork of interconnected and unimproved county roads. In June 1916, Frank Guilbert set out with three companions in two Mitchell Six automobiles to blaze the route. For a month, the expedition battled its way across the northern tier of states, including a very rainy trip across Montana, before arriving in Seattle. The mission proved the feasibility of the National Parks Highway and its potential for tourism and commerce. By 1926, the road was known as U.S. Highway 10 and, in 1971, Interstate 94 superseded the old route.<br><br>Source: Montana Department of Transportation (#143)]]></description><Point><coordinates>-105.396974,45.421663,0</coordinates></Point></Placemark>
<Placemark><name>The Mission Valley</name><styleUrl>#MT</styleUrl><description><![CDATA[Sign text not yet published online by the state.<br><br>Source: Montana Department of Transportation (#144)]]></description><Point><coordinates>-114.160807,47.293914,0</coordinates></Point></Placemark>
<Placemark><name>Liquid Gold</name><styleUrl>#MT</styleUrl><description><![CDATA[Sign text not yet published online by the state.<br><br>Source: Montana Department of Transportation (#145)]]></description><Point><coordinates>-106.792612,48.369926,0</coordinates></Point></Placemark>
<Placemark><name>Ekalaka</name><styleUrl>#MT</styleUrl><description><![CDATA[Sign text not yet published online by the state.<br><br>Source: Montana Department of Transportation (#146)]]></description><Point><coordinates>-104.538448,45.904551,0</coordinates></Point></Placemark>
<Placemark><name>Kootenai Falls</name><styleUrl>#MT</styleUrl><description><![CDATA[The canyon along the Kootenai River exposes rocks of the Belt Supergroup, which consists of sandstones, called quartzites, and thin layers of hard mudstones or shales. These rocks form most of the outcrops along the highway from east of Libby to the Idaho border. In this area, the rocks are slightly folded so that the river cascades over the inclined hard quartzite beds in the stair-step-like falls. Individual folds may be seen in the north-facing road cut just south of Highway 2, southwest of the parking lot. Another fold may be seen north of the river. These folds resulted from east-west tectonic compression that caused north-to-south trending folds and faults throughout western Montana about 50 to 100 million years ago. When the rocks belonging to the Belt Supergroup were deposited about 1.5 billion years ago during the Precambrian Era, much of western Montana was covered by shallow seas or lakes surrounded by very flat shores. Sediments in the water deposited thin beds of sand, mud, and calcium carbonate. The surfaces of the rocks often display mud cracks, ripple marks, and the spatter marks of raindrops. These structures can be found in outcrops along the Kootenai River, and indicate that the water covering the area was shallow, and occasionally, completely dried up. Algae mats often trapped fine particles of calcium carbonate to form rounded structures called stromatolites. Near the river below Swinging Bridge are wonderful examples of stromatolites. Belt rocks dominate the mountains of northwestern Montana. The rocks along US Highway 2 between the Idaho border and the Continental Divide south of Glacier National Park consist almost entirely of the Belt Supergroup. The rocks next to the highway are brown, gray, red, green, purple, and yellow colors; dramatic cliffs occur where resistant, well-cemented sandstones are exposed.<br><br>Source: Montana Department of Transportation (#147)]]></description><Point><coordinates>-115.769092,48.452769,0</coordinates></Point></Placemark>
<Placemark><name>From Water Comes Power</name><styleUrl>#MT</styleUrl><description><![CDATA[Sign text not yet published online by the state.<br><br>Source: Montana Department of Transportation (#148)]]></description><Point><coordinates>-111.203758,47.531172,0</coordinates></Point></Placemark>
<Placemark><name>Valley of Opportunity</name><styleUrl>#MT</styleUrl><description><![CDATA[Sign text not yet published online by the state.<br><br>Source: Montana Department of Transportation (#149)]]></description><Point><coordinates>-111.064351,45.712277,0</coordinates></Point></Placemark>
<Placemark><name>Battle of Bull Creek</name><styleUrl>#MT</styleUrl><description><![CDATA[Sign text not yet published online by the state.<br><br>Source: Montana Department of Transportation (#150)]]></description><Point><coordinates>-108.723995,47.931330,0</coordinates></Point></Placemark>
<Placemark><name>The Place Now Called Camp Disappointment</name><styleUrl>#MT</styleUrl><description><![CDATA[Sign text not yet published online by the state.<br><br>Source: Montana Department of Transportation (#152)]]></description><Point><coordinates>-112.759083,48.659523,0</coordinates></Point></Placemark>
<Placemark><name>Souvenirs of the Ice Ages</name><styleUrl>#MT</styleUrl><description><![CDATA[Highway 200 near this rest area passes through one of the most spectacular ice-age landscapes in Montana. Glaciers advanced out of the Mission and Swan ranges, and the mountains in the Bob Marshall-Scapegoat wildernesses, forming an ice cap that nearly filled in the valleys to the peaks from Salmon Lake to the Flathead Valley, about eighty miles north of here. Glaciers sculpted the rugged mountain peaks of the mountain ranges you can see from the rest area. This ice cap was connected to the vast Cordilleran Ice Sheet that extended into the United States from the Canadian Rockies. Glaciers formed in this area multiple times over about 300,000 years during two ice ages: the Bull Lake and Pinedale. During the Bull Lake Ice Age, about 140,000 years ago, the glaciers flowed farther south into the valleys south of Ovando and Helmville. Between 60,000 and 15,000 years ago the ice cap formed again. Southward spreading glaciers carried gravel and sand into the Ovando area, about one to two miles south of Highway 200. Melting glaciers left behind mounds of rock and soil debris, called moraines. The low areas between the moraines mark places where the glacial till wasn’t deposited, leaving hollows that filled with water. Many of the ancient hollows can still be seen today as wetlands, shallow ponds and small lakes. Large depressions north of the rest area along Highway 83 are called kettles. Masses of ice buried in the outwash gravels melted forming the depressions. The smooth broad plains to the north and east of here are glacial outwash plains. They were once the location of raging streams that carried meltwater loaded with mud, sand, gravel from the front of melting glaciers. These valleys are now the agricultural land along the Clearwater and Blackfoot rivers.<br><br>Source: Montana Department of Transportation (#154)]]></description><Point><coordinates>-113.368901,47.002357,0</coordinates></Point></Placemark>
<Placemark><name>The Valley of a Thousand Haystacks</name><styleUrl>#MT</styleUrl><description><![CDATA[Sign text not yet published online by the state.<br><br>Source: Montana Department of Transportation (#155)]]></description><Point><coordinates>-112.656975,46.591014,0</coordinates></Point></Placemark>
<Placemark><name>The Rocky Mountain Trench</name><styleUrl>#MT</styleUrl><description><![CDATA[Eureka is situated in a 1000-mile long valley called the Rocky Mountain Trench. This gigantic rift valley stretches all the way from the British Columbia-Yukon border south to the St. Ignatius area and averages about 15-miles wide. The high mountains on both sides of the trench are composed of Precambrian sedimentary rocks that were deposited in an inland sea more than 1.4 billion years ago. But the mountains themselves did not begin forming until about 110 million years ago when the North American tectonic plate overrode the Pacific plate far to the west. This collision shoved enormous pieces of the earth’s crust eastward, where they rode up and over the rocks to the east along thrust faults and stacked up "like shingles on a roof" to create the Rocky Mountains. Then about 55 million years ago, the tectonic setting changed and the earth’s crust in this region began to pull apart, reversing the movement on some of the "shingles" and dropping them back down along normal faults. The rounded hills along the highway north of Eureka are called drumlins. The elongated hills consist of glacial till that form near the lower ends of glaciers where the ice is thin. The hills are oriented parallel to the movement of the ice with the higher blunt end facing into the glacial movement and the thin tails trailing off in the downflow direction. Drumlins are whale-shaped in profile and like schools of monstrous tadpoles from the air. The hills usually occur in groups called a drumlin field.<br><br>Source: Montana Department of Transportation (#156)]]></description><Point><coordinates>-115.056756,48.911066,0</coordinates></Point></Placemark>
<Placemark><name>The Sweet Grass Hills</name><styleUrl>#MT</styleUrl><description><![CDATA[The three distinctive buttes on the horizon to the east are called collectively the Sweet Grass Hills. West Butte, the closest and highest, rises 3,000 feet above the plains. Middle Butte, farther in the distance and a little to the south, is grass covered and East Butte is the most distant. Together these three buttes make this range the most prominent in north central Montana. Like many of the mountain ranges on Montana’s great plains, the Sweet Grass Hills are the result of igneous activity about 50 million years ago when molten rock intruded Cretaceous sedimentary rocks. The surrounding sedimentary rocks were more rapidly eroded than the hard igneous rock leaving these three buttes and two much smaller buttes jutting up above the plains. At approximately the same time, similar igneous activity occurred in what are now the Highwood and Bears Paw Mountains and other mountains in central Montana. A continental glacier that flowed south from Canada covered this area with an estimated thickness of more than a 1,000 feet of ice, leaving the upper third of these buttes sticking up above the ice. Because the Sweet Grass Hills were not completely ice covered, they do not have the rugged sculpted appearance that characterizes many Montana mountain ranges. Katoyisiks is the Blackfeet word for the Sweet Grass Hills and means "Sweet Pine Hills." Some of Blackfeet’s oldest stories and traditions involve the hills. According to Blackfeet tradition, Old Man made the Sweet Grass Hills with rocks he carried with him after creating the earth. Long ago the Blackfeet surrounded a party of Crow Indians on the Middle Butte. As night came and throughout the night, the Blackfeet pushed the Crow further up the hill. As this was occurring, the Crow would sing a particular song. With the first light of morning, the Blackfeet closed off their circle at the top. The Crow were gone. The Blackfeet still use this song in their ceremonies, such as the Sundance.<br><br>Source: Montana Department of Transportation (#157)]]></description><Point><coordinates>-110.858893,48.543319,0</coordinates></Point></Placemark>
<Placemark><name>Claggett Hill Trail</name><styleUrl>#MT</styleUrl><description><![CDATA[Sign text not yet published online by the state.<br><br>Source: Montana Department of Transportation (#158)]]></description><Point><coordinates>-109.624920,47.715045,0</coordinates></Point></Placemark>
<Placemark><name>Lewis and Clark in Salish Territory</name><styleUrl>#MT</styleUrl><description><![CDATA[Sign text not yet published online by the state.<br><br>Source: Montana Department of Transportation (#160)]]></description><Point><coordinates>-114.081228,46.741921,0</coordinates></Point></Placemark>
<Placemark><name>Brave New World</name><styleUrl>#MT</styleUrl><description><![CDATA[Sign text not yet published online by the state.<br><br>Source: Montana Department of Transportation (#161)]]></description><Point><coordinates>-113.885430,46.874917,0</coordinates></Point></Placemark>
<Placemark><name>Atlantic Cable Quartz Node</name><styleUrl>#MT</styleUrl><description><![CDATA[Sign text not yet published online by the state.<br><br>Source: Montana Department of Transportation (#162)]]></description><Point><coordinates>-113.171344,46.170239,0</coordinates></Point></Placemark>
<Placemark><name>Old Fort Gilbert</name><styleUrl>#MT</styleUrl><description><![CDATA[Sign text not yet published online by the state.<br><br>Source: Montana Department of Transportation (#163)]]></description><Point><coordinates>-104.111028,47.787187,0</coordinates></Point></Placemark>
<Placemark><name>Yellowstone River Trading Posts</name><styleUrl>#MT</styleUrl><description><![CDATA[Sign text not yet published online by the state.<br><br>Source: Montana Department of Transportation (#164)]]></description><Point><coordinates>-107.250054,46.217942,0</coordinates></Point></Placemark>
<Placemark><name>The Little Belt Mountains</name><styleUrl>#MT</styleUrl><description><![CDATA[Sign text not yet published online by the state.<br><br>Source: Montana Department of Transportation (#165)]]></description><Point><coordinates>-110.735602,46.933173,0</coordinates></Point></Placemark>
<Placemark><name>Finding the Falls</name><styleUrl>#MT</styleUrl><description><![CDATA[Sign text not yet published online by the state.<br><br>Source: Montana Department of Transportation (#166)]]></description><Point><coordinates>-111.206378,47.532166,0</coordinates></Point></Placemark>
<Placemark><name>Fort Peck Indian Reservation</name><styleUrl>#MT</styleUrl><description><![CDATA[Sign text not yet published online by the state.<br><br>Source: Montana Department of Transportation (#167)]]></description><Point><coordinates>-105.192251,48.113025,0</coordinates></Point></Placemark>
<Placemark><name>The Natural Pier Bridge</name><styleUrl>#MT</styleUrl><description><![CDATA[Sign text not yet published online by the state.<br><br>Source: Montana Department of Transportation (#168)]]></description><Point><coordinates>-114.506707,47.014491,0</coordinates></Point></Placemark>
<Placemark><name>The 1959 Earthquake</name><styleUrl>#MT</styleUrl><description><![CDATA[Sign text not yet published online by the state.<br><br>Source: Montana Department of Transportation (#169)]]></description><Point><coordinates>-111.100897,44.662625,0</coordinates></Point></Placemark>
<Placemark><name>Trail Through Time</name><styleUrl>#MT</styleUrl><description><![CDATA[Sign text not yet published online by the state.<br><br>Source: Montana Department of Transportation (#170)]]></description><Point><coordinates>-111.063896,45.712088,0</coordinates></Point></Placemark>
<Placemark><name>The Queen of the Judith Basin</name><styleUrl>#MT</styleUrl><description><![CDATA[Sign text not yet published online by the state.<br><br>Source: Montana Department of Transportation (#171)]]></description><Point><coordinates>-109.399190,47.199276,0</coordinates></Point></Placemark>
<Placemark><name>Ingomar</name><styleUrl>#MT</styleUrl><description><![CDATA[Sign text not yet published online by the state.<br><br>Source: Montana Department of Transportation (#173)]]></description><Point><coordinates>-107.375738,46.583118,0</coordinates></Point></Placemark>
<Placemark><name>First People in the Gallatin Valley</name><styleUrl>#MT</styleUrl><description><![CDATA[Sign text not yet published online by the state.<br><br>Source: Montana Department of Transportation (#175)]]></description><Point><coordinates>-111.064100,45.712063,0</coordinates></Point></Placemark>
<Placemark><name>Yogo Sapphires</name><styleUrl>#MT</styleUrl><description><![CDATA[Sign text not yet published online by the state.<br><br>Source: Montana Department of Transportation (#177)]]></description><Point><coordinates>-109.872625,47.014725,0</coordinates></Point></Placemark>
<Placemark><name>Lewis &amp; Clark</name><styleUrl>#MT</styleUrl><description><![CDATA[Sign text not yet published online by the state.<br><br>Source: Montana Department of Transportation (#178)]]></description><Point><coordinates>-111.064297,45.712107,0</coordinates></Point></Placemark>
<Placemark><name>The Montana - Utah Road</name><styleUrl>#MT</styleUrl><description><![CDATA[Sign text not yet published online by the state.<br><br>Source: Montana Department of Transportation (#180)]]></description><Point><coordinates>-112.796674,44.852166,0</coordinates></Point></Placemark>
<Placemark><name>The Crazy Mountains</name><styleUrl>#MT</styleUrl><description><![CDATA[Sign text not yet published online by the state.<br><br>Source: Montana Department of Transportation (#181)]]></description><Point><coordinates>-109.938628,46.446225,0</coordinates></Point></Placemark>
<Placemark><name>The Pryor Mountains</name><styleUrl>#MT</styleUrl><description><![CDATA[The Pryor Mountains are located on the horizon to the southeast. The prominent cliffs and dip slopes are Madison Limestone, which was deposited in shallow seas over 300 million years ago. Along the margins of the mountains, younger tan colored Tensleep sandstone and brick-red Chugwater Formation crop out. Canyons in the range expose older rocks, including Precambrian basement rock more than two billion years old. Crustal blocks that form the Pryor Mountains were uplifted along reverse faults about 65-55 million years ago. Over millions of years, water dissolved deep caves in the limestone. Some open vertically to the surface, allowing cold dense air to sink down into the cave. The rock acts as an insulator, trapping the dense air and moisture underground, resulting in spectacular ice caves, such as Big Ice Cave. Other caves in the mountains have fantastic formations of stalagmites and stalactites. About 115 million years ago, a 10-foot long dinosaur with razor-sharp claws and teeth and retractable slashing talons on its hind feet hunted in packs in this area. Lightly-built, agile and quick, this intelligent carnivore could run at speeds up to 25 miles per hour and was the perfect killing machine of its time. In 1964, on a wind-swept hill in the badlands near here, Yale professor John Ostrom discovered the fossil remains of just such a creature. Called Deinonychus ("Terrible Claw"), the discovery of this animal revolutionized the study of paleontology and changed our understanding of dinosaurs. Because of its unique skeletal structure, Deinonychus had more in common with birds than it did reptiles. The great amount of energy needed for it to survive has also led some to believe that it was warmblooded rather than cold-blooded like its reptilian cousins. Because of Deinonychus, paleontologists now consider dinosaurs to have been agile, smart, and social animals rather than slow-moving and dull-witted. Fortunately for us, Deinonychus died out millions of years ago and no longer scours these hills for prey.<br><br>Source: Montana Department of Transportation (#182)]]></description><Point><coordinates>-108.916222,45.337994,0</coordinates></Point></Placemark>
<Placemark><name>The Tendoy Mountains</name><styleUrl>#MT</styleUrl><description><![CDATA[Sign text not yet published online by the state.<br><br>Source: Montana Department of Transportation (#183)]]></description><Point><coordinates>-112.588847,44.631107,0</coordinates></Point></Placemark>
<Placemark><name>The Anaconda Pintler and Flint Creek Mountains</name><styleUrl>#MT</styleUrl><description><![CDATA[The mountains surrounding this valley began to form more than 100 million years ago when tectonic forces compressed the earth’s crust and forced layers of underlying sedimentary rock eastward along great thrust faults. The faults stacked flat slices of rocks on top of one another to form high mountains similar to the Andes or Himalayas today. Molten rock was injected beneath the surface and cooled to form large masses of granite, called the Boulder Batholith, that are now exposed on the east side of the Deer Lodge Valley. Then, about 50 million years ago, the earth’s crust in this region began to be pulled apart. The crustal rocks were broken and the Anaconda-Pintler and Flint Creek Mountains to your west were separated from the Deer Lodge Valley by a gently east-sloping normal fault called the Anaconda detachment fault that forms the gently sloping mountain front on the west side of this valley. Rocks that form the mountains are hard, resistant metamorphic and igneous rocks brought up from deep in the earth’s crust. The sedimentary rocks that formerly lay on top of those in the mountains slid eastward and downward along the detachment fault, and now lie buried beneath the Deer Lodge Valley. As the valley dropped and the mountains rose, the valley filled with thousands of feet of younger material derived from the eroding mountains. Although the Anaconda detachment fault is no longer active, other similar, but steeper, normal faults are, and so the mountains may still be growing.<br><br>Source: Montana Department of Transportation (#184)]]></description><Point><coordinates>-112.807785,46.092379,0</coordinates></Point></Placemark>
<Placemark><name>The Place Where the White Horse Went Down</name><styleUrl>#MT</styleUrl><description><![CDATA[Sign text not yet published online by the state.<br><br>Source: Montana Department of Transportation (#185)]]></description><Point><coordinates>-108.480787,45.802756,0</coordinates></Point></Placemark>
<Placemark><name>A Lost World</name><styleUrl>#MT</styleUrl><description><![CDATA[(west-bound) View/Download a PDF of the Road Sign Imagine a world very different than we know today. About 1.5 billion years ago during the Precambrian Era, the earth's environment was desolate, with no trees, fish, animals or birds. Shallow seas with extensive near-shore flats were fed by streams that deposited great amounts of sand and mud. Rain frequently fell and pooled in vast shallow lakes and ponds in what would one day become northwest Montana. Despite the hostile environment, blue-green algae mats often trapped fine particles of calcium carbonate to form structures called stromatolites, that grew in shallow nearshore environments. The surface of the rocks often display mud cracks, ripple marks, and, sometimes, the spatter marks of primeval raindrops. The earth's crust slowly sank for about 100 million years forming a large geologic basin in which Belt Supergroup sediments accumulated as much as 10 miles thick! The rocks are common in northern and central Idaho and western Montana, and extend east to the Little Belt Mountains in central Montana. The sedimentary rocks along Interstate 90 between Lookout Pass and Alberton are almost entirely rocks of the Belt Supergroup. These rocks are distinguished by brown, gray, red, green, purple, and yellow colors and locally form dramatic cliffs where resistant, well-cemented sandstones are exposed in the canyon. Interstate 90 from near Lookout Pass through Missoula is located along the Lewis and Clark Fault Zone, a series of faults that stretch between northwest Washington State and the Helena area. The faults had significant movement about 70 million years ago when the Rocky Mountains were uplifting and were active until at least 25 million years ago. Interstate 90 and US Highway 10 in western Montana follow the trend of the faults along straight canyons that eroded along the fault zone.<br><br>Source: Montana Department of Transportation (#186)]]></description><Point><coordinates>-115.628847,47.419386,0</coordinates></Point></Placemark>
<Placemark><name>The Bozeman Trail</name><styleUrl>#MT</styleUrl><description><![CDATA[Sign text not yet published online by the state.<br><br>Source: Montana Department of Transportation (#187)]]></description><Point><coordinates>-109.448742,45.455363,0</coordinates></Point></Placemark>
<Placemark><name>Canyon Ferry</name><styleUrl>#MT</styleUrl><description><![CDATA[Sign text not yet published online by the state.<br><br>Source: Montana Department of Transportation (#188)]]></description><Point><coordinates>-111.545045,46.356482,0</coordinates></Point></Placemark>
<Placemark><name>Howse House</name><styleUrl>#MT</styleUrl><description><![CDATA[Sign text not yet published online by the state.<br><br>Source: Montana Department of Transportation (#189)]]></description><Point><coordinates>-114.290730,48.167483,0</coordinates></Point></Placemark>
<Placemark><name>Mountains, Belt Butte, and Great Falls Coal Field</name><styleUrl>#MT</styleUrl><description><![CDATA[The scenic Highwood Mountains, visible on the skyline to the northeast, are composed of resistant volcanic rocks which tower above the relatively soft surrounding sedimentary rocks. The mountains contain an unusual abundance of a dark igneous rock called shonkinite. Shonkinite occurs in other parts of the world, but it was named for the exposures found near the community of Shonkin on the north side of the Highwood Mountains. As you drive to the northwest, look for a prominent hill known as Belt Butte northeast of the highway. You can recognize it by its "belt" of Cretaceous sandstone. Belt Butte is notable because it gave its name to Belt Creek, the town of Belt, and to the Big and Little Belt mountains to the south. The Belt Supergroup, an extremely thick and extensive package of western Montana sedimentary and metamorphosed sedimentary rock, hundreds of millions of years old, is found in many mountain ranges of western Montana. The Supergroup was named for the Big and Little Belt mountains thanks to the "belt" of sandstone around Belt Butte! The Little Belt Mountains, visible to the south, were bowed up by multiple blister-like pockets of magma, molten rock that arched up the overlying sedimentary layers to form domes. The domes and mountains are cored by igneous rock formed about the same time as the Highwood Mountains, about 50 million years ago. The Great Falls coal field extends through the Armington area. The coal is discontinuous, having developed from plant material that accumulated in a number of Early Cretaceous swamps. Compaction of the remains of swamp plants over millions of years produced the medium-grade bituminous coal in the area. Coal mined in this area powered the locomotives of the Great Northern Railway, fueled the smelter at Great Falls, and heated homes throughout central Montana. Coal mining in the area declined after 1950, when the coal of the Great Falls field could not compete with diesel, oil, and natural gas.<br><br>Source: Montana Department of Transportation (#190)]]></description><Point><coordinates>-110.895948,47.349860,0</coordinates></Point></Placemark>
<Placemark><name>A Perfect Defile</name><styleUrl>#MT</styleUrl><description><![CDATA[(south-bound) View/Download a PDF of the Road Sign Here nestled deep in the Big Belt Mountains, is one of the most spectacular canyons in Montana. More than a billion years ago, during the Precambrian Era, an ancient inland seaway deposited these shales and sands, which over time, became these vibrant red and green mudstones called "Spokane Shale" for the Spokane Hills east of Helena. The Big Belts themselves consist primarily of Spokane Shale. They contrast with the magnificent white cliffs of Madison Limestone exposed in the nearby Gates of the Mountains and the drab gravels of Confederate Gulch to the southeast. The greenish colors in the mudstones are provided by tiny amounts of iron minerals that formed on mudflats that were low in oxygen; the intervening pinkish layers oxidized in contact with slightly greater amounts of oxygen. Like most sedimentary rocks, there were originally laid down as horizontal layers. About 70 million years ago these rocks were crumpled, folded, and faulted during formation of the Rocky Mountains. As the floor of the Pacific Ocean slowly collided with the western margin of North America the horizontal layers became bent, broken, and tilted as you see them now. The most pronounced crumpling is here in the "overthrust belt" near the eastern edge of the Rockies. The Precambrian sedimentary rocks thin eastward in this area where they overlie the hard granite-like "basement" rocks of the central part of the continent. A Brief History: Although this multi-hued and rugged canyon was well-known to Native Americans for thousands of years, it was first recorded by road-builder John Mullan in 1859. He called this rocky canyon "a perfect defile" and "by far the most difficult of any point along the [road], from Hell's Gate to Fort Benton." In 1865, the Territorial Legislature granted a license to the Little Prickly Pear Wagon Road Company to build a toll road through the canyon. A year later, in 1866, Helena merchants James King and Warren Gillette bought the road and spent $40,000 upgrading it. By then traffic on it between Fort Benton and Helena had become so heavy, that the men were able to recoup their expenditure within two years. By the early 1870s, it was part of the Benton Road, an important freight and passenger route in the territory. Thereafter, other roads and a railroad were constructed through the Prickly Pear Canyon, culminating in the completion of Interstate 15 in 1967. Montana's first Interstate rest area, here at Lyons' Creek, was built in 1965.<br><br>Source: Montana Department of Transportation (#191)]]></description><Point><coordinates>-112.107494,46.954424,0</coordinates></Point></Placemark>
<Placemark><name>Bannack</name><styleUrl>#MT</styleUrl><description><![CDATA[Sign text not yet published online by the state.<br><br>Source: Montana Department of Transportation (#193)]]></description><Point><coordinates>-112.747213,45.125644,0</coordinates></Point></Placemark>
<Placemark><name>Earthquakes!</name><styleUrl>#MT</styleUrl><description><![CDATA[Few natural events cause as much fear in people as earthquakes. They remind us that the Earth is always changing and renewing itself and that this sometimes occurs violently and without warning. Earthquakes happen when stored energy is suddenly released by movement along a fault. A fault is a fracture that allows blocks of rocks to slide past each other. Tectonic forces gradually apply stress to the fault but friction along the fault keep the two sides locked in place. Eventually, the stress builds to the point where frictional forces locking the fault are exceeded and opposite sides of the fault suddenly slip past each other, releasing the stored energy. Some of this released energy radiates away from the fault surface as seismic waves, which we feel as an earthquake. The earthquakes in southwestern Montana are part of Intermountain Seismic Belt, a zone of frequent earthquake activity that extends about 800 miles from northwest Montana southward through Yellowstone National Park, through the Salt Lake City area, and all the way to southwestern Utah. A branch of the Intermountain Seismic Belt extends from Yellowstone about 300 miles west to the Idaho-Oregon border. The Intermountain Seismic Belt results from gradual stretching of the North American tectonic plate as it interacts with the Pacific tectonic plate. On August 17, 1959, a magnitude 7.3 earthquake struck Hebgen Lake about 12 miles northeast of here. The earthquake ruptured two faults, the Hebgen Lake fault and the Red Canyon fault, and caused parts of the Hebgen Lake basin to subside as much as 22 feet. The sudden tilting of Hebgen Lake caused a large wave—a seiche—to wash back and forth across the lake overtopping Hebgen Dam and sweeping shoreline cabins off their foundations. It also shook loose a mountainside—the 37 million cubic yard Madison Canyon landslide—that dammed the Madison River to form Earthquake Lake. The landslide buried part of a campground, killing 26 people.<br><br>Source: Montana Department of Transportation (#194)]]></description><Point><coordinates>-111.467664,44.827940,0</coordinates></Point></Placemark>
<Placemark><name>The Frenchwoman's Road</name><styleUrl>#MT</styleUrl><description><![CDATA[Sign text not yet published online by the state.<br><br>Source: Montana Department of Transportation (#195)]]></description><Point><coordinates>-112.307607,46.561911,0</coordinates></Point></Placemark>
<Placemark><name>Wood Mountain Trail</name><styleUrl>#MT</styleUrl><description><![CDATA[Sign text not yet published online by the state.<br><br>Source: Montana Department of Transportation (#196)]]></description><Point><coordinates>-105.420812,48.736331,0</coordinates></Point></Placemark>
<Placemark><name>Journey Not Easily Forgotten</name><styleUrl>#MT</styleUrl><description><![CDATA[Sign text not yet published online by the state.<br><br>Source: Montana Department of Transportation (#197)]]></description><Point><coordinates>-111.206329,47.532130,0</coordinates></Point></Placemark>
<Placemark><name>The Bitterroot Valley, Home of the Selis</name><styleUrl>#MT</styleUrl><description><![CDATA[Sign text not yet published online by the state.<br><br>Source: Montana Department of Transportation (#198)]]></description><Point><coordinates>-114.081239,46.741951,0</coordinates></Point></Placemark>
<Placemark><name>The Oily Boid Gets the Woim</name><styleUrl>#MT</styleUrl><description><![CDATA[Sign text not yet published online by the state.<br><br>Source: Montana Department of Transportation (#199)]]></description><Point><coordinates>-111.817776,48.489348,0</coordinates></Point></Placemark>
<Placemark><name>Historic Rainbow Hydroelectric Development</name><styleUrl>#MT</styleUrl><description><![CDATA[Sign text not yet published online by the state.<br><br>Source: Montana Department of Transportation (#200)]]></description><Point><coordinates>-111.203770,47.531188,0</coordinates></Point></Placemark>
<Placemark><name>Indian Country</name><styleUrl>#MT</styleUrl><description><![CDATA[Sign text not yet published online by the state.<br><br>Source: Montana Department of Transportation (#201)]]></description><Point><coordinates>-106.909372,47.312644,0</coordinates></Point></Placemark>
<Placemark><name>Camp Disappointment</name><styleUrl>#MT</styleUrl><description><![CDATA[Sign text not yet published online by the state.<br><br>Source: Montana Department of Transportation (#202)]]></description><Point><coordinates>-112.759104,48.659566,0</coordinates></Point></Placemark>
<Placemark><name>A Wonderful Piece of Engineering: the Mullan Road</name><styleUrl>#MT</styleUrl><description><![CDATA[Sign text not yet published online by the state.<br><br>Source: Montana Department of Transportation (#203)]]></description><Point><coordinates>-115.625439,47.419774,0</coordinates></Point></Placemark>
<Placemark><name>Old Agency on the Teton</name><styleUrl>#MT</styleUrl><description><![CDATA[Sign text not yet published online by the state.<br><br>Source: Montana Department of Transportation (#204)]]></description><Point><coordinates>-112.232546,47.853346,0</coordinates></Point></Placemark>
<Placemark><name>The Powder River Country</name><styleUrl>#MT</styleUrl><description><![CDATA[Sign text not yet published online by the state.<br><br>Source: Montana Department of Transportation (#205)]]></description><Point><coordinates>-105.397344,45.421965,0</coordinates></Point></Placemark>
<Placemark><name>Mountains on the Move</name><styleUrl>#MT</styleUrl><description><![CDATA[The spectacular Bitterroot Mountains northwest of Sula expose granite rocks of the Idaho batholith, a major geologic feature that consists of a series of igneous intrusions that pushed their way toward the surface between about 80 and 53 million years ago. The molten magma that formed these intrusions forced its way into older rocks and crystallized more than ten miles below the surface. As the magma rose upward, it raised up the overlying rocks, which sloughed off an enormous block that slid to the east, forming the Sapphire Range on the east side of the Bitterroot Valley. It took about seven million years for this block to slowly slide along a surface that forms the eastern slope of much of the Bitterroot Range. The granite rock exposed along US Highway 93 in the Sula area are part of this block that was once in the present Bitterroot Range. About 50 million years ago, magma again rose up through the crust of the earth resulting in the eruption of large volumes of volcanic rock in the southern Bitterroot Range southwest of Sula. Glaciers capped much of the Bitterroot Range and carved dramatic U-shaped profiles into side drainages that flow eastward into the Bitterroot Valley. The last glaciation ended about 15,000 years ago. Multiple times during the glacial ages, a glacier dammed the Clark Fork River near the Idaho/Montana border forming Glacial Lake Missoula. The highest lake stand reached an altitude of 4,200 feet above sea level, forming a lakeshore only a few miles downstream of Sula.<br><br>Source: Montana Department of Transportation (#206)]]></description><Point><coordinates>-113.979598,45.836253,0</coordinates></Point></Placemark>
<Placemark><name>The Montana Central Railroad</name><styleUrl>#MT</styleUrl><description><![CDATA[Sign text not yet published online by the state.<br><br>Source: Montana Department of Transportation (#207)]]></description><Point><coordinates>-112.108103,46.953396,0</coordinates></Point></Placemark>
<Placemark><name>Belt Commercial Historic District</name><styleUrl>#MT</styleUrl><description><![CDATA[Sign text not yet published online by the state.<br><br>Source: Montana Department of Transportation (#208)]]></description><Point><coordinates>-110.927504,47.387642,0</coordinates></Point></Placemark>
<Placemark><name>The Great Clearing</name><styleUrl>#MT</styleUrl><description><![CDATA[Sign text not yet published online by the state.<br><br>Source: Montana Department of Transportation (#209)]]></description><Point><coordinates>-113.979321,45.836271,0</coordinates></Point></Placemark>
<Placemark><name>The New World Mining District</name><styleUrl>#MT</styleUrl><description><![CDATA[Sign text not yet published online by the state.<br><br>Source: Montana Department of Transportation (#210)]]></description><Point><coordinates>-109.942988,45.018179,0</coordinates></Point></Placemark>
<Placemark><name>Welcome to Dinosaur Country</name><styleUrl>#MT</styleUrl><description><![CDATA[Montana is famous for its dinosaur fossils. Paleontologists have discovered seventy-five different species of dinosaurs in Montana, more than any other state in America. The oldest dinosaur fossils are found in rocks of the Jurassic Period, which are 155 million years old. They include the gigantic Diplodocus, the plated Stegosaurus, and the fearsome Allosaurus. Most Montana dinosaurs come from Cretaceous Period rocks, including the "raptor" Deinonychus, made notorious by the 1993 motion picture Jurassic Park, and the burrowing dinosaur Oryctodromeus. About 80-75 million years ago, nesting dinosaurs like Maiasaura and Troodon lived in the coastal plains next to the inland sea. Many millions of years later, Tyrannosaurus rex, vast herds of horned Triceratops, and the armored Ankylosaurus all lived in Montana. During the millions of years the dinosaurs ruled this region, the climate and geography were very different from today. Inland bays of the Pacific Ocean during Jurassic times and the Atlantic Ocean during the Cretaceous period provided Montana with a hot and humid subtropical climate. A Brief History: Montana's big sky drew tourists even during the darkest days of the Great Depression in the 1930s. Thousands of people came to Montana to enjoy its wide open spaces and experience its Old West heritage. Good roads and cheap gasoline helped make it possible. The Montana Department of Transportation distributed colorful highway maps and brochures at ports-of-entry stations and information centers. Beginning in 1935, the MDT installed interpretive markers at roadside picnic areas to tell readers about Montana's exciting history. The signs told stories reminiscent of a cowboy spinning a yarn to a greenhorn. Over 250 roadside signs still introduce visitors and residents to Montana's history and geology.<br><br>Source: Montana Department of Transportation (#211)]]></description><Point><coordinates>-104.179198,46.990303,0</coordinates></Point></Placemark>
<Placemark><name>Freighters</name><styleUrl>#MT</styleUrl><description><![CDATA[Sign text not yet published online by the state.<br><br>Source: Montana Department of Transportation (#212)]]></description><Point><coordinates>-112.013237,46.406554,0</coordinates></Point></Placemark>
<Placemark><name>Appreciation</name><styleUrl>#MT</styleUrl><description><![CDATA[Sign text not yet published online by the state.<br><br>Source: Montana Department of Transportation (#213)]]></description><Point><coordinates>-112.747170,45.125700,0</coordinates></Point></Placemark>
<Placemark><name>A Wonderful Piece of Engineering: the Big Side Cut</name><styleUrl>#MT</styleUrl><description><![CDATA[Sign text not yet published online by the state.<br><br>Source: Montana Department of Transportation (#214)]]></description><Point><coordinates>-114.519965,47.020804,0</coordinates></Point></Placemark>
<Placemark><name>The Powder River and the Red Trail</name><styleUrl>#MT</styleUrl><description><![CDATA[Sign text not yet published online by the state.<br><br>Source: Montana Department of Transportation (#215)]]></description><Point><coordinates>-105.312150,46.426465,0</coordinates></Point></Placemark>
<Placemark><name>The Pryor Mountains and Raptor Country</name><styleUrl>#MT</styleUrl><description><![CDATA[The Pryor Mountains are located on the horizon to the southeast. The prominent cliffs and dip slopes are Madison Limestone, which was deposited in shallow seas over 300 million years ago. Along the margins of the mountains, younger tan colored Tensleep sandstone and brick-red Chugwater Formation crop out. Canyons in the range expose older rocks, including Precambrian basement rock more than two billion years old. Crustal blocks that form the Pryor Mountains were uplifted along reverse faults about 65-55 million years ago. Over millions of years, water dissolved deep caves in the limestone. Some open vertically to the surface, allowing cold dense air to sink down into the cave. The rock acts as an insulator, trapping the dense air and moisture underground, resulting in spectacular ice caves, such as Big Ice Cave. Other caves in the mountains have fantastic formations of stalagmites and stalactites. About 115 million years ago, a 10-foot long dinosaur with razor-sharp claws and teeth and retractable slashing talons on its hind feet hunted in packs in this area. Lightly-built, agile and quick, this intelligent carnivore could run at speeds up to 25 miles per hour and was the perfect killing machine of its time. In 1964, on a wind-swept hill in the badlands near here, Yale professor John Ostrom discovered the fossil remains of just such a creature. Called Deinonychus ("Terrible Claw"), the discovery of this animal revolutionized the study of paleontology and changed our understanding of dinosaurs. Because of its unique skeletal structure, Deinonychus had more in common with birds than it did reptiles. The great amount of energy needed for it to survive has also led some to believe that it was warmblooded rather than cold-blooded like its reptilian cousins. Because of Deinonychus, paleontologists now consider dinosaurs to have been agile, smart, and social animals rather than slow-moving and dull-witted. Fortunately for us, Deinonychus died out millions of years ago and no longer scours these hills for prey.<br><br>Source: Montana Department of Transportation (#217)]]></description><Point><coordinates>-108.916261,45.337896,0</coordinates></Point></Placemark>
<Placemark><name>The Judith Landing</name><styleUrl>#MT</styleUrl><description><![CDATA[Sign text not yet published online by the state.<br><br>Source: Montana Department of Transportation (#218)]]></description><Point><coordinates>-109.634739,47.725989,0</coordinates></Point></Placemark>
<Placemark><name>Madison Limestone and the Garnet Mountains</name><styleUrl>#MT</styleUrl><description><![CDATA[(east-bound) I-90 Frontage Road (old US 10), MP 10, ten miles west of Drummond GPS Latitude: 46.7204 Longitude: -113.3163 View/Download a PDF of the Road Sign About 350 million years ago, much of Montana was submerged under a shallow sea. Billions of tiny marine creatures thrived in the water and when they died their bodies settled into the muck on the sea bed. After hundreds of millions of years of accumulation and many more millions of years it metamorphosed into the pale gray rocks that are known today as Madison Limestone. The limestone is common throughout Montana, eastern Idaho, northern Wyoming, and in the Dakotas. In Montana, the limestone beds are from 1,000 to 2,000 feet thick in places. Because Madison Limestone resists weathering and erosion much better than most other kinds of rocks, it forms many of the spectacular cliffs and dramatic ridges that make Montana such a scenic place to drive through. A magnificent outcrop of Madison Limestone is visible on the north side of Interstate 90 just a few miles east of this rest area. The limestone pinnacles were exposed when the soil around them eroded away, creating the dramatic canyon along the Clark Fork River. The red streaks visible on the rocks and soil is iron oxide. About 75 million years ago molten rock intruded the area near the crest of the Garnet Range, seven miles north of this rest area. Northwest-trending faults and rock layers channeled mineral-rich fluids from the intrusion into Cambrian and Precambrian rocks to form three principal gold veins and numerous smaller, gold-bearing zones. Prospectors discovered gold placers at the mouth of Bear Gulch, about a mile northeast of the rest area in 1865; discoveries in other drainages of the Garnet Range soon followed. Although goldbearing veins were discovered by 1866, the technology was not readily available to work them. By 1896, however, numerous underground mines were producing gold, silver, and copper. In 1898, more than 1,000 people lived in the town of Garnet to support the miners living in the surrounding area.<br><br>Source: Montana Department of Transportation (#219)]]></description><Point><coordinates>-113.338087,46.703456,0</coordinates></Point></Placemark>
<Placemark><name>Dupuyer</name><styleUrl>#MT</styleUrl><description><![CDATA[Sign text not yet published online by the state.<br><br>Source: Montana Department of Transportation (#220)]]></description><Point><coordinates>-112.506736,48.198437,0</coordinates></Point></Placemark>
<Placemark><name>Bearmouth</name><styleUrl>#MT</styleUrl><description><![CDATA[Sign text not yet published online by the state.<br><br>Source: Montana Department of Transportation (#221)]]></description><Point><coordinates>-113.338224,46.703704,0</coordinates></Point></Placemark>
<Placemark><name>Rosebud</name><styleUrl>#MT</styleUrl><description><![CDATA[Sign text not yet published online by the state.<br><br>Source: Montana Department of Transportation (#222)]]></description><Point><coordinates>-106.305964,46.269090,0</coordinates></Point></Placemark>
<Placemark><name>The Red-Capped Hills of Eastern Montana</name><styleUrl>#MT</styleUrl><description><![CDATA[Striking red rock caps many of the hills of eastern Montana. Some of the rock looks volcanic, so it has incorrectly been called scoria. Lewis and Clark attributed the red rock to burning coal beds and called the red areas "burnt hills." Geologists call the rock clinker. It occurs within the Fort Union Formation which contains coal beds sandwiched between soft sedimentary rock. Clinker develops when coal burns from the surface into a hill, where it cooks, fuses, and melts the adjacent rock, forming new, completely different types of rocks. Sandstone is baked to a brick-like rock. Shale may be fused like a ceramic in a kiln. Other rock may melt to look like hardened lava. The heat from burning coal rises, so most of the clinker develops above the burning coal bed. Some clinker beds are 100 feet thick. Clinker beds are porous allowing water to infiltrate into them rather than run off. The infiltration recharges the groundwater and protects the underlying rock from erosion, producing hills with red clinker caps. Before a coal bed can ignite and burn it must be dry and exposed to air. Streams and flash floods erode the hills in eastern Montana. In the process, coal beds are left above the water table where water can drain out of them and the coal is exposed to oxygen. Lightning, spontaneous combustion, chemical reactions, and range fires ignite the coal. Burning trees rooted in coal beds can also start the fires. Scientists have determined that coal has been burning in eastern Montana for at least four million years, but each burning coal bed eventually extinguishes naturally. As the fire burns into the hill, the overlying rock breaks up and collapses, this allows air deeper into the hill and keeps the coal burning underground. Eventually, too much overlying rock collapses to allow air to enter, and the fire goes out.<br><br>Source: Montana Department of Transportation (#223)]]></description><Point><coordinates>-105.019459,46.898654,0</coordinates></Point></Placemark>
<Placemark><name>The Mullan Road</name><styleUrl>#MT</styleUrl><description><![CDATA[Sign text not yet published online by the state.<br><br>Source: Montana Department of Transportation (#225)]]></description><Point><coordinates>-113.338267,46.703491,0</coordinates></Point></Placemark>
<Placemark><name>Fort Peck Dam and Lake</name><styleUrl>#MT</styleUrl><description><![CDATA[Sign text not yet published online by the state.<br><br>Source: Montana Department of Transportation (#227)]]></description><Point><coordinates>-106.171320,47.325188,0</coordinates></Point></Placemark>
<Placemark><name>The Thomas Party</name><styleUrl>#MT</styleUrl><description><![CDATA[Sign text not yet published online by the state.<br><br>Source: Montana Department of Transportation (#229)]]></description><Point><coordinates>-109.714393,45.735141,0</coordinates></Point></Placemark>
<Placemark><name>Fort Maginnis</name><styleUrl>#MT</styleUrl><description><![CDATA[Sign text not yet published online by the state.<br><br>Source: Montana Department of Transportation (#230)]]></description><Point><coordinates>-109.114369,47.062345,0</coordinates></Point></Placemark>
<Placemark><name>The Missouri River Canyon and Old Us Highway 91</name><styleUrl>#MT</styleUrl><description><![CDATA[Sign text not yet published online by the state.<br><br>Source: Montana Department of Transportation (#231)]]></description><Point><coordinates>-111.819505,47.159984,0</coordinates></Point></Placemark>
<Placemark><name>Fort Fizzle</name><styleUrl>#MT</styleUrl><description><![CDATA[Sign text not yet published online by the state.<br><br>Source: Montana Department of Transportation (#232)]]></description><Point><coordinates>-114.172533,46.746308,0</coordinates></Point></Placemark>
<Placemark><name>The Shining Mountains</name><styleUrl>#MT</styleUrl><description><![CDATA[The Madison Range rises from the east side of the Madison Valley along an active fault that threads its way along the base of the range. The mountains began to slowly rise along the fault about 50 million years ago and it remains active today. This was violently demonstrated on August 17, 1959 when a magnitude 7.5 earthquake struck the southern end of the Madison Range near Hebgen Lake. The earthquake triggered a massive landslide that dammed the Madison River, creating Earthquake Lake. Fault scarps as much as 21-feet high significantly changed the landscape and are visible in the valley along the length of the zone. Several prominent peaks in the northern Madison Range, such as Lone, Pioneer, and Fan mountains, are supported by resistant igneous rock that developed from magma that pushed upward along layers of sedimentary rock. Glaciers and landslides carved the peaks into the shapes we see today. Sphinx Mountain is topped by 3,000 feet of gravelly conglomerate rock. The gravels that became these conglomerates were eroded from surrounding highlands and were deposited in an ancient valley that now is part of the highest peaks. Mountain streams deposited the sediments into the Madison Valley creating alluvial fans, named because of their fan shapes as seen from above. A Brief History: The Madison Range provided a spectacular backdrop to one of the most thrilling periods in the history of the American West, the fur trade. Beginning in the 1830s, American fur trappers, sometimes called mountain men, caught beaver in streams emptying into the Madison River. The fur trade was a cutthroat business as the fur companies competed for a limited and rapidly dwindling resource. By the 1840s the Blackfeet and the beaver had all but disappeared from this area. The mountain men's legacy lives on in the names of many geographic features in the region.<br><br>Source: Montana Department of Transportation (#233)]]></description><Point><coordinates>-111.722311,45.347956,0</coordinates></Point></Placemark>
<Placemark><name>Chicago, Burlington &amp; Quincy Railroad</name><styleUrl>#MT</styleUrl><description><![CDATA[Sign text not yet published online by the state.<br><br>Source: Montana Department of Transportation (#234)]]></description><Point><coordinates>-107.611902,45.832371,0</coordinates></Point></Placemark>
<Placemark><name>Join the Voyage of Discovery</name><styleUrl>#MT</styleUrl><description><![CDATA[Sign text not yet published online by the state.<br><br>Source: Montana Department of Transportation (#235)]]></description><Point><coordinates>-106.279672,46.261286,0</coordinates></Point></Placemark>
<Placemark><name>Keep Watching the Skies!</name><styleUrl>#MT</styleUrl><description><![CDATA[Sign text not yet published online by the state.<br><br>Source: Montana Department of Transportation (#236)]]></description><Point><coordinates>-112.683841,45.834999,0</coordinates></Point></Placemark>
<Placemark><name>No Name</name><styleUrl>#MT</styleUrl><description><![CDATA[Sign text not yet published online by the state.<br><br>Source: Montana Department of Transportation (#237)]]></description><Point><coordinates>-112.006414,46.415702,0</coordinates></Point></Placemark>
<Placemark><name>The Havre Air Force Station</name><styleUrl>#MT</styleUrl><description><![CDATA[Sign text not yet published online by the state.<br><br>Source: Montana Department of Transportation (#239)]]></description><Point><coordinates>-109.704632,48.556624,0</coordinates></Point></Placemark>
<Placemark><name>Camp #44 of the 1873 Yellowstone Expedition</name><styleUrl>#MT</styleUrl><description><![CDATA[Sign text not yet published online by the state.<br><br>Source: Montana Department of Transportation (#240)]]></description><Point><coordinates>-108.004919,45.987172,0</coordinates></Point></Placemark>
<Placemark><name>American Hero Michael John Mackinnon</name><styleUrl>#MT</styleUrl><description><![CDATA[Sign text not yet published online by the state.<br><br>Source: Montana Department of Transportation (#242)]]></description><Point><coordinates>-111.901523,47.132473,0</coordinates></Point></Placemark>
<Placemark><name>The Highway Where the Country Greets the Stranger</name><styleUrl>#MT</styleUrl><description><![CDATA[Sign text not yet published online by the state.<br><br>Source: Montana Department of Transportation (#244)]]></description><Point><coordinates>-108.003078,45.782529,0</coordinates></Point></Placemark>
<Placemark><name>Bearcreek</name><styleUrl>#MT</styleUrl><description><![CDATA[Sign text not yet published online by the state.<br><br>Source: Montana Department of Transportation (#245)]]></description><Point><coordinates>-109.157868,45.160943,0</coordinates></Point></Placemark>
<Placemark><name>The Blackfeet Nation</name><styleUrl>#MT</styleUrl><description><![CDATA[Sign text not yet published online by the state.<br><br>Source: Montana Department of Transportation (#246)]]></description><Point><coordinates>-113.001265,48.540769,0</coordinates></Point></Placemark>
<Placemark><name>Raptor Country</name><styleUrl>#MT</styleUrl><description><![CDATA[The Pryor Mountains are located on the horizon to the southeast. The prominent cliffs and dip slopes are Madison Limestone, which was deposited in shallow seas over 300 million years ago. Along the margins of the mountains, younger tan colored Tensleep sandstone and brick-red Chugwater Formation crop out. Canyons in the range expose older rocks, including Precambrian basement rock more than two billion years old. Crustal blocks that form the Pryor Mountains were uplifted along reverse faults about 65-55 million years ago. Over millions of years, water dissolved deep caves in the limestone. Some open vertically to the surface, allowing cold dense air to sink down into the cave. The rock acts as an insulator, trapping the dense air and moisture underground, resulting in spectacular ice caves, such as Big Ice Cave. Other caves in the mountains have fantastic formations of stalagmites and stalactites. About 115 million years ago, a 10-foot long dinosaur with razor-sharp claws and teeth and retractable slashing talons on its hind feet hunted in packs in this area. Lightly-built, agile and quick, this intelligent carnivore could run at speeds up to 25 miles per hour and was the perfect killing machine of its time. In 1964, on a wind-swept hill in the badlands near here, Yale professor John Ostrom discovered the fossil remains of just such a creature. Called Deinonychus ("Terrible Claw"), the discovery of this animal revolutionized the study of paleontology and changed our understanding of dinosaurs. Because of its unique skeletal structure, Deinonychus had more in common with birds than it did reptiles. The great amount of energy needed for it to survive has also led some to believe that it was warmblooded rather than cold-blooded like its reptilian cousins. Because of Deinonychus, paleontologists now consider dinosaurs to have been agile, smart, and social animals rather than slow-moving and dull-witted. Fortunately for us, Deinonychus died out millions of years ago and no longer scours these hills for prey.<br><br>Source: Montana Department of Transportation (#247)]]></description><Point><coordinates>-108.917947,45.278974,0</coordinates></Point></Placemark>
<Placemark><name>The Central Montana Railroad</name><styleUrl>#MT</styleUrl><description><![CDATA[Sign text not yet published online by the state.<br><br>Source: Montana Department of Transportation (#248)]]></description><Point><coordinates>-112.107532,46.954436,0</coordinates></Point></Placemark>
<Placemark><name>Virginia City</name><styleUrl>#MT</styleUrl><description><![CDATA[Sign text not yet published online by the state.<br><br>Source: Montana Department of Transportation (#249)]]></description><Point><coordinates>-111.941989,45.294246,0</coordinates></Point></Placemark>
<Placemark><name>“Removal”of Salish From Bitteroot Valley,1855-1891</name><styleUrl>#MT</styleUrl><description><![CDATA[Sign text not yet published online by the state.<br><br>Source: Montana Department of Transportation (#250)]]></description><Point><coordinates>-114.116176,46.518056,0</coordinates></Point></Placemark>
<Placemark><name>The Rosebud Agency</name><styleUrl>#MT</styleUrl><description><![CDATA[Sign text not yet published online by the state.<br><br>Source: Montana Department of Transportation (#251)]]></description><Point><coordinates>-109.448815,45.473818,0</coordinates></Point></Placemark>
<Placemark><name>Silver Bow Creek Remediation and Restoration</name><styleUrl>#MT</styleUrl><description><![CDATA[Sign text not yet published online by the state.<br><br>Source: Montana Department of Transportation (#252)]]></description><Point><coordinates>-112.808115,46.092676,0</coordinates></Point></Placemark>
<Placemark><name>Geology Caused the Falls</name><styleUrl>#MT</styleUrl><description><![CDATA[Sign text not yet published online by the state.<br><br>Source: Montana Department of Transportation (#253)]]></description><Point><coordinates>-111.203815,47.531195,0</coordinates></Point></Placemark>
<Placemark><name>Junction of Bighorn and Yellowstone Rivers</name><styleUrl>#MT</styleUrl><description><![CDATA[Sign text not yet published online by the state.<br><br>Source: Montana Department of Transportation (#255)]]></description><Point><coordinates>-107.708957,46.063283,0</coordinates></Point></Placemark>
<Placemark><name>Camp Disappointment</name><styleUrl>#MT</styleUrl><description><![CDATA[Sign text not yet published online by the state.<br><br>Source: Montana Department of Transportation (#256)]]></description><Point><coordinates>-112.795300,48.595809,0</coordinates></Point></Placemark>
<Placemark><name>Unionville</name><styleUrl>#MT</styleUrl><description><![CDATA[Sign text not yet published online by the state.<br><br>Source: Montana Department of Transportation (#257)]]></description><Point><coordinates>-112.088745,46.541296,0</coordinates></Point></Placemark>
<Placemark><name>Chief Mountain</name><styleUrl>#MT</styleUrl><description><![CDATA[Sign text not yet published online by the state.<br><br>Source: Montana Department of Transportation (#258)]]></description><Point><coordinates>-112.506711,48.198452,0</coordinates></Point></Placemark>
<Placemark><name>Benton Avenue Cemetery</name><styleUrl>#MT</styleUrl><description><![CDATA[Sign text not yet published online by the state.<br><br>Source: Montana Department of Transportation (#259)]]></description><Point><coordinates>-112.041507,46.604615,0</coordinates></Point></Placemark>
<Placemark><name>The Battle of Bears Paw</name><styleUrl>#MT</styleUrl><description><![CDATA[Sign text not yet published online by the state.<br><br>Source: Montana Department of Transportation (#260)]]></description><Point><coordinates>-109.239637,48.595365,0</coordinates></Point></Placemark>
<Placemark><name>Powder River</name><styleUrl>#MT</styleUrl><description><![CDATA[Sign text not yet published online by the state.<br><br>Source: Montana Department of Transportation (#261)]]></description><Point><coordinates>-105.426242,46.739437,0</coordinates></Point></Placemark>
<Placemark><name>The Swan Massacre of 1908</name><styleUrl>#MT</styleUrl><description><![CDATA[Sign text not yet published online by the state.<br><br>Source: Montana Department of Transportation (#262)]]></description><Point><coordinates>-113.664218,47.428455,0</coordinates></Point></Placemark>
<Placemark><name>Old Us Highway 91</name><styleUrl>#MT</styleUrl><description><![CDATA[Sign text not yet published online by the state.<br><br>Source: Montana Department of Transportation (#263)]]></description><Point><coordinates>-112.010178,47.019957,0</coordinates></Point></Placemark>
<Placemark><name>A Disappointing Time</name><styleUrl>#MT</styleUrl><description><![CDATA[Sign text not yet published online by the state.<br><br>Source: Montana Department of Transportation (#264)]]></description><Point><coordinates>-112.759080,48.659498,0</coordinates></Point></Placemark>
<Placemark><name>The Prickly Pear Diggings</name><styleUrl>#MT</styleUrl><description><![CDATA[Sign text not yet published online by the state.<br><br>Source: Montana Department of Transportation (#265)]]></description><Point><coordinates>-111.946196,46.528309,0</coordinates></Point></Placemark>
<Placemark><name>Cantonment Wright &amp; Hellgate</name><styleUrl>#MT</styleUrl><description><![CDATA[Sign text not yet published online by the state.<br><br>Source: Montana Department of Transportation (#266)]]></description><Point><coordinates>-113.885730,46.875200,0</coordinates></Point></Placemark>
<Placemark><name>Pompey’s Pillar</name><styleUrl>#MT</styleUrl><description><![CDATA[Sign text not yet published online by the state.<br><br>Source: Montana Department of Transportation (#267)]]></description><Point><coordinates>-108.004962,45.987159,0</coordinates></Point></Placemark>
<Placemark><name>Homeward Bound on a Risky Shortcut</name><styleUrl>#MT</styleUrl><description><![CDATA[Sign text not yet published online by the state.<br><br>Source: Montana Department of Transportation (#268)]]></description><Point><coordinates>-113.885466,46.875048,0</coordinates></Point></Placemark>
<Placemark><name>Red Lodge</name><styleUrl>#MT</styleUrl><description><![CDATA[Sign text not yet published online by the state.<br><br>Source: Montana Department of Transportation (#269)]]></description><Point><coordinates>-109.247640,45.177670,0</coordinates></Point></Placemark>
<Placemark><name>Liver-Eating Johnston's Cabin</name><styleUrl>#MT</styleUrl><description><![CDATA[Sign text not yet published online by the state.<br><br>Source: Montana Department of Transportation (#270)]]></description><Point><coordinates>-109.246811,45.194278,0</coordinates></Point></Placemark>
<Placemark><name>The Great Divide Trophy</name><styleUrl>#MT</styleUrl><description><![CDATA[Sign text not yet published online by the state.<br><br>Source: Montana Department of Transportation (#271)]]></description><Point><coordinates>-112.377218,45.914613,0</coordinates></Point></Placemark>
<Placemark><name>Montana's Jurassic Park</name><styleUrl>#MT</styleUrl><description><![CDATA[Sign text not yet published online by the state.<br><br>Source: Montana Department of Transportation (#272)]]></description><Point><coordinates>-109.756060,45.735635,0</coordinates></Point></Placemark>
<Placemark><name>A Volcanic Island in the Rocky Mountains</name><styleUrl>#MT</styleUrl><description><![CDATA[Sign text not yet published online by the state.<br><br>Source: Montana Department of Transportation (#273)]]></description><Point><coordinates>-111.819557,47.159977,0</coordinates></Point></Placemark>
<Placemark><name>The Vision Quest</name><styleUrl>#MT</styleUrl><description><![CDATA[Sign text not yet published online by the state.<br><br>Source: Montana Department of Transportation (#274)]]></description><Point><coordinates>-108.757439,48.482219,0</coordinates></Point></Placemark>
<Placemark><name>Dearborn River High Bridge</name><styleUrl>#MT</styleUrl><description><![CDATA[Sign text not yet published online by the state.<br><br>Source: Montana Department of Transportation (#275)]]></description><Point><coordinates>-112.389584,47.281031,0</coordinates></Point></Placemark>
<Placemark><name>The Tongue River</name><styleUrl>#MT</styleUrl><description><![CDATA[Sign text not yet published online by the state.<br><br>Source: Montana Department of Transportation (#276)]]></description><Point><coordinates>-105.865876,46.397547,0</coordinates></Point></Placemark>
<Placemark><name>Fur Trade</name><styleUrl>#MT</styleUrl><description><![CDATA[Sign text not yet published online by the state.<br><br>Source: Montana Department of Transportation (#277)]]></description><Point><coordinates>-111.064399,45.712205,0</coordinates></Point></Placemark>
<Placemark><name>The Crazy Mountains</name><styleUrl>#MT</styleUrl><description><![CDATA[Sign text not yet published online by the state.<br><br>Source: Montana Department of Transportation (#278)]]></description><Point><coordinates>-109.756644,45.735906,0</coordinates></Point></Placemark>
<Placemark><name>Hysham and Treasure County</name><styleUrl>#MT</styleUrl><description><![CDATA[Sign text not yet published online by the state.<br><br>Source: Montana Department of Transportation (#279)]]></description><Point><coordinates>-107.249421,46.218370,0</coordinates></Point></Placemark>
<Placemark><name>Southern Flint Creek Valley</name><styleUrl>#MT</styleUrl><description><![CDATA[Sign text not yet published online by the state.<br><br>Source: Montana Department of Transportation (#281)]]></description><Point><coordinates>-113.199516,46.580912,0</coordinates></Point></Placemark>
<Placemark><name>Southeastern Montana</name><styleUrl>#MT</styleUrl><description><![CDATA[Sign text not yet published online by the state.<br><br>Source: Montana Department of Transportation (#282)]]></description><Point><coordinates>-105.396555,45.421421,0</coordinates></Point></Placemark>
<Placemark><name>Buffalo Country</name><styleUrl>#MT</styleUrl><description><![CDATA[Sign text not yet published online by the state.<br><br>Source: Montana Department of Transportation (#283)]]></description><Point><coordinates>-108.000751,45.780361,0</coordinates></Point></Placemark>
<Placemark><name>Sleeping Buffalo Rock</name><styleUrl>#MT</styleUrl><description><![CDATA[Sign text not yet published online by the state.<br><br>Source: Montana Department of Transportation (#284)]]></description><Point><coordinates>-107.549458,48.469720,0</coordinates></Point></Placemark>
<Placemark><name>The Judith Basin Country</name><styleUrl>#MT</styleUrl><description><![CDATA[Sign text not yet published online by the state.<br><br>Source: Montana Department of Transportation (#285)]]></description><Point><coordinates>-109.452168,47.055792,0</coordinates></Point></Placemark>
<Placemark><name>The Highway Where the Country Greets the Stranger</name><styleUrl>#MT</styleUrl><description><![CDATA[Sign text not yet published online by the state.<br><br>Source: Montana Department of Transportation (#287)]]></description><Point><coordinates>-108.000736,45.780360,0</coordinates></Point></Placemark>
<Placemark><name>The Nez Perce Conflict of 1877</name><styleUrl>#MT</styleUrl><description><![CDATA[Sign text not yet published online by the state.<br><br>Source: Montana Department of Transportation (#288)]]></description><Point><coordinates>-109.459686,47.055123,0</coordinates></Point></Placemark>
<Placemark><name>The Sweet Grass Hills</name><styleUrl>#MT</styleUrl><description><![CDATA[Sign text not yet published online by the state.<br><br>Source: Montana Department of Transportation (#289)]]></description><Point><coordinates>-111.960656,48.993325,0</coordinates></Point></Placemark>
<Placemark><name>Charting the Route</name><styleUrl>#MT</styleUrl><description><![CDATA[Sign text not yet published online by the state.<br><br>Source: Montana Department of Transportation (#290)]]></description><Point><coordinates>-112.759089,48.659477,0</coordinates></Point></Placemark>
<Placemark><name>Elkhorn Mountain Volcanoes</name><styleUrl>#MT</styleUrl><description><![CDATA[(south-bound) View/Download a PDF of the Road Sign The story of the Elkhorn Mountains Volcanics and the Boulder Batholith is the story of how molten magma or melted rock rising up through the crust of the earth just kept coming and coming and coming—from about 81 to about 74 million years ago. Magma that reached the surface created violent explosions, hurling chunks of rock, cinders, and volcanic ash into the air. At times it "rained" droplets of melted rock. Great clouds of volcanic ash were carried by the wind to the east and buried many animals. The dinosaur fossils in the Two Medicine Formation near Choteau owe their preservation to eruptions of the Elkhorn Mountains Volcanics. The volcanic field was enormous-about 100 miles in diameter and up to 3 miles thick. After the pile of volcanic rocks got so thick, magma stopped going all the way to the surface and just accumulated near the bottom of the pile. So much magma intruded at this level that it formed a body of granitic rock that now extends from Helena to Butte and is known as the Boulder Batholith. You are now in the middle of the Boulder Batholith and the Elkhorn Mountains Volcanics. The magma was generated because one of the tectonic plates under the Pacific Ocean was subducted under Western North America. Approximately 10,000 miles of the Farallon Plate moved under Montana. This is one of places where it was easy for magma to reach the surface. A Brief History: The magma contained many metals. As the granite formed cooling cracks, hot solutions squirted into the cracks to form veins with copper (near Butte) and gold (in this area). Millions of years later weathering of the granite allowed gold in the veins to wash down to the gravels in the valley floor. A gold dredge chewed through the gravels of Prickly Pear Creek beginning in 1938. Mounted on a barge floating on a 30-foot deep pond, the machinery consisted of a chain of buckets that dumped the gravel on a maze of screens and sluices inside the dredge. In its wake, the dredge left behind a "churned up" landscape. In some places scrub brush holding the gravel piles together is still the only vegetation. Although the dredge shut down permanently in the mid-1960's, it was not until the early 1970's that a South American mining company purchased it and moved it to Bolivia.<br><br>Source: Montana Department of Transportation (#291)]]></description><Point><coordinates>-112.013314,46.406554,0</coordinates></Point></Placemark>
<Placemark><name>The Giant Ripples of Camas Prairie</name><styleUrl>#MT</styleUrl><description><![CDATA[Sign text not yet published online by the state.<br><br>Source: Montana Department of Transportation (#292)]]></description><Point><coordinates>-114.606079,47.540734,0</coordinates></Point></Placemark>
<Placemark><name>Bozeman Trail</name><styleUrl>#MT</styleUrl><description><![CDATA[Sign text not yet published online by the state.<br><br>Source: Montana Department of Transportation (#293)]]></description><Point><coordinates>-111.697048,45.498937,0</coordinates></Point></Placemark>
<Placemark><name>The Sun River Leaving</name><styleUrl>#MT</styleUrl><description><![CDATA[Sign text not yet published online by the state.<br><br>Source: Montana Department of Transportation (#294)]]></description><Point><coordinates>-111.569270,47.552516,0</coordinates></Point></Placemark>
<Placemark><name>Garryowen</name><styleUrl>#MT</styleUrl><description><![CDATA[Sign text not yet published online by the state.<br><br>Source: Montana Department of Transportation (#295)]]></description><Point><coordinates>-107.417025,45.526555,0</coordinates></Point></Placemark>
<Placemark><name>Circle</name><styleUrl>#MT</styleUrl><description><![CDATA[Sign text not yet published online by the state.<br><br>Source: Montana Department of Transportation (#296)]]></description><Point><coordinates>-105.591698,47.411099,0</coordinates></Point></Placemark>
<Placemark><name>Lewis and Clark on Lolo Creek</name><styleUrl>#MT</styleUrl><description><![CDATA[Sign text not yet published online by the state.<br><br>Source: Montana Department of Transportation (#297)]]></description><Point><coordinates>-114.172537,46.746173,0</coordinates></Point></Placemark>
<Placemark><name>Twenty-Eight Mile Station</name><styleUrl>#MT</styleUrl><description><![CDATA[Sign text not yet published online by the state.<br><br>Source: Montana Department of Transportation (#299)]]></description><Point><coordinates>-110.917942,47.796830,0</coordinates></Point></Placemark>
<Placemark><name>Lewis and Clark Expedition</name><styleUrl>#MT</styleUrl><description><![CDATA[Sign text not yet published online by the state.<br><br>Source: Montana Department of Transportation (#300)]]></description><Point><coordinates>-111.922045,45.853248,0</coordinates></Point></Placemark>
<Placemark><name>The Front Range of the Rockies</name><styleUrl>#MT</styleUrl><description><![CDATA[Sign text not yet published online by the state.<br><br>Source: Montana Department of Transportation (#301)]]></description><Point><coordinates>-112.506770,48.198454,0</coordinates></Point></Placemark>
<Placemark><name>A Lost World</name><styleUrl>#MT</styleUrl><description><![CDATA[(west-bound) View/Download a PDF of the Road Sign Imagine a world very different than we know today. About 1.5 billion years ago during the Precambrian Era, the earth's environment was desolate, with no trees, fish, animals or birds. Shallow seas with extensive near-shore flats were fed by streams that deposited great amounts of sand and mud. Rain frequently fell and pooled in vast shallow lakes and ponds in what would one day become northwest Montana. Despite the hostile environment, blue-green algae mats often trapped fine particles of calcium carbonate to form structures called stromatolites, that grew in shallow nearshore environments. The surface of the rocks often display mud cracks, ripple marks, and, sometimes, the spatter marks of primeval raindrops. The earth's crust slowly sank for about 100 million years forming a large geologic basin in which Belt Supergroup sediments accumulated as much as 10 miles thick! The rocks are common in northern and central Idaho and western Montana, and extend east to the Little Belt Mountains in central Montana. The sedimentary rocks along Interstate 90 between Lookout Pass and Alberton are almost entirely rocks of the Belt Supergroup. These rocks are distinguished by brown, gray, red, green, purple, and yellow colors and locally form dramatic cliffs where resistant, well-cemented sandstones are exposed in the canyon. Interstate 90 from near Lookout Pass through Missoula is located along the Lewis and Clark Fault Zone, a series of faults that stretch between northwest Washington State and the Helena area. The faults had significant movement about 70 million years ago when the Rocky Mountains were uplifting and were active until at least 25 million years ago. Interstate 90 and US Highway 10 in western Montana follow the trend of the faults along straight canyons that eroded along the fault zone.<br><br>Source: Montana Department of Transportation (#302)]]></description><Point><coordinates>-115.625453,47.419764,0</coordinates></Point></Placemark>
<Placemark><name>Chief Mountain and Old North Trail</name><styleUrl>#MT</styleUrl><description><![CDATA[Sign text not yet published online by the state.<br><br>Source: Montana Department of Transportation (#303)]]></description><Point><coordinates>-112.780894,48.464868,0</coordinates></Point></Placemark>
<Placemark><name>The Coldfeet School</name><styleUrl>#MT</styleUrl><description><![CDATA[Sign text not yet published online by the state.<br><br>Source: Montana Department of Transportation (#304)]]></description><Point><coordinates>-112.800747,48.472396,0</coordinates></Point></Placemark>
<Placemark><name>Surrounded by Mountains</name><styleUrl>#MT</styleUrl><description><![CDATA[The Gallatin Valley is one of the most picturesque and agriculturally productive valleys in Montana. From here, you can see four prominent Montana mountain ranges: the Bridger Range (east), Gallatin Range (south), Spanish Peaks (southwest), and the Big Belt Mountains (north). Each range has its own unique geology and topography. The high peaks of the Gallatin Range are carved from volcanic rocks and volcanic-derived mudflows that erupted during the Eocene, approximately 45 million years ago. The Spanish Peaks expose metamorphic rocks that date back to the Earth’s early history, over 3 billion years ago. Ancient metamorphic rocks are also exposed in the Tobacco Root Mountains, with the added bonus of a much younger granitic pluton exposed in the center of the range. The Elkhorn Mountains are composed of a thick succession of volcanic rocks that erupted about 75 million years ago, during a time when Montana was experiencing extensive mountain building – the birth of the Rocky Mountains. The uplift of the Rocky Mountains spanned tens of millions of years from the Cretaceous to the early Cenozoic and was driven by tectonic compressional forces along the western plate boundary of North America, affecting all of western North America from Alaska to Mexico. When mountain building ended around 50 million years ago, the landscape of southwest Montana did not look like the spectacular, snowcapped mountains we see today. Glaciers later carved the Rockies into the jagged peaks we see today. Over the last 50 million years, western Montana experienced several phases of regional extension and block-faulting, resulting in the creation of modern Basin-and-Range topography. The crest of the Bridger Range arch slowly down-dropped one earthquake at a time to form the modern Gallatin Valley. Thick layers of midand late Cenozoic sedimentary rocks and more recent stream deposits have been deposited in the Gallatin Valley, producing the fertile landscape that Native Americans called the "Valley of Flowers" – the Gallatin Valley.<br><br>Source: Montana Department of Transportation (#305)]]></description><Point><coordinates>-111.230352,45.671071,0</coordinates></Point></Placemark>
<Placemark><name>Blackfeet and Buffalo</name><styleUrl>#MT</styleUrl><description><![CDATA[Sign text not yet published online by the state.<br><br>Source: Montana Department of Transportation (#306)]]></description><Point><coordinates>-112.259728,47.860704,0</coordinates></Point></Placemark>
<Placemark><name>Keep Watching the Skies!</name><styleUrl>#MT</styleUrl><description><![CDATA[Sign text not yet published online by the state.<br><br>Source: Montana Department of Transportation (#308)]]></description><Point><coordinates>-112.685448,45.836846,0</coordinates></Point></Placemark>
<Placemark><name>Hepburn's Mesa</name><styleUrl>#MT</styleUrl><description><![CDATA[The black-capped bluffs located on the east side of the Yellowstone River are called Hepburn's Mesa. The mesa is capped by a basalt lava flow that erupted from a small local volcanic vent that has long since eroded away. Geologically, the lava flow is very young, perhaps having erupted as recently as 2.2 million years ago. Large amounts of iron in the basalt make it dark colored. Some of the iron crystallized as the mineral magnetite, which as the name implies is magnetic, and in large concentrations can cause compasses to behave erratically. The basalt flow overlies unconsolidated gravels, which in turn overlie older light-colored fine-grained sedimentary rocks that were deposited in an ancient lake that once occupied this site. The sedimentary beds of Hepburn's Mesa contain abundant Miocene fossils, including ancient rodents, moles, and a proto-horse called Merychippus, the first equine to exhibit the distinctive head of today's horses. On top of Hepburn's Mesa, overlying the basalt is glacial till of Pleistocene age. The surface of these deposits is hummocky and is littered with abundant glacial erratic boulders. For generations, Native Americans drove bison off the mesa's cliffs to obtain food, hides, and other materials important to their way of life. A Brief History: Hepburn's Mesa is named for John Hepburn, a local rancher, rockhound and amateur paleontologist. He arrived in the Emigrant area in 1909 after working in Yellowstone National Park for many years. From 1935 until his death in 1959, he operated a museum next to Secondary Highway 540 that displayed many of the geologic specimens and fossils he had found in this area. The museum was a local landmark for many years. It still stands next to the old highway and is listed on the National Register of Historic Places.<br><br>Source: Montana Department of Transportation (#309)]]></description><Point><coordinates>-110.834746,45.294967,0</coordinates></Point></Placemark>
<Placemark><name>The Bozeman Trail</name><styleUrl>#MT</styleUrl><description><![CDATA[Sign text not yet published online by the state.<br><br>Source: Montana Department of Transportation (#310)]]></description><Point><coordinates>-111.696603,45.498848,0</coordinates></Point></Placemark>
<Placemark><name>The Smith Mine Disaster</name><styleUrl>#MT</styleUrl><description><![CDATA[Sign text not yet published online by the state.<br><br>Source: Montana Department of Transportation (#311)]]></description><Point><coordinates>-109.188995,45.158491,0</coordinates></Point></Placemark>
<Placemark><name>The Smith River Valley</name><styleUrl>#MT</styleUrl><description><![CDATA[Sign text not yet published online by the state.<br><br>Source: Montana Department of Transportation (#312)]]></description><Point><coordinates>-110.904688,46.435569,0</coordinates></Point></Placemark>
<Placemark><name>“... Was Pleasingly Beautiful</name><styleUrl>#MT</styleUrl><description><![CDATA[Sign text not yet published online by the state.<br><br>Source: Montana Department of Transportation (#313)]]></description><Point><coordinates>-111.203798,47.531194,0</coordinates></Point></Placemark>
<Placemark><name>All Aboard</name><styleUrl>#MT</styleUrl><description><![CDATA[Sign text not yet published online by the state.<br><br>Source: Montana Department of Transportation (#314)]]></description><Point><coordinates>-111.206438,47.532190,0</coordinates></Point></Placemark>
<Placemark><name>Gold in Alder Gulch</name><styleUrl>#MT</styleUrl><description><![CDATA[Sign text not yet published online by the state.<br><br>Source: Montana Department of Transportation (#315)]]></description><Point><coordinates>-111.980204,45.314078,0</coordinates></Point></Placemark>
<Placemark><name>American Hero Michael John Mackinnon</name><styleUrl>#MT</styleUrl><description><![CDATA[Sign text not yet published online by the state.<br><br>Source: Montana Department of Transportation (#317)]]></description><Point><coordinates>-111.901470,47.130769,0</coordinates></Point></Placemark>
<Placemark><name>The Bozeman Trail</name><styleUrl>#MT</styleUrl><description><![CDATA[Sign text not yet published online by the state.<br><br>Source: Montana Department of Transportation (#318)]]></description><Point><coordinates>-109.758160,45.734443,0</coordinates></Point></Placemark>
<Placemark><name>Havre</name><styleUrl>#MT</styleUrl><description><![CDATA[Sign text not yet published online by the state.<br><br>Source: Montana Department of Transportation (#319)]]></description><Point><coordinates>-109.704631,48.556610,0</coordinates></Point></Placemark>
<Placemark><name>Bearpaw Shale and the Inland Ocean</name><styleUrl>#MT</styleUrl><description><![CDATA[The black shale rocks seen in this area represent the muddy sediments deposited by the last ocean to exist in Montana. The shale, known by geologists as the Bearpaw Shale contains fossils of sea-going creatures that lived and died some 70 million years ago. Twenty foot long swimming reptiles like Mososaurus and Tylosaurus fed on fishes and ammonites, relatives of squids and octopi. The remains of the gigantic coiled ammonites called Placentaceras and the straight shelled ammonites called Baculites are often found in these shale deposits. This inland ocean extended north to south, from the Gulf of Mexico to the Arctic Ocean, and divided North America into two subcontinents. Dinosaurs roamed the lands, and alligators and turtles inhabited the streams and rivers. But, one of the largest animals to live in this area was a gigantic, forty foot long crocodile called Deinosuchus that lived in the coastal waters of the inland seaway. The first remains of this animal were found near here. In the early 1900s, geologists learned that geological structures called anticlines, a kind of large wrinkle in the rock strata, were good places to drill for oil. Geologists also realized that certain parts of anticlines were better than others, and that the good spots were beneath structures they called domes. Here at the Mosby rest area you are standing on a part of the Mosby Dome, of the Cat Creek Anticline.<br><br>Source: Montana Department of Transportation (#320)]]></description><Point><coordinates>-107.859716,46.989879,0</coordinates></Point></Placemark>
<Placemark><name>Cattle Brands</name><styleUrl>#MT</styleUrl><description><![CDATA[Sign text not yet published online by the state.<br><br>Source: Montana Department of Transportation (#323)]]></description><Point><coordinates>-107.829841,48.362363,0</coordinates></Point></Placemark>
<Placemark><name>The Boulder Batholith and the Richest Hill on Eart</name><styleUrl>#MT</styleUrl><description><![CDATA[The Boulder Batholith originated as part of the Elkhorn Mountains Volcanics. Molten magma rose up through the earth’s crust from 81 to about 74 million years ago. When it reached the surface, the magma created violent explosions that hurled chunks of rock, cinders, and volcanic ash into the air. The volcanic field was enormous–about 100 miles in diameter and up to 3 miles thick. After the pile of volcanic rocks got too thick, magma stopped going all the way to the surface and accumulated near the bottom of the pile. So much magma intruded at this level that when it cooled it formed a body of granitic rock, called a batholith. Granite similar to that exposed along Interstate Highway 15 north and east of Butte is the host rock for the ores mined at Butte. This granite formed by slow cooling of molten rock deep below the earth’s surface about 76 million years ago. Faults and fractures in the Butte area later cut the granite, forming pathways for hot water that carried metals in solution. As these solutions reacted with the enclosing granite they cooled and deposited quartz and metallic minerals to form veins. Some of these veins were of tremendous size: up to 50 feet wide and 4,500 long. The discovery of copper-rich veins together with the need for copper wire for electrical use from 1880 on stimulated both the development of many underground mines and the city of Butte. From a few dozen gold prospectors in 1864, Butte went to a reported population of 91,000 in 1917. The head frames of some of the former underground shaft mines can be seen piercing the skyline above the tan rock exposed on the sides of the Berkeley pit. Open-pit mining began there in 1955 and continued until mid-1982. Currently copper and molybdenum ore are mined in the Continental pit, which is hidden by the hills just west of the Interstate Highway.<br><br>Source: Montana Department of Transportation (#324)]]></description><Point><coordinates>-112.475180,45.991154,0</coordinates></Point></Placemark>
<Placemark><name>Twilight of an Era</name><styleUrl>#MT</styleUrl><description><![CDATA[Sign text not yet published online by the state.<br><br>Source: Montana Department of Transportation (#325)]]></description><Point><coordinates>-113.885401,46.874882,0</coordinates></Point></Placemark>
<Placemark><name>Adobetown</name><styleUrl>#MT</styleUrl><description><![CDATA[Sign text not yet published online by the state.<br><br>Source: Montana Department of Transportation (#326)]]></description><Point><coordinates>-111.980232,45.314107,0</coordinates></Point></Placemark>
<Placemark><name>Cree Crossing</name><styleUrl>#MT</styleUrl><description><![CDATA[Sign text not yet published online by the state.<br><br>Source: Montana Department of Transportation (#327)]]></description><Point><coordinates>-107.549310,48.469734,0</coordinates></Point></Placemark>
<Placemark><name>The Ace in the Hole</name><styleUrl>#MT</styleUrl><description><![CDATA[Sign text not yet published online by the state.<br><br>Source: Montana Department of Transportation (#328)]]></description><Point><coordinates>-110.824856,47.080989,0</coordinates></Point></Placemark>
<Placemark><name>Vital Passageway for People and Wildlife</name><styleUrl>#MT</styleUrl><description><![CDATA[Sign text not yet published online by the state.<br><br>Source: Montana Department of Transportation (#329)]]></description><Point><coordinates>-113.885482,46.875003,0</coordinates></Point></Placemark>
<Placemark><name>Dearborn Crossing</name><styleUrl>#MT</styleUrl><description><![CDATA[Sign text not yet published online by the state.<br><br>Source: Montana Department of Transportation (#331)]]></description><Point><coordinates>-112.101608,47.207355,0</coordinates></Point></Placemark>
<Placemark><name>A Trail Woefully Hard to Travel: the Bridger Cut-</name><styleUrl>#MT</styleUrl><description><![CDATA[Sign text not yet published online by the state.<br><br>Source: Montana Department of Transportation (#334)]]></description><Point><coordinates>-108.917971,45.278967,0</coordinates></Point></Placemark>
<Placemark><name>Jim Bridger, Mountain Man</name><styleUrl>#MT</styleUrl><description><![CDATA[Sign text not yet published online by the state.<br><br>Source: Montana Department of Transportation (#336)]]></description><Point><coordinates>-108.914261,45.291090,0</coordinates></Point></Placemark>
<Placemark><name>Mining Plays Second Fiddle</name><styleUrl>#MT</styleUrl><description><![CDATA[Sign text not yet published online by the state.<br><br>Source: Montana Department of Transportation (#337)]]></description><Point><coordinates>-110.447671,47.228475,0</coordinates></Point></Placemark>
<Placemark><name>Fort Benton</name><styleUrl>#MT</styleUrl><description><![CDATA[Sign text not yet published online by the state.<br><br>Source: Montana Department of Transportation (#339)]]></description><Point><coordinates>-110.685247,47.839537,0</coordinates></Point></Placemark>
<Placemark><name>The Little Belt Mountains</name><styleUrl>#MT</styleUrl><description><![CDATA[Sign text not yet published online by the state.<br><br>Source: Montana Department of Transportation (#340)]]></description><Point><coordinates>-110.824958,47.081097,0</coordinates></Point></Placemark>
<Placemark><name>Beaverhead Rock</name><styleUrl>#MT</styleUrl><description><![CDATA[The prominent geological feature to the west is called Beaverhead Rock. On the afternoon of August 8, 1805, members of the Lewis and Clark Expedition pulled its canoes up the Beaverhead River toward the Continental Divide. They sighted what Clark later called a "remarkable Clift" to the southwest. Sacajawea recognized this large promontory and told the captains that her people called it "beaver’s head." Beaverhead Rock is composed principally of Madison Limestone. About 350 million years ago, a shallow sea covered much of Montana. Billions of tiny marine creatures thrived in the water and when they died their bodies settled into the muck on the sea bed. After about 10 million years of accumulation and many more millions of years of compaction this muck became the pale gray rocks that are known today as Madison Limestone. The limestone is common throughout Montana, eastern Idaho, northern Wyoming, and in the Dakotas. In Montana, the limestone beds range from 1,000 to 2,000 feet thick. Because in Montana’s dry climate Madison Limestone resists weathering and erosion much better than most other kinds of rocks, it forms many of the spectacular cliffs and ridges that make Montana so scenic. Beaverhead Rock served as an important landmark not only for Lewis and Clark, but also for the trappers, miners, and traders who followed them into this area. It was known to many of them as Point of Rocks. In 1863, a man named Goetschius built a stage station on the "well-traveled, deep rutted road" between Bannack and Alder Gulch near here. It was part of the Montana-Utah Road, but was also known as Road Agents Trail because of all the robberies that occurred along it during the 1860s. In addition to changing tired horses for fresh animals for the stagecoaches, the station also served meals and provided a place to sleep for stagecoach travelers.<br><br>Source: Montana Department of Transportation (#342)]]></description><Point><coordinates>-112.473873,45.365831,0</coordinates></Point></Placemark>
<Placemark><name>A New World: Tertiary Mammals</name><styleUrl>#MT</styleUrl><description><![CDATA[Between the time dinosaurs went extinct 65 million years ago, and the beginning of the Ice Age, some 2 million years ago, is a time called the Age of Mammals. During this period of time the western third of Montana experienced a variety of geological activities, some of which raised mountains and lowered valleys. The valleys became the homes of a wide variety of interesting and bizarre animals. Many of these have since gone extinct or today live in much warmer climates. During the early part of this time period, about 35 million years ago, Montana was home to animals like the double-horned rhinoceros-like brontotheres, and primitive little three-toed horses, camels, and deer. In the later part of the time period, 20 million years ago, the valleys hosted bizarre-looking ancestors of our modern elephants, camels, deer, and pigs. These included elephants with shovel-like tusks, deer-like animals with forked horns over their noses, and pigs the size of hippos. Montana was lush and subtropical. The extinction of these groups of animals would coincide with the coming of the Ice Age, and the arrival of humans less than 50,000 years ago.<br><br>Source: Montana Department of Transportation (#343)]]></description><Point><coordinates>-112.168685,45.810507,0</coordinates></Point></Placemark>
<Placemark><name>A Fantastically Beautiful Place: the Medicine Rock</name><styleUrl>#MT</styleUrl><description><![CDATA[Sign text not yet published online by the state.<br><br>Source: Montana Department of Transportation (#345)]]></description><Point><coordinates>-104.458287,46.045658,0</coordinates></Point></Placemark>
<Placemark><name>Jedediah Smith</name><styleUrl>#MT</styleUrl><description><![CDATA[Sign text not yet published online by the state.<br><br>Source: Montana Department of Transportation (#347)]]></description><Point><coordinates>-107.249670,46.217904,0</coordinates></Point></Placemark>
<Placemark><name>Square Butte and the Shonkin Sag</name><styleUrl>#MT</styleUrl><description><![CDATA[Between the communities of Square Butte and Geraldine, two prominent geologic features dominate the skyline. About 50 million years ago, the Highwood Mountains had a sizeable volcano that erupted a rare rock called shonkinite, a dark rock similar to basalt. About 75 million years ago, magma injected eastward between layers of sandstone laid down along the shores of a broad inland sea extending to the southeast. Locally, that magma bulged up to form a huge blister or "laccolith" that solidified to form the immense flat-topped Square Butte to the south. The vertical cracks that fed magma to the laccolith radiated out from the center of the volcano and are called dikes. Square Butte is one of many laccoliths scattered from the Adel Mountain Volcanics south of Great Falls to the Bears Paw Mountains near Havre. During the Bull Lake Ice Age between 70,000 and 130,000 years ago, the continental ice sheet spreading south from Canada blocked the Missouri River, backing up its water to form Glacial Lake Great Falls. The glacial meltwater poured eastward through the Highwoods to erode Shonkin Sag, the large valley extending west, north of Square Butte. Shonkin Sag is one of the most famous abandoned meltwater channels in the world. (photo credit: Tim Urbaniak)<br><br>Source: Montana Department of Transportation (#348)]]></description><Point><coordinates>-110.344880,47.680277,0</coordinates></Point></Placemark>
<Placemark><name>Join the Voyage of Discovery</name><styleUrl>#MT</styleUrl><description><![CDATA[Sign text not yet published online by the state.<br><br>Source: Montana Department of Transportation (#349)]]></description><Point><coordinates>-106.171362,47.325165,0</coordinates></Point></Placemark>
<Placemark><name>The Bonanza or Bozeman Trail</name><styleUrl>#MT</styleUrl><description><![CDATA[Sign text not yet published online by the state.<br><br>Source: Montana Department of Transportation (#350)]]></description><Point><coordinates>-109.963442,45.830854,0</coordinates></Point></Placemark>
<Placemark><name>The Little Rocky Mountains</name><styleUrl>#MT</styleUrl><description><![CDATA[The Little Rocky Mountains are an island on the northern Great Plains of Montana. About 50 million years ago, a fifteen-mile-wide igneous dome pushed its way up through 1700 million-year-old Precambrian basement rocks to form this spectacular mountain range. The mountains are a composite of Precambrian metamorphic rocks, Paleozoic limestone and dolomite, Mesozoic sandstone and shale, and Tertiary intrusive rocks. The loftiest portion of the range is girdled by a steeply dipping wall of Madison Limestone that makes the interior part of the range appear as a fortress. The Little Rockies also contain igneous dikes and sills that contribute to the rugged appearance of these mountains. In 1884, prospectors found placer gold in many of the stream beds in the southern part of the range. The placers soon played out, and underground mining began. Hundreds of miners, most of whom lived in Landusky and Zortman, worked in mines that reached more than 600 feet deep to extract the gold and silver.<br><br>Source: Montana Department of Transportation (#351)]]></description><Point><coordinates>-108.533431,48.034213,0</coordinates></Point></Placemark>
<Placemark><name>The Powder River Basin and Tongue River Sandstone</name><styleUrl>#MT</styleUrl><description><![CDATA[Colstrip is located in the northern end of the Powder River Basin, an enormous shallow bowl in southeastern Montana and northern Wyoming that was formed when the Rocky Mountains and Black Hills began uplifting during the late Cretaceous Period. The basin contains sediments of the Fort Union Formation which were deposited after the dinosaur extinction about 60 million years ago. Rivers originating in mountain uplifts to the west and south carried abundant sediment to a shallow inland sea, crossing the subtropical, swampy coastal plain of eastern Montana on their way. As the rivers shifted, the swamp vegetation and peat were covered with thick deposits of sand, silt, and clay. In time, the vegetation and peat compacted to form coal. The sand, silt, and clay cemented and compacted into sandstone, siltstone, and mudstone. Eastern Montana has an estimated 200 billion tons of coal that developed from the vegetation of these swamps. The scattered red rock hills you see in the area in the Fort Union Formation are clinker. Clinker forms when lightning strikes, wildfires, or spontaneous combustion cause the coal to ignite and burn. The fires might burn for centuries. The intense heat of the burning coal bakes the adjacent sedimentary layers transforming rock into the hard, red clinker. The rocky outcrops that you see bordering rivers and along the sides of hills are sandstones of the Tongue River Member, which comprises the uppermost level and youngest beds of the Fort Union Formation. Most of the Powder River Basin coals are found interbedded with these sandstones. There are around thirty-two coal seams in the thick Tongue River Member with a combined thickness of more than 300 feet. The coal seams are mined where they are thick and close to the surface. The sub-bituminous coal in this area is low in sulfur content and is suitable for steam-electric generating plants. The Northern Pacific Railway began strip mining coal in this area in 1924 to fuel its steam locomotives.<br><br>Source: Montana Department of Transportation (#352)]]></description><Point><coordinates>-106.628940,45.881532,0</coordinates></Point></Placemark>
<Placemark><name>Rosebud</name><styleUrl>#MT</styleUrl><description><![CDATA[Sign text not yet published online by the state.<br><br>Source: Montana Department of Transportation (#353)]]></description><Point><coordinates>-106.279435,46.261299,0</coordinates></Point></Placemark>
<Placemark><name>A Montana Crossroads</name><styleUrl>#MT</styleUrl><description><![CDATA[Sign text not yet published online by the state.<br><br>Source: Montana Department of Transportation (#354)]]></description><Point><coordinates>-110.498913,47.972209,0</coordinates></Point></Placemark>
<Placemark><name>Lone Mountain</name><styleUrl>#MT</styleUrl><description><![CDATA[Geologic processes have created a winter wonderland for skiers and snow boarders on Lone Mountain, the prominent peak that rises above Big Sky. Some geologists think that if the mountain was cut in half, there would be a Christmas tree pattern of igneous rock within layers of sandstone and shale. Magma from deep in the earth rose up along a vertical crack, then spread out laterally between the layers of sedimentary rock. The magma never erupted as a volcano, but crystallized into an igneous rock called dacite before it reached the surface of the earth. The "trunk and branches of the tree" are dacite. The igneous rock and adjacent baked sedimentary rocks are much more resistant to erosion than softer sedimentary rock, which has eroded away to leave the mountain standing tall. Glaciers, landslides, and rock fall have greatly modified Lone Mountain, sculpting bowl-shaped cirques high on Lone Mountain. The cirques contain rock glaciers, which are piles of rock with year-round ice in their cores. Like ice glaciers, they slowly creep down the mountain slopes. The rugged mountains to the northwest of Big Sky are the Spanish Peaks, composed of metamorphic rock that is billions of years older than the igneous and sedimentary rocks on Lone Mountain. These extremely old rocks were brought up from the depths along an enormous fault zone that extends from the Tobacco Root Mountains to the town of Gardiner north of Yellowstone Park. A Brief History: The mountains provided a spectacular backdrop for visitors to one of the Gallatin Canyon's many dude ranches. The ranches offered visitors adventure and a taste of the Old West. They rode horses, hiked mountain trails, fished the area's trout streams, and reveled in the solitude of the mountains. The ranches were immensely popular before World War II, but their popularity diminished in the 1950s until now only a few remain.<br><br>Source: Montana Department of Transportation (#355)]]></description><Point><coordinates>-111.253790,45.263699,0</coordinates></Point></Placemark>
<Placemark><name>Old Crow Agency</name><styleUrl>#MT</styleUrl><description><![CDATA[Sign text not yet published online by the state.<br><br>Source: Montana Department of Transportation (#357)]]></description><Point><coordinates>-109.448807,45.473781,0</coordinates></Point></Placemark>
<Placemark><name>Old Fort Peck</name><styleUrl>#MT</styleUrl><description><![CDATA[Sign text not yet published online by the state.<br><br>Source: Montana Department of Transportation (#358)]]></description><Point><coordinates>-106.480174,48.000692,0</coordinates></Point></Placemark>
<Placemark><name>Bird Tail Rock</name><styleUrl>#MT</styleUrl><description><![CDATA[Sign text not yet published online by the state.<br><br>Source: Montana Department of Transportation (#359)]]></description><Point><coordinates>-112.077007,47.335578,0</coordinates></Point></Placemark>
<Placemark><name>Regulars &amp; Volunteers</name><styleUrl>#MT</styleUrl><description><![CDATA[Sign text not yet published online by the state.<br><br>Source: Montana Department of Transportation (#360)]]></description><Point><coordinates>-114.172530,46.746314,0</coordinates></Point></Placemark>
<Placemark><name>Missing - No Sign</name><styleUrl>#MT</styleUrl><description><![CDATA[Sign text not yet published online by the state.<br><br>Source: Montana Department of Transportation (#362)]]></description><Point><coordinates>-108.564336,46.436534,0</coordinates></Point></Placemark>
<Placemark><name>Lewistown Army Airfield</name><styleUrl>#MT</styleUrl><description><![CDATA[Sign text not yet published online by the state.<br><br>Source: Montana Department of Transportation (#363)]]></description><Point><coordinates>-109.459448,47.055124,0</coordinates></Point></Placemark>
<Placemark><name>Big Blackfoot Railroad</name><styleUrl>#MT</styleUrl><description><![CDATA[Sign text not yet published online by the state.<br><br>Source: Montana Department of Transportation (#365)]]></description><Point><coordinates>-113.360223,47.005842,0</coordinates></Point></Placemark>
<Placemark><name>Pierre Wibaux</name><styleUrl>#MT</styleUrl><description><![CDATA[Sign text not yet published online by the state.<br><br>Source: Montana Department of Transportation (#366)]]></description><Point><coordinates>-104.179149,46.990224,0</coordinates></Point></Placemark>
<Placemark><name>The Boulder River Bridge</name><styleUrl>#MT</styleUrl><description><![CDATA[Sign text not yet published online by the state.<br><br>Source: Montana Department of Transportation (#367)]]></description><Point><coordinates>-112.090574,46.210959,0</coordinates></Point></Placemark>
<Placemark><name>Fort Belknap Reservation</name><styleUrl>#MT</styleUrl><description><![CDATA[Sign text not yet published online by the state.<br><br>Source: Montana Department of Transportation (#368)]]></description><Point><coordinates>-108.757450,48.482071,0</coordinates></Point></Placemark>
<Placemark><name>Lewistown</name><styleUrl>#MT</styleUrl><description><![CDATA[Sign text not yet published online by the state.<br><br>Source: Montana Department of Transportation (#369)]]></description><Point><coordinates>-109.382376,47.070198,0</coordinates></Point></Placemark>
<Placemark><name>Buffalo Country</name><styleUrl>#MT</styleUrl><description><![CDATA[Sign text not yet published online by the state.<br><br>Source: Montana Department of Transportation (#372)]]></description><Point><coordinates>-106.703759,48.280981,0</coordinates></Point></Placemark>
<Placemark><name>The Bozeman Trail</name><styleUrl>#MT</styleUrl><description><![CDATA[Sign text not yet published online by the state.<br><br>Source: Montana Department of Transportation (#373)]]></description><Point><coordinates>-109.065944,45.600376,0</coordinates></Point></Placemark>
<Placemark><name>The Miles City Air Force Station</name><styleUrl>#MT</styleUrl><description><![CDATA[Sign text not yet published online by the state.<br><br>Source: Montana Department of Transportation (#374)]]></description><Point><coordinates>-106.279210,46.261288,0</coordinates></Point></Placemark>
<Placemark><name>A Wonderful Piece of Engineering: the Big Side Cut</name><styleUrl>#MT</styleUrl><description><![CDATA[Sign text not yet published online by the state.<br><br>Source: Montana Department of Transportation (#375)]]></description><Point><coordinates>-114.767210,47.075990,0</coordinates></Point></Placemark>
<Placemark><name>The Great Inland Seaway</name><styleUrl>#MT</styleUrl><description><![CDATA[(west-bound) View/Download a PDF of the Road Sign For over sixty million years during the Cretaceous Period, much of eastern Montana was underwater, covered by an vast inland sea. As the Rocky Mountains formed to the west, it created a broad, flat coastal plain that was home to many different species of dinosaurs. Indeed, the long life of the sea saw the rise and extinction of many dinosaur species until it finally receded from Montana about 65 million years ago at the end of the Cretaceous Period. The sediments deposited underwater or along the sea's coast formed the spectacular sandstone rimrocks in the Yellowstone River valley between Columbus and Billings. The sea was shallow and warm, probably no more than a few hundred feet deep. But it was home to a wide variety of aquatic life. Oysters lived in dense banks along the shore, while tentacled ammonites fed on monster clams that lived in the shallow water offshore; sharks also cruised the shallows preying on whatever animals appeared tasty to them. For several million years, two predators, synonymous with prehistoric sea creatures, were at the top of the food chain in the sea: the long-necked Plesiosaurs and the snakelike Mosasaurs. Neither animals were dinosaurs, but were air-breathing reptiles who had adapted to living in the oceans. Both were carnivores that ate just about anything they could seize and swallow. Fossils of Plesiosaurs and Mosasaurs have been found throughout eastern Montana. A Brief History: For centuries, the sandstone rimrocks along the Yellowstone River guided travelers between the mountains and the buffalo country to the east. In 1912, regional Good Roads enthusiasts and county officials created one of the first interstate highways in the United States, the Yellowstone Trail, an interconnected network of county roads blazed by distinctive chrome yellow signs with black arrows. The 4,000-mile highway connected Plymouth Rock, Massachusetts and Seattle, Washington with a branch to Yellowstone National Park. Later re-designated U.S. Highway 10, Interstate 90 bypassed it in 1971.<br><br>Source: Montana Department of Transportation (#376)]]></description><Point><coordinates>-109.065559,45.600703,0</coordinates></Point></Placemark>
<Placemark><name>The Lewis Overthrust Fault and Marias Pass</name><styleUrl>#MT</styleUrl><description><![CDATA[Although Marias Pass was well-known to Montana's Indians, it was a recent discovery by non-Indians. The Salish, Kootenai, and Blackfeet frequently crossed the pass to hunt buffalo and raid their neighbors. By the 1830s, the area had become so associated with the Blackfeet, that few non-Indians dared search for the pass. Isaac Stevens' railroad survey attempted to "discover" the pass in 1854, but failed to find it. In 1889, the Great Northern Railway sent engineer John F. Stevens to locate the pass. Stevens plowed through four feet of snow in subzero weather in search of the 5,214-foot pass, finding it on December 10, 1889. The Great Northern built its line over Marias Pass in 1891. It was not until 1930 that a highway was constructed over it. Before then, motorists on U.S. Highway 2 had to load their automobiles onto railroad cars at East or West Glacier to ship them around the southern boundary of Glacier National Park on the Great Northern. The railroad dedicated the statue of John F. Stevens in 1925. The federal Bureau of Public Roads installed the stone obelisk in 1930 after it completed the highway.<br><br>Source: Montana Department of Transportation (#377)]]></description><Point><coordinates>-113.353086,48.317637,0</coordinates></Point></Placemark>
<Placemark><name>Richey</name><styleUrl>#MT</styleUrl><description><![CDATA[Sign text not yet published online by the state.<br><br>Source: Montana Department of Transportation (#379)]]></description><Point><coordinates>-105.064416,47.642084,0</coordinates></Point></Placemark>
<Placemark><name>The Mann Gulch Fire</name><styleUrl>#MT</styleUrl><description><![CDATA[Sign text not yet published online by the state.<br><br>Source: Montana Department of Transportation (#380)]]></description><Point><coordinates>-112.010058,47.020016,0</coordinates></Point></Placemark>
<Placemark><name>Wolf Point</name><styleUrl>#MT</styleUrl><description><![CDATA[Sign text not yet published online by the state.<br><br>Source: Montana Department of Transportation (#381)]]></description><Point><coordinates>-105.644258,48.092808,0</coordinates></Point></Placemark>
<Placemark><name>Black Gold</name><styleUrl>#MT</styleUrl><description><![CDATA[About sixty million years ago, this area was part of a vast subtropical coastal plain with major rivers flowing eastward into an inland seaway. Between these major river systems great thicknesses of plant material accumulated that was converted to peat and eventually buried under sand, mud, and other sediments. Over millions of years, the increased pressure and temperature from burial compressed and baked the peat into medium grade sub-bituminous coal. Between about 70 to 55 million years ago, tectonic forces caused dramatic deformation of the region and culminated in the formation of mountain ranges like the Beartooth, Pryor, and Big Horn Mountains. This deformation tilted the sedimentary layers and associated coal seams in this area downward to the east. The coal in the Bear Creek field is part of the immense Fort Union Formation, which is estimated to contain over 200 billion tons of coal in eastern and central Montana. A Brief History: "Yankee Jim" George discovered the Bear Creek coal field in 1866, but it would not be commercially mined for another forty years with the arrival of the Yellowstone Park Railway. Five companies operated coal mines in this narrow valley by 1910. Two towns, Bearcreek and Washoe, provided living quarters and services to the multi-ethnic miners and their families. The field contains about a dozen workable coal beds, with some seams as thick as 11 feet. Underground coal mining peaked in the early 1920s, when Bear Creek coal powered railroad locomotives, fueled the Anaconda Copper Company's smelter in Anaconda, and heated homes throughout Montana. Production gradually diminished as the railroads converted to diesel-powered locomotives and private homes began using natural gas. Commercial coal mining in the Bear Creek field ended in 1953 when the Smith Mine closed. Small privately operated companies provided coal to area residents for years afterwards.<br><br>Source: Montana Department of Transportation (#382)]]></description><Point><coordinates>-109.189120,45.158514,0</coordinates></Point></Placemark>
<Placemark><name>A Wonderful Piece of Engineering: the Mullan Road</name><styleUrl>#MT</styleUrl><description><![CDATA[Sign text not yet published online by the state.<br><br>Source: Montana Department of Transportation (#383)]]></description><Point><coordinates>-115.628878,47.419403,0</coordinates></Point></Placemark>
<Placemark><name>Bozeman Pass</name><styleUrl>#MT</styleUrl><description><![CDATA[Sign text not yet published online by the state.<br><br>Source: Montana Department of Transportation (#384)]]></description><Point><coordinates>-110.805850,45.666912,0</coordinates></Point></Placemark>
<Placemark><name>The Salish and Pend D'oreille People and the Jocko</name><styleUrl>#MT</styleUrl><description><![CDATA[Sign text not yet published online by the state.<br><br>Source: Montana Department of Transportation (#385)]]></description><Point><coordinates>-114.049145,47.143059,0</coordinates></Point></Placemark>
<Placemark><name>"The Yellowstone" by Wallace Mcrae</name><styleUrl>#MT</styleUrl><description><![CDATA[Sign text not yet published online by the state.<br><br>Source: Montana Department of Transportation (#386)]]></description><Point><coordinates>-107.249738,46.218052,0</coordinates></Point></Placemark>
<Placemark><name>Marias River</name><styleUrl>#MT</styleUrl><description><![CDATA[Sign text not yet published online by the state.<br><br>Source: Montana Department of Transportation (#387)]]></description><Point><coordinates>-110.513849,47.928921,0</coordinates></Point></Placemark>
<Placemark><name>Southeastern Montana</name><styleUrl>#MT</styleUrl><description><![CDATA[Sign text not yet published online by the state.<br><br>Source: Montana Department of Transportation (#388)]]></description><Point><coordinates>-105.413593,45.443355,0</coordinates></Point></Placemark>
<Placemark><name>The Nez Perce Sikum</name><styleUrl>#MT</styleUrl><description><![CDATA[Sign text not yet published online by the state.<br><br>Source: Montana Department of Transportation (#389)]]></description><Point><coordinates>-114.225546,46.754471,0</coordinates></Point></Placemark>
<Placemark><name>Homestake Pass</name><styleUrl>#MT</styleUrl><description><![CDATA[Sign text not yet published online by the state.<br><br>Source: Montana Department of Transportation (#390)]]></description><Point><coordinates>-112.377082,45.915709,0</coordinates></Point></Placemark>
<Placemark><name>The Bozeman Trail</name><styleUrl>#MT</styleUrl><description><![CDATA[Sign text not yet published online by the state.<br><br>Source: Montana Department of Transportation (#391)]]></description><Point><coordinates>-110.975400,45.668575,0</coordinates></Point></Placemark>
<Placemark><name>Reyonalds Pass</name><styleUrl>#MT</styleUrl><description><![CDATA[Sign text not yet published online by the state.<br><br>Source: Montana Department of Transportation (#392)]]></description><Point><coordinates>-111.467837,44.827919,0</coordinates></Point></Placemark>
<Placemark><name>Black Eagle</name><styleUrl>#MT</styleUrl><description><![CDATA[Sign text not yet published online by the state.<br><br>Source: Montana Department of Transportation (#393)]]></description><Point><coordinates>-111.257426,47.519640,0</coordinates></Point></Placemark>
<Placemark><name>Lewis &amp; Clark Portage Route</name><styleUrl>#MT</styleUrl><description><![CDATA[Sign text not yet published online by the state.<br><br>Source: Montana Department of Transportation (#394)]]></description><Point><coordinates>-111.222467,47.494062,0</coordinates></Point></Placemark>
<Placemark><name>Malmstorm Air Force Base</name><styleUrl>#MT</styleUrl><description><![CDATA[Sign text not yet published online by the state.<br><br>Source: Montana Department of Transportation (#395)]]></description><Point><coordinates>-111.222460,47.494049,0</coordinates></Point></Placemark>
<Placemark><name>Coal Mines and Railroads</name><styleUrl>#MT</styleUrl><description><![CDATA[Sign text not yet published online by the state.<br><br>Source: Montana Department of Transportation (#396)]]></description><Point><coordinates>-111.146999,47.439875,0</coordinates></Point></Placemark>
<Placemark><name>In the Event of an Attack:</name><styleUrl>#MT</styleUrl><description><![CDATA[Sign text not yet published online by the state.<br><br>Source: Montana Department of Transportation (#397)]]></description><Point><coordinates>-111.730807,47.924990,0</coordinates></Point></Placemark>
<Placemark><name>The Whoop Up Trail</name><styleUrl>#MT</styleUrl><description><![CDATA[Sign text not yet published online by the state.<br><br>Source: Montana Department of Transportation (#398)]]></description><Point><coordinates>-111.730700,47.924964,0</coordinates></Point></Placemark>
<Placemark><name>The Whoop Up Trail</name><styleUrl>#MT</styleUrl><description><![CDATA[Sign text not yet published online by the state.<br><br>Source: Montana Department of Transportation (#399)]]></description><Point><coordinates>-111.735161,47.924743,0</coordinates></Point></Placemark>
<Placemark><name>In the Event of an Attack:</name><styleUrl>#MT</styleUrl><description><![CDATA[Sign text not yet published online by the state.<br><br>Source: Montana Department of Transportation (#400)]]></description><Point><coordinates>-111.735130,47.924784,0</coordinates></Point></Placemark>
<Placemark><name>Sun River Crossing</name><styleUrl>#MT</styleUrl><description><![CDATA[Sign text not yet published online by the state.<br><br>Source: Montana Department of Transportation (#801)]]></description><Point><coordinates>-111.714090,47.537583,0</coordinates></Point></Placemark>
<Placemark><name>Fort Shaw</name><styleUrl>#MT</styleUrl><description><![CDATA[Sign text not yet published online by the state.<br><br>Source: Montana Department of Transportation (#802)]]></description><Point><coordinates>-111.818970,47.500181,0</coordinates></Point></Placemark>
<Placemark><name>Augusta and Gilman</name><styleUrl>#MT</styleUrl><description><![CDATA[Sign text not yet published online by the state.<br><br>Source: Montana Department of Transportation (#803)]]></description><Point><coordinates>-112.365502,47.510579,0</coordinates></Point></Placemark>
<Placemark><name>Egg Mountain</name><styleUrl>#MT</styleUrl><description><![CDATA[In 1978, rock-shop owner Marion Brandvold found a group of small bones that paleontologists Jack Horner and Bob Makela later identified as baby bones belonging to a new species of duck-billed dinosaur. Horner and Makela named this new species Maiasaura peeblesorum, the good mother reptile. The site where the Maiasaura bones were found was named Egg Mountain, and has since yielded the largest cache of dinosaur eggs, embryos, and baby skeletons found in the Western Hemisphere. The site has also yielded one of the largest concentrations of adult dinosaur skeletons found in the world. Paleontologists have interpreted this accumulation as a gigantic herd of Maiasaura that died in a catastrophic event, possibly resulting from a volcanic eruption or a hurricane. Besides Maiasaura, a little meat-eating dinosaur named Troodon also nested at the Egg Mountain site. Its eggs indicate that they were brooded similar to birds, by direct contact of the parent. About 76 million years ago, when Maiasaura and Troodon lived in this area, the Rocky Mountains were just beginning to form to the west, and a shallow ocean existed 300 miles to the east. The dinosaurs nested near lakes and streams on a fern covered coastal plain. Maiasaura is Montana's state fossil.<br><br>Source: Montana Department of Transportation (#804)]]></description><Point><coordinates>-112.225835,47.715557,0</coordinates></Point></Placemark>
<Placemark><name>A Permanent and Substantial Road</name><styleUrl>#MT</styleUrl><description><![CDATA[Sign text not yet published online by the state.<br><br>Source: Montana Department of Transportation (#805)]]></description><Point><coordinates>-114.034069,47.956471,0</coordinates></Point></Placemark>
<Placemark><name>Us 93 North Wildlife Crossing Structures and Fenci</name><styleUrl>#MT</styleUrl><description><![CDATA[Sign text not yet published online by the state.<br><br>Source: Montana Department of Transportation (#806)]]></description><Point><coordinates>-114.105898,47.671510,0</coordinates></Point></Placemark>
<Placemark><name>Us93 N Wildlife Crossing Structures and Fencing</name><styleUrl>#MT</styleUrl><description><![CDATA[Sign text not yet published online by the state.<br><br>Source: Montana Department of Transportation (#807)]]></description><Point><coordinates>-114.105881,47.671514,0</coordinates></Point></Placemark>
<Placemark><name>The Beavers Dam</name><styleUrl>#MT</styleUrl><description><![CDATA[Sign text not yet published online by the state.<br><br>Source: Montana Department of Transportation (#808)]]></description><Point><coordinates>-114.105853,47.671537,0</coordinates></Point></Placemark>
<Placemark><name>Flathead House</name><styleUrl>#MT</styleUrl><description><![CDATA[Sign text not yet published online by the state.<br><br>Source: Montana Department of Transportation (#809)]]></description><Point><coordinates>-115.003828,47.525484,0</coordinates></Point></Placemark>
<Placemark><name>Saleesh House</name><styleUrl>#MT</styleUrl><description><![CDATA[Sign text not yet published online by the state.<br><br>Source: Montana Department of Transportation (#813)]]></description><Point><coordinates>-115.325126,47.591264,0</coordinates></Point></Placemark>
<Placemark><name>Tobacco Plains</name><styleUrl>#MT</styleUrl><description><![CDATA[Sign text not yet published online by the state.<br><br>Source: Montana Department of Transportation (#814)]]></description><Point><coordinates>-115.028647,48.866143,0</coordinates></Point></Placemark>
<Placemark><name>The Beartooth Plateau and Stillwater Complex</name><styleUrl>#MT</styleUrl><description><![CDATA[Sign text not yet published online by the state.<br><br>Source: Montana Department of Transportation (#815)]]></description><Point><coordinates>-109.808236,45.435550,0</coordinates></Point></Placemark>
</Folder>
<Folder><name>Idaho</name>
<Placemark><name>Lava Hot Springs</name><styleUrl>#ID</styleUrl><description><![CDATA[Long before white men discovered these springs, Sept. 9, 1812, Indians gathered here to use the free hot water.<br><br>Except where they found hot springs, pre-historic Indians had a hard time getting hot water. They wove watertight baskets into which they put heated rocks. Here they had plenty of hot water for baths and for processing hides without going to all the work of heating baskets. This was one of their major campgrounds, especially in winter. After 1868, when they began to stay mostly on the Fort Hall Indian reservation, this spot lost its importance as a winter camp.<br><br>US-30 MP 371.22<br><br>Source: Idaho Transportation Department / Idaho State Historical Society (#13)]]></description><Point><coordinates>-112.005728,42.619303,0</coordinates></Point></Placemark>
<Placemark><name>Idaho's 1st Railroad</name><styleUrl>#ID</styleUrl><description><![CDATA[Through this canyon once puffed the wood-burning locomotives of the narrow-gauge Utah and Northern Railway.<br><br>Construction, undertaken by a Mormon co-op, came northward from a junction with the transcontinental line, but stopped in 1874 at Franklin on the Utah-Idaho border. Jay Gould, famous financier of the Union Pacific, took over in 1877; trains were passing here the next summer, and the rails reached Montana in 1880. New life for eastern Idaho followed the shrieking whistles of those little Utah and Northern trains.<br><br>I-15B Inkom (Near Exit 58) MP 0.9<br><br>Source: Idaho Transportation Department / Idaho State Historical Society (#17)]]></description><Point><coordinates>-112.261929,42.797753,0</coordinates></Point></Placemark>
<Placemark><name>Idaho's Oldest Town</name><styleUrl>#ID</styleUrl><description><![CDATA[Franklin was settled April 14, 1860 by Mormon pioneers. The free local museum exhibits a large collection of tools and relics of pioneer days.<br><br>The founding of Franklin was part of a well organized plan of Mormon expansion. Church authorities sent the colonists under Thomas Smart from Provo, Utah. Men of many trades were included in order to make the community self-sufficient. From 1874-1877, Franklin was the busy terminus of the Utah Northern Railroad where freight for the Montana mines was reloaded for the long wagon haul north.<br><br>US-91 MP 1.17<br><br>Source: Idaho Transportation Department / Idaho State Historical Society (#23)]]></description><Point><coordinates>-111.804129,42.014054,0</coordinates></Point></Placemark>
<Placemark><name>Starrh's Ferry</name><styleUrl>#ID</styleUrl><description><![CDATA[In 1880, George Starrh, a Snake River placer miner, started a ferry across Snake River one mile north of here.<br><br>From 1880-2, freighters hauling supplies for a mining rush to Wood River used Starrh's ferry (powered by river current when stiff winds were not blowing too hard), and local traffic lasted until Milner Reservoir flooded out summer operations after 1904. But a small town with a post office (1909-12) remained there for more than a decade. During that time, nearby bridges replaced Starrh's ferry.<br><br>US-30 MP 253.63<br><br>Source: Idaho Transportation Department / Idaho State Historical Society (#28)]]></description><Point><coordinates>-113.868619,42.533718,0</coordinates></Point></Placemark>
<Placemark><name>Nez Perce War</name><styleUrl>#ID</styleUrl><description><![CDATA[Following the battle at White Bird Canyon on July 4, 1877, U.S. cavalrymen, entrenched nearby at Cottonwood, resisted attacks by Nez Perce warriors.<br><br>East of here on July 5, 1877, Nez Perce warriors created a strategic diversion by surrounding 17 Mount Idaho volunteers. Two of the volunteers were killed and three were wounded before help arrived from the U.S. forces stationed at Cottonwood. Meanwhile the Nez Perce bands crossed the prairie to join allies on the Clearwater. A circuitous path led to Montana and the War's end in October 1877.<br><br>US-95 MP 252.88<br><br>Source: Idaho Transportation Department / Idaho State Historical Society (#38)]]></description><Point><coordinates>-116.327609,46.026500,0</coordinates></Point></Placemark>
<Placemark><name>Mount Borah</name><styleUrl>#ID</styleUrl><description><![CDATA[Idaho's highest peak, 12,662 feet, is named for William E. Borah, who served in the United States Senate from 1907 until his death in 1940.<br><br>Ten or a dozen large but shallow inland seas have covered this area in the past billion years. They became a graveyard for countless generations of sea creatures: bones, shells, coral, and microscopic remains piled up through the eons into a clay-and-limestone deposit thousands of feet thick. During the past 10 or 20 million years, part of this deposit has been thrust upward into the towering ridge which you see before you.<br><br>US-93 MP 131.19<br><br>Source: Idaho Transportation Department / Idaho State Historical Society (#45)]]></description><Point><coordinates>-113.904778,44.140135,0</coordinates></Point></Placemark>
<Placemark><name>The Ward Massacre</name><styleUrl>#ID</styleUrl><description><![CDATA[Only 2 young boys survived the Indian attack on Alexander Ward's 20 member party, Oregon bound on August 20, 1854.<br><br>Military retaliation for the slaughter so enraged the Indians that Hudson's Bay Co. posts Fort Boise and Fort Hall had to be abandoned, and the Oregon Trail became unsafe without army escort. Eight years of Indian terror followed. Finally, the 1862 gold rush brought powerful forces, civilian and military, that gradually subdued the tribes.<br><br>Lincoln Rd (E of Caldwell)<br><br>Source: Idaho Transportation Department / Idaho State Historical Society (#75)]]></description><Point><coordinates>-116.608557,43.676941,0</coordinates></Point></Placemark>
<Placemark><name>Marie Dorion</name><styleUrl>#ID</styleUrl><description><![CDATA[An Iowa Indian who came through here with Wilson Price Hunt's fur trappers in 1811, Marie Dorian spent an incredible winter in this region in 1814.<br><br>She and her two infant children were the sole survivors of a mid-January Bannock Indian clash at John Reid's fur trade post 6 miles west of here. So they had to set out with two horses on a 200-mile retreat through deep mountain snow. Finally, a Columbia River band of Walla Walla Indians rescued them in April.<br><br>US-20 (Fort Boise Park) MP 46.66<br><br>Source: Idaho Transportation Department / Idaho State Historical Society (#78)]]></description><Point><coordinates>-116.932412,43.779859,0</coordinates></Point></Placemark>
<Placemark><name>Old Fort Boise</name><styleUrl>#ID</styleUrl><description><![CDATA[An important Hudson's Bay Company fur trade post was established in 1834 four miles west of here on the bank of the Snake River.<br><br>Fur trading declined, but this British post became famous for its hospitality to American travelers on the Oregon Trail. An 1845 report spoke of "two acres of land under cultivation...1,991 sheep, 73 pigs, 17 horses and 27 meat cattle"-a welcome oasis at the ford of the Snake River after 300 thirsty miles from Fort Hall. A flood in 1853 washed away the adobe buildings and Indian trouble forced the Company to abandon the post two years later.<br><br>US-20 (Fort Boise Park) MP 46.66<br><br>Source: Idaho Transportation Department / Idaho State Historical Society (#85)]]></description><Point><coordinates>-116.932345,43.779834,0</coordinates></Point></Placemark>
<Placemark><name>Camas Prairie</name><styleUrl>#ID</styleUrl><description><![CDATA[Named for the blue-flowering camas--an important root food for all interior Northwestern Indians--the Camas Prairie is a traditional Nez Perce cultural center.<br><br>Tolo Lake -- visible below -- provided a campground for Chief Joseph's Wallowa band and White Bird's Salmon River band when war broke out on the Salmon River directly south of here, June 14, 1877. Both of these bands were under military pressure to settle on the Camas Prairie when three young men from White Bird's band avenged a long series of past wrongs and army authorities retaliated.<br><br>US-95 MP 233.59<br><br>Source: Idaho Transportation Department / Idaho State Historical Society (#100)]]></description><Point><coordinates>-116.228581,45.875819,0</coordinates></Point></Placemark>
<Placemark><name>Spalding's Mission</name><styleUrl>#ID</styleUrl><description><![CDATA[Marcus Whitman and Henry Harmon Spalding led Presbyterian missionaries west in 1836 to answer a Nez Perce call for teachers.<br><br>Spalding began his mission and school nearby, but moved here in 1838. Believing in secular as well as religious teaching, he taught the Indians irrigated farming, brought in the Northwest's first printing press, and built saw and flour mills. But hostility slowly developed, and Spalding left after the Whitman massacre at Walla Walla in 1847. He returned with the gold rush to labor among his converts until his death in 1874. His grave is nearby.<br><br>US-12 MP 12.23<br><br>Source: Idaho Transportation Department / Idaho State Historical Society (#111)]]></description><Point><coordinates>-116.818380,46.452156,0</coordinates></Point></Placemark>
<Placemark><name>Lapwai Mission</name><styleUrl>#ID</styleUrl><description><![CDATA[Henry Harmon Spaulding established Idaho's earliest mission near here, Nov. 29, 1836, at a site chosen by the Nez Perce Indians.<br><br>Ever since they met Lewis and Clark in 1805-6, the Nez Perce had wanted to find out more about the white mans ways. In 1831, a Nez Perce delegation went all the way to St. Louis, where they saw Clark again and asked for teachers. Spalding came west to answer their call: with Indian help, a house and assembly hall were built in 24 days, and in two months, Mrs. Spalding started a mission school. In 1838 the mission was moved north to the Clearwater.<br><br>US-95 MP 300.59<br><br>Source: Idaho Transportation Department / Idaho State Historical Society (#112)]]></description><Point><coordinates>-116.802639,46.417243,0</coordinates></Point></Placemark>
<Placemark><name>Lewis and Clark</name><styleUrl>#ID</styleUrl><description><![CDATA[Hoping for an easy river trip to the Pacific, Clark explored the first few miles of the rugged canyon of the Salmon below here late in August 1805.<br><br>His small advance party camped near here with poor but friendly Indians. Clark reported that the Salmon "is almost one continued rapid," and that passage "with Canoes is entirely impossible," so the expedition had to buy packhorses and go 110 miles north to an Indian trail across the mountains. QUOTATIONS FROM THE ORGINAL JOURNALS OF LEWIS AND CLARK.<br><br>US-93 MP 326.1<br><br>Source: Idaho Transportation Department / Idaho State Historical Society (#122)]]></description><Point><coordinates>-113.991732,45.404706,0</coordinates></Point></Placemark>
<Placemark><name>Historic Lemhi Co.</name><styleUrl>#ID</styleUrl><description><![CDATA[1866 - gold discovered at Leesburg by Elijah Mulkey, Wm. Smith, F.B. Sharkey, Jos. Rapp, & Ward Girton.<br><br>Mining has continued in Lemhi Co. with production of $30 Mil. in gold and nearly $35 Mil. in copper, lead, tungsten, silver, etc. 63 mineral species have been found. Aug. 1805 - Lewis & Clark entered Lemhi Valley 20 Mi. So. & crossed Idaho 75 Mi. No. representing the U.S. in Oregon Territory. 1855- a Mormon settlement established at Fort Lemhi near the place where Lewis & Clark first encamped: abandoned 1858. Agriculture and stock raising established in 1870.<br><br>US-93 MP 310.04<br><br>Source: Idaho Transportation Department / Idaho State Historical Society (#125)]]></description><Point><coordinates>-113.894263,45.243716,0</coordinates></Point></Placemark>
<Placemark><name>Lewis and Clark</name><styleUrl>#ID</styleUrl><description><![CDATA[After crossing the Continental Divide southeast of here. Aug. 12, 1805, Lewis camped with a Shoshoni band near here, Aug. 13-14.<br><br>Lewis had to obtain Indian horses so his men could get from the upper Missouri to a navigable stream flowing to the Pacific. So he persuaded the Shoshoni to accompany him to the expedition's main camp east of the mountains. There he found the Shoshoni chief to be Sacajawea's brother. With horses and help from Sacajawea's people, Lewis and Clark came to this valley Aug. 26 on their way north to the Lolo Trail and the Clearwater.<br><br>SH-28 MP 122.37<br><br>Source: Idaho Transportation Department / Idaho State Historical Society (#127)]]></description><Point><coordinates>-113.685265,45.051106,0</coordinates></Point></Placemark>
<Placemark><name>Fort Lemhi</name><styleUrl>#ID</styleUrl><description><![CDATA[In 1855 a group of Mormon missionaries came north from Utah to found a remote colony just below the bench east of here.<br><br>A religious settlement rather than a military fort, Salmon River Mission grew to more than 100 settlers before Indian trouble forced them to abandon the valley in 1858. By that time, the missionaries had baptized 100 Indians and had begun irrigated farming in spite of ruinous summer frost and plagues of grasshoppers. Some of the old mission ditches are still used, and part of an old adobe mission wall still stands at Fort Lemhi.<br><br>SH-28 MP 117.3<br><br>Source: Idaho Transportation Department / Idaho State Historical Society (#128)]]></description><Point><coordinates>-113.650498,44.983209,0</coordinates></Point></Placemark>
<Placemark><name>Fort Henry</name><styleUrl>#ID</styleUrl><description><![CDATA[In 1810, Andrew Henry and a party of trappers from Saint Louis established a winter outpost about 6 miles west of here.<br><br>Driven from their upper Missouri beaver camp by hostile Blackfeet, they expanded their operation from United States territory into Oregon--a land with only a few British posts at that time. They built cabins and wintered here in deep snow. Game was scarce, and they had little to eat except horses. So they abandoned this area, and Henry took only 40 packs of beaver pelts--a thin catch--back to Saint Louis after a season's work.<br><br>N 1900 E (N of Rexburg/Sugar City)<br><br>Source: Idaho Transportation Department / Idaho State Historical Society (#135)]]></description><Point><coordinates>-111.777695,43.925447,0</coordinates></Point></Placemark>
<Placemark><name>Pierre's Hole</name><styleUrl>#ID</styleUrl><description><![CDATA[Teton Valley was known originally as Pierre's Hole. Rich in beaver, it was a favorite stamping ground for British and American fur traders and trappers between 1819-1840.<br><br>"Old Pierre" Tevanitagon, an Iroquois Indian fur trapper for the Hudson Bay Company, gave his name to this beaver-rich valley. Pierre's Hole was the scene of the annual rendezvous of mountain men and suppliers- "The Great Rocky Mountain Fair" - in 1832. That wild party ended in a free-for all battle with the Gros Ventre Indians, which the trappers and their Indian friends won. The valley was permanently settled in 1882.<br><br>SH-33 MP 143.97<br><br>Source: Idaho Transportation Department / Idaho State Historical Society (#139)]]></description><Point><coordinates>-111.110355,43.684247,0</coordinates></Point></Placemark>
<Placemark><name>The Oregon Trail</name><styleUrl>#ID</styleUrl><description><![CDATA[is still clearly visible coming off the rimrock across the river. Here the west bound emigrants after 1840 came gratefully down into this green valley.<br><br>The first cart passed here with Spalding and Whitman, pioneer missionaries, in 1836. By the middle 1840's, thousands of emigrant wagons had cut a broad track, later the Overland Road. The tide of travel went down when the railroad was completed in 1884, but the tracks of the wagons and stages can still be followed for miles east in the desert.<br><br>SH-21 (Along Boise River Greenbelt) MP 3.3<br><br>Source: Idaho Transportation Department / Idaho State Historical Society (#151)]]></description><Point><coordinates>-116.098841,43.551195,0</coordinates></Point></Placemark>
<Placemark><name>Atoms for Peace</name><styleUrl>#ID</styleUrl><description><![CDATA[An important page in atomic history was written here on July 17, 1955, when the lights of Arco were successfully powered from atomic energy.<br><br>Chosen by the Atomic Energy Commission as an experiment in the peaceful use of atomic power, Arco, Idaho became the first town in the free world to be served by electrical energy developed from the atom. The energy for this experiment was produced at the National Reactor Testing Station in the Arco desert southwest of here.<br><br>US-93 (Bottolfsen Park) MP 248.15<br><br>Source: Idaho Transportation Department / Idaho State Historical Society (#152)]]></description><Point><coordinates>-113.305665,43.632423,0</coordinates></Point></Placemark>
<Placemark><name>Canal Gulch</name><styleUrl>#ID</styleUrl><description><![CDATA[The fabulous gold rush days of Idaho began on September 30, 1860, when W. F. Bassett struck gold just about here.<br><br>E.D. Pierce, who knew the country, had led twelve prospectors, including Bassett, out from Walla Walla in August. After news of the strike spread, about sixty men came in and wintered nearby in spite of snow and Indians. Next spring the stampede was on, and by that July this six-month-old county cast the largest vote in Washington Territory.<br><br>SH-11 MP 29.65<br><br>Source: Idaho Transportation Department / Idaho State Historical Society (#153)]]></description><Point><coordinates>-115.799639,46.492363,0</coordinates></Point></Placemark>
<Placemark><name>Wood River Mines</name><styleUrl>#ID</styleUrl><description><![CDATA[Rich strikes in 1879 led to a rush to the lead and silver mines of this valley. The famous Minnie Moore Mine alone produced a total of $8.4 million worth of ore.<br><br>Mining quickly brought a railroad and prosperity. The Ketchum smelter pioneered electric lighting. Hailey soon had Idaho's earliest phone service and three daily newspapers. But lodes ran out and mining declined. Now these hills attract more skiers and actors than miners. In 1984, Clint Eastwood filmed his movie Pale Rider near here.<br><br>SH-75 MP 112.86<br><br>Source: Idaho Transportation Department / Idaho State Historical Society (#154)]]></description><Point><coordinates>-114.271090,43.480507,0</coordinates></Point></Placemark>
<Placemark><name>Long Valley Ambush</name><styleUrl>#ID</styleUrl><description><![CDATA[While hunting stolen horses on Aug. 20, 1878, Wm. Monday, Jake Groseclose, Tom Healy, & "Three Finger" Smith were ambushed in a rocky basin 9/10 mile by road from here.<br><br>Monday and Groseclose were killed immediately and Healy wounded; Smith, "being a man of experience in such matters", fled. He made it 40 miles to Salmon Meadows. Infantrymen buried the 3, marked the spot, and took up the Indian trail. Smith estimated there were 75 Indians; Army trackers finally concluded there were only 5--but they never caught them.<br><br>SH-55 MP 115.48<br><br>Source: Idaho Transportation Department / Idaho State Historical Society (#155)]]></description><Point><coordinates>-116.044366,44.518880,0</coordinates></Point></Placemark>
<Placemark><name>Oro Fino City</name><styleUrl>#ID</styleUrl><description><![CDATA[Commercial center of Idaho's earliest mining district in the great days of 1861, it flourished here for more than a year.<br><br>Pierce City was only 2 miles away but another town sprang up near some rich gold strikes. In its first few weeks, Oro Fino City had "about sixty houses--more going up every day; nine or ten stores, more saloons than are needed, two smith-shops, two butcher-shops, three families and about 500 inhabitants,"----But with the gold rush over, the place was abandoned. The deserted town burned to the ground August 10, 1867.<br><br>SH-11 MP 28.53<br><br>Source: Idaho Transportation Department / Idaho State Historical Society (#156)]]></description><Point><coordinates>-115.799814,46.477481,0</coordinates></Point></Placemark>
<Placemark><name>Thomas Fork</name><styleUrl>#ID</styleUrl><description><![CDATA[A bad ford gave trouble to wagon trains crossing this stream on the trail to California and Oregon in 1849.<br><br>In that year, gold-seeking 49'ers developed a shortcut (practically U.S. 30 west of here) which crossed this stream. By the early 1850's, two bridges had been built and their enterprising owner was charging $1 a wagon toll--which not everyone could afford. Penniless emigrants struggling in the water cursed while richer companions comfortably clattered across the bridges.<br><br>US-30 MP 454.49<br><br>Source: Idaho Transportation Department / Idaho State Historical Society (#157)]]></description><Point><coordinates>-111.066482,42.214146,0</coordinates></Point></Placemark>
<Placemark><name>Soda Springs</name><styleUrl>#ID</styleUrl><description><![CDATA[In this area are a group of springs famous to Oregon Trail travelers, most of whom stopped to try the "acid taste and effervessing gasses" of the waters.<br><br>Earlier, fur traders often--less elegantly--called the place "Beer Springs" after one spring whose water tasted "like Lager Beer ... only flat." Another, Steamboat Spring, made sounds "exactly resembling ... a high pressure steam engine." Both springs are now drowned in the modern reservoir, but others still can be tasted.<br><br>US-30 MP 403.92<br><br>Source: Idaho Transportation Department / Idaho State Historical Society (#158)]]></description><Point><coordinates>-111.626043,42.657794,0</coordinates></Point></Placemark>
<Placemark><name>Smith's Trading Post</name><styleUrl>#ID</styleUrl><description><![CDATA[In 1848 Pegleg Smith established a trading post on the Oregon Trail at Big Timber somewhere near here on the river.<br><br>Some travelers called it "Fort Smith", though it was only four log cabins and some Indian lodges. Packing a plow and tools from Salt Lake City, Smith (a mountain man who had to amputate his own leg 20 years before) tried unsuccessfully to raise crops. But he did a big business when the California gold rush of 1849 brought thousands past here; 49'ers reported that he had many horses and cattle, and was making $100 a day.<br><br>US-30 MP 440.1<br><br>Source: Idaho Transportation Department / Idaho State Historical Society (#159)]]></description><Point><coordinates>-111.255882,42.252527,0</coordinates></Point></Placemark>
<Placemark><name>Hudspeth's Cutoff</name><styleUrl>#ID</styleUrl><description><![CDATA[In the summer of 1849, the California Gold Rush was diverted this way in search of a more direct route to the mines.<br><br>Stampeding 49'ers would try anything to save miles and time in their rush for California gold: the regular Oregon and California trails looped north of here to Fort Hall, but on July 19, 1849 Benoni M. Hudspeth led a party west from Soda Springs through rough country hoping for a more direct route through a gap 1.4 miles south of here. This immediately became the main road, though it saved far less than Hudspeth thought.<br><br>US-30 MP 376.28<br><br>Source: Idaho Transportation Department / Idaho State Historical Society (#161)]]></description><Point><coordinates>-111.917343,42.629837,0</coordinates></Point></Placemark>
<Placemark><name>Lawyer's Canyon</name><styleUrl>#ID</styleUrl><description><![CDATA[Named for the Nez Perce Indian leader who served as head chief, 1848-1871, and who lived near the lower end of the canyon.<br><br>Called "The Lawyer" by early fur traders for his exceptional talents in languages and oratory, he was a friend of the whites. He had learned English before the missionaries came in 1836, and helped them prepare dictionaries and translate the Bible into Nez Perce. He played an important part in all the treaties negotiated with his people before his death in 1876, a year before the Nez Perce War.<br><br>US-95 MP 268.62<br><br>Source: Idaho Transportation Department / Idaho State Historical Society (#163)]]></description><Point><coordinates>-116.415286,46.200755,0</coordinates></Point></Placemark>
<Placemark><name>Bonner's Ferry</name><styleUrl>#ID</styleUrl><description><![CDATA[Gold miners rushing to Wild Horse in British Columbia in 1863 were paddled across this river by Indians; in 1864 E.L. Bonner established a proper ferry here.<br><br>The ferry and its trading store served the Wild Horse packtrains for many years. Steamers - - the first tiny one dragged in overland - - came to the river in the 1880's and the Great Northern Railway arrived in 1892. A thriving town soon sprang up where once the ferryman and his family had been the only white people.<br><br>US-2 MP 507.81<br><br>Source: Idaho Transportation Department / Idaho State Historical Society (#165)]]></description><Point><coordinates>-116.314740,48.701379,0</coordinates></Point></Placemark>
<Placemark><name>Thousand Springs</name><styleUrl>#ID</styleUrl><description><![CDATA[Old lava flow changed the geologic structure of this area and thus created a multitude of famous springs here.<br><br>Over thousands of years, volcanic activity repeatedly spread lava over the Snake River plain, slowly forcing the Snake River southward in a great curve. Successive channels of the river and its tributaries were filled with spongy lava, and became underground reservoirs and conduits, gathering water from far to the northeast. Torrents from one or more of these buried channels now burst forth on the opposite canyon wall.<br><br>US-30 MP 186.98<br><br>Source: Idaho Transportation Department / Idaho State Historical Society (#166)]]></description><Point><coordinates>-114.851324,42.745838,0</coordinates></Point></Placemark>
<Placemark><name>The First Capital</name><styleUrl>#ID</styleUrl><description><![CDATA[The organization of Idaho Territory was proclaimed in Lewiston July 10, 1863 and the first two legislatures met here.<br><br>When Lewiston served as the capital, Idaho Territory included modern Montana and practically all of Wyoming--an area much larger than Texas. Then in 1864, after Montana was established as a separate territory and most of Wyoming was attached to Dakota, the governor and legislature decided to locate the capital of Idaho in Boise, where it has been ever since.<br><br>US-95 MP 316.6<br><br>Source: Idaho Transportation Department / Idaho State Historical Society (#167)]]></description><Point><coordinates>-116.991994,46.461531,0</coordinates></Point></Placemark>
<Placemark><name>Elk City</name><styleUrl>#ID</styleUrl><description><![CDATA[Twenty-two prospectors from Pierce discovered the Elk City mines in May, 1861 and a gold rush followed that summer.<br><br>Through July the houses were "nice and airy, being constructed of brush," with bars for doors "to keep out the cayuse horses." Permanent log buildings were begun August 6, and within a month about 40 stores, saloons, and cabins were ready for winter use. Most of the miners rushed off to other new bonanzas that fall, but Elk City still became one of the important Idaho gold camps.<br><br>SH-14 MP 49.43<br><br>Source: Idaho Transportation Department / Idaho State Historical Society (#168)]]></description><Point><coordinates>-115.439394,45.827705,0</coordinates></Point></Placemark>
<Placemark><name>Hudspeth's Cutoff</name><styleUrl>#ID</styleUrl><description><![CDATA[This shortcut to the California goldfields, followed by most of the 49'ers, came out of the hills to the east and joined the old California Trail just about here.<br><br>Opened by "Messrs, Hudspeth & Myers, of the Jackson County, Missouri Company," who reached here on July 24, 1849, this new route was mistakenly thought to save nearly a hundred miles over the old way along the Snake River to the north. From here, the 49'ers struck southwest for California and golden riches.<br><br>SH-77 MP 2.8<br><br>Source: Idaho Transportation Department / Idaho State Historical Society (#169)]]></description><Point><coordinates>-113.416255,42.290235,0</coordinates></Point></Placemark>
<Placemark><name>Red Rock Pass</name><styleUrl>#ID</styleUrl><description><![CDATA[You are standing in the outlet of ancient Lake Bonneville. A vast prehistoric inland sea, of which Salt Lake is a modern remnant.<br><br>Covering over 20,000 square miles when it overflowed here about 14,500 years ago, its winding shoreline would have stretched from here to New Orleans if it were straightened out. This pass was deepened considerably when Lake Bonneville began to flow into the Snake River. For a time, a torrent several times larger than the Amazon was discharged here. Finally, with a hotter, drier climate that slowly emerged about 8,000 years ago, Lake Bonneville gradually disappeared.<br><br>US-91 MP 30.19<br><br>Source: Idaho Transportation Department / Idaho State Historical Society (#171)]]></description><Point><coordinates>-112.049269,42.354415,0</coordinates></Point></Placemark>
<Placemark><name>Shoshone Falls</name><styleUrl>#ID</styleUrl><description><![CDATA[Four miles east of here, the Snake River thunders 212 feet over a rocky ledge higher than the famous Niagara.<br><br>Indians, trappers and travelers all knew the "Great Shoshonie." The waters above the Falls have been harnessed for irrigation and power. The adjacent land was donated to the city of Twin Falls in 1932, so that it could be preserved for public enjoyment. The park provides spectacular views of the roaring Falls in the spring as winter snows melt, and the sheer canyon walls and rocky drop as the water slows in the drier months.<br><br>US-93 MP 50<br><br>Source: Idaho Transportation Department / Idaho State Historical Society (#172)]]></description><Point><coordinates>-114.454732,42.598413,0</coordinates></Point></Placemark>
<Placemark><name>Fabulous Florence</name><styleUrl>#ID</styleUrl><description><![CDATA[Millions in gold--mined mostly in one big year--came from the high mountain basin around Florence, 14 airline miles east of here.<br><br>Early prospectors, fanning south from Pierce - Idaho's first gold camp - came unexpectedly upon rich ground in August 1861. Their secret leaked, golden rumors started an eager rush that fall, and winter famine followed. Next spring, thousands stampeded into Florence, even from the California mines, but the rich camp had only 575 men by 1863. Today scarcely a trace of town remains among scars of the old diggings. Original town vanished; side trip ordinarily impracticable.<br><br>US-95 MP 205.59<br><br>Source: Idaho Transportation Department / Idaho State Historical Society (#174)]]></description><Point><coordinates>-116.304492,45.547786,0</coordinates></Point></Placemark>
<Placemark><name>Hydraulic Mining</name><styleUrl>#ID</styleUrl><description><![CDATA[Visible directly across the river is a pit left by large scale hydraulic mining for gold deposited in ancient gravel beds.<br><br>Big nozzles, called "hydraulic giants," shot powerful streams of water against a pre-historic river bed (now the bank of the stream) to expose and wash down gold-bearing gravel, which then was sluiced to recover the gold. This method, brought to Idaho in the 1860's, remained in use until recent economic changes made gold mining unprofitable. Many pits--some enormously larger than this one--are left as reminders of the mining days gone by.<br><br>US-95 MP 205.59<br><br>Source: Idaho Transportation Department / Idaho State Historical Society (#175)]]></description><Point><coordinates>-116.304510,45.547701,0</coordinates></Point></Placemark>
<Placemark><name>Mackenzie's Post</name><styleUrl>#ID</styleUrl><description><![CDATA[Early in September 1812, Donald Mackenzie set up a fur trade post near here for John Jacob Astor's Pacific Fur Company<br><br>Disappointed to find that beaver were unavailable in this area, he built only a store and two houses out of driftwood. Then the War of 1812 and Indian trouble tangled his plans; in May 1813 he abandoned this site, since Astor's venture had failed and was about to be sold to the North West Company of Montreal. "Perpetual Motion" Mackenzie who once had been a Nor'Wester, rejoined the Canadians in 1816 and finally organized the Snake country fur trade.<br><br>US-95 MP 316.6<br><br>Source: Idaho Transportation Department / Idaho State Historical Society (#176)]]></description><Point><coordinates>-116.992151,46.461538,0</coordinates></Point></Placemark>
<Placemark><name>Packer John's Cabin</name><styleUrl>#ID</styleUrl><description><![CDATA[John Welch--always known as Packer John--hauled supplies from Lewiston to Idaho City during a major Boise Basin gold rush of 1863-1864.<br><br>He built a cabin (1/4 mile north of here) that immediately became an historic Idaho landmark. Territorial political conventions (Republican in 1863 and Democratic in 1864) used his facility as a point where North Idaho leaders could meet with southern representatives to choose congressional candidates. This site now is a state park.<br><br>SH-55 MP 152.99<br><br>Source: Idaho Transportation Department / Idaho State Historical Society (#183)]]></description><Point><coordinates>-116.224854,44.955598,0</coordinates></Point></Placemark>
<Placemark><name>Brownlee Ferry</name><styleUrl>#ID</styleUrl><description><![CDATA[Guiding Oregon Trail emigrants and miners, Tim Goodale opened a new trail through here in August 1862.<br><br>A Boise Basin gold rush followed that fall, and prospectors coming from the west used Goodale's route. John Brownlee started ferry service here in 1862 but left in 1864 to work his own Boise Basin mine.  A new ferry commenced in 1875, a year after James Ruth and T.J. Health discovered silver on Brownlee Creek, with service until after 1920.<br><br>SH-71 MP 1.57<br><br>Source: Idaho Transportation Department / Idaho State Historical Society (#185)]]></description><Point><coordinates>-116.903535,44.828701,0</coordinates></Point></Placemark>
<Placemark><name>Idaho City</name><styleUrl>#ID</styleUrl><description><![CDATA[This roaring metropolis was founded early in October, 1862, about ten weeks after gold was discovered in Boise Basin.<br><br>By the next summer, this was the largest city in the Northwest, with 6,275 people -- 5,691 of them men! Families followed, and respectable businesses, schools, libraries, good theaters, churches, and fraternal orders came soon. The town survived several disastrous fires and remained an important mining center until the war shut down gold production in 1942.<br><br>SH-21 MP 38.66<br><br>Source: Idaho Transportation Department / Idaho State Historical Society (#186)]]></description><Point><coordinates>-115.838267,43.824133,0</coordinates></Point></Placemark>
<Placemark><name>Grimes' Creek</name><styleUrl>#ID</styleUrl><description><![CDATA[Named for George Grimes who, with Moses Splawn, led the party which on August 2, 1862 made the strike that started the Boise Basin gold rush.<br><br>The party was searching for a rich basin described to Splawn a year earlier by an Indian. Further up this creek, they found the gold they were looking for. A few days later, Grimes was killed at Grimes Pass (it was blamed on Indians), and his partners had to bury him in a prospect hole nearby.<br><br>SH-21 MP 28.88<br><br>Source: Idaho Transportation Department / Idaho State Historical Society (#188)]]></description><Point><coordinates>-115.951197,43.725912,0</coordinates></Point></Placemark>
<Placemark><name>Owyhee Country</name><styleUrl>#ID</styleUrl><description><![CDATA[The name applied to these mountains and the whole surrounding region is an outdated spelling of the word "Hawaii".<br><br>Fur-trading ships brought Hawaiian natives--then called "Owyhees"-- to the Northwest. In 1818, Donald Mackenzie brought the first big brigade of fur hunters to the Snake River Valley. He sent several Owyhees to trap in this region--and they never came back. Ever since then, this has been called the Owyhee country and Owyhee county carries the name on. (Pronounce "Owyhee" and "Hawaii" aloud--they sound the same.)<br><br>US-95 MP 14.15<br><br>Source: Idaho Transportation Department / Idaho State Historical Society (#192)]]></description><Point><coordinates>-116.864909,43.407318,0</coordinates></Point></Placemark>
<Placemark><name>Initial Point</name><styleUrl>#ID</styleUrl><description><![CDATA[All Idaho land surveys refer to a beginning point --"Initial Point"-- 16 miles directly south of here.<br><br>When he began surveying Idaho in 1867, Lafayette Cartee, first surveyor general of Idaho Territory, established the initial point on a volcanic hill visible for many miles. Everywhere in Idaho, surveyors depend upon this essential point in establishing land boundaries. The city of Meridian is named for the Boise Meridian--the surveyors' north-south line which runs through Initial Point.<br><br>S Main St, Meridian (Storey Park)<br><br>Source: Idaho Transportation Department / Idaho State Historical Society (#193)]]></description><Point><coordinates>-116.391395,43.604370,0</coordinates></Point></Placemark>
<Placemark><name>Steamer "Shoshone"</name><styleUrl>#ID</styleUrl><description><![CDATA[The boat was built in 1866 to provide easy river travel for a part of the route from the Columbia to Boise and Silver City.<br><br>It was intended to ply 105 miles between here and Old's Ferry. Once it even explored the river for 60 miles above here, astonishing the jackrabbits with its ambitious whistle. But business was poor and firewood for boilers was scarce, and service stopped after a few trips. Finally in a hair-raising ride, the 136-foot, 300-ton boat was run down through Hell's Canyon to the Columbia.<br><br>SH-45 MP 10.35<br><br>Source: Idaho Transportation Department / Idaho State Historical Society (#194)]]></description><Point><coordinates>-116.603900,43.340920,0</coordinates></Point></Placemark>
<Placemark><name>Rattlesnake Station</name><styleUrl>#ID</styleUrl><description><![CDATA[At the junction of the Rocky Bar Road with the Oregon Trail, this was a major stage line stop for 20 years.<br><br>Stage service commenced in 1864, and a road to the Rocky Bar mines was opened 2 months later. In 1878 the station owners thought it would sound a lot better to call their place Mountain Home instead of Rattlesnake. Then the Union Pacific -- built out in the valley in 1883 -- replaced the freight wagons and stage lines that came through here. So Mountain Home was moved on down Rattlesnake Creek to its present location on the railroad.<br><br>US-20 MP 96.01<br><br>Source: Idaho Transportation Department / Idaho State Historical Society (#195)]]></description><Point><coordinates>-115.658601,43.147791,0</coordinates></Point></Placemark>
<Placemark><name>Toll Gate</name><styleUrl>#ID</styleUrl><description><![CDATA[An 1868 toll road to Rocky Bar provided better access to early gold mines 40 miles north of here.<br><br>Julius Newberg's South Boise wagon road had reached Rocky Bar in 1864, but a route through this canyon was needed to avoid steep Syrup Creek grades on Goodale's Cutoff eight miles northwest of here. Tolls were collected here for 20 years to maintain it, and James A. Porter's splendid hotel and dairy attracted travelers for many miles.<br><br>US-20 MP 107.04<br><br>Source: Idaho Transportation Department / Idaho State Historical Society (#197)]]></description><Point><coordinates>-115.579465,43.250925,0</coordinates></Point></Placemark>
<Placemark><name>Oregon Trail</name><styleUrl>#ID</styleUrl><description><![CDATA[A perilous ford at Three Island State Park was a formidable Oregon Trail barrier. Those who could not cross here faced a longer, more difficult southern route.<br><br>No other ford between Missouri and Oregon troubled them so much. This was their largest river. Using two of three islands, they crossed three channels, but sometimes lost stock and wagons. Many emigrants depended upon Shoshoni Indian guides to get them across safely.<br><br>S Commercial St, Glenns Ferry<br><br>Source: Idaho Transportation Department / Idaho State Historical Society (#198)]]></description><Point><coordinates>-115.297556,42.947853,0</coordinates></Point></Placemark>
<Placemark><name>Glenn's Ferry</name><styleUrl>#ID</styleUrl><description><![CDATA[Heavy Boise freight traffic from Pacific rail terminals in Utah and Nevada led Gus Glenn to start a ferry here in 1870.<br><br>THIS CROSSING (just below I-84's bridges) connected to a shorter and better freight road. James S. Reynolds noted its advantages: "By it King Hill, Clear Creek Hill, and that horrid road between Canyon Creek and Rattlesnake are avoided." Indians captured and sank Glenn's Ferry during a Bannock War skirmish here in 1878. But overland stage service started here in 1879 and lasted until Glenn's Ferry became an important railroad center in 1883.<br><br>S Commerical St, Glenns Ferry<br><br>Source: Idaho Transportation Department / Idaho State Historical Society (#199)]]></description><Point><coordinates>-115.299863,42.953495,0</coordinates></Point></Placemark>
<Placemark><name>Salmon Falls</name><styleUrl>#ID</styleUrl><description><![CDATA[In 1812, Joseph Miller found 100 lodges of Indians spearing thousands of salmon each afternoon at a cascade below here. Each summer they dried a year's supply.<br><br>After 1842, they also traded salmon to Oregon Trail emigrants. John C. Fremont marveled at Salmon Falls 18-foot vertical drop, adjacent to "a sheet of foaming water...divided and broken into cataracts" by islands that "give it much picturesque beauty, and make it one of those places that the traveler turns again and again to fix in his memory."<br><br>US-30 MP 186.97<br><br>Source: Idaho Transportation Department / Idaho State Historical Society (#204)]]></description><Point><coordinates>-114.851357,42.745878,0</coordinates></Point></Placemark>
<Placemark><name>Payne's Ferry</name><styleUrl>#ID</styleUrl><description><![CDATA[A scow powered by oarsmen let Oregon Trail wagons cross Snake River here from 1852 to 1870.<br><br>Then Overland Stage service from Boise to a rail terminal in Kelton, Utah, was moved to this crossing, and M.E. Payne installed a large (14 by 60 foot) new cable ferry that used river current for power. After stage service was shifted to a more direct route at Glenns Ferry in 1879, this boat handled mostly local traffic until 1910, when it broke away and sank 3 miles below here.<br><br>US-30 MP 190.44<br><br>Source: Idaho Transportation Department / Idaho State Historical Society (#206)]]></description><Point><coordinates>-114.856638,42.698995,0</coordinates></Point></Placemark>
<Placemark><name>Milner Dam</name><styleUrl>#ID</styleUrl><description><![CDATA[When completed in 1904, Milner Dam raised the Snake River 38 feet to divert water into major north and south side canals.<br><br>A gravity system unmatched in size in national reclamation development, this project irrigates 360,000 acres of land. Twin Falls, Jerome, and a half dozen other communities suddenly sprang up in a desert plain watered by 160 miles of main canals. Located on lava channels formed by two rock islands, Milner Dam's three segments (462, 404, and 280 feet in length) were built by four locally powered electric cranes that were an engineering marvel of that time.<br><br>US-30 MP 249.99<br><br>Source: Idaho Transportation Department / Idaho State Historical Society (#208)]]></description><Point><coordinates>-113.925524,42.509138,0</coordinates></Point></Placemark>
<Placemark><name>Bear River Massacre</name><styleUrl>#ID</styleUrl><description><![CDATA[Very few Northwestern Shoshoni survived a battle here that turned into a massacre by Col. P.E. Connor's California Volunteers.<br><br>In 1863, Connor and his force set out from Salt Lake City on a cold January campaign in response to friction between Indians and white travelers. They found more than 400 Shoshoni settled in a winter camp on Battle Creek. When Connor struck at daybreak on January 29, the Shoshoni suffered a massacre unrivaled in Western history.<br><br>US-91 MP 13.18<br><br>Source: Idaho Transportation Department / Idaho State Historical Society (#216)]]></description><Point><coordinates>-111.911184,42.140876,0</coordinates></Point></Placemark>
<Placemark><name>Camp Connor</name><styleUrl>#ID</styleUrl><description><![CDATA[Col. P.E. Connor set up the old town of Soda Springs, now mostly flooded, and an adjacent army post near here May 20, 1863.<br><br>The gold rush to Idaho had greatly increased traffic on the Oregon Trail, and the post was needed to protect travelers from the Indians. Along with his troops, Connor brought 160 settlers from Utah, and the town they founded became the Oneida County seat from 1864-66. It soon declined, but in 1870 Brigham Young visited here and established the present townsite just east of the earlier location.<br><br>SH-34 MP 403.93<br><br>Source: Idaho Transportation Department / Idaho State Historical Society (#218)]]></description><Point><coordinates>-111.625914,42.657760,0</coordinates></Point></Placemark>
<Placemark><name>John Bidwell</name><styleUrl>#ID</styleUrl><description><![CDATA[In 1840, John Bidwell began to assemble emigrants from Missouri to open a road to California; and a year later, he set out with a party of 69 Pacific Coast pioneers.<br><br>When they reached here, August 12, 1841, half of his group decided to go northwest to Oregon instead. But his California crew turned south down Bear River to try a terrible route west of Salt Lake. So Joseph R. Chiles returned east in 1842 to find a practical California Trail across Idaho through Fort Hall and Granite Pass.<br><br>US-30 (Power Plant Rd) MP 399.95<br><br>Source: Idaho Transportation Department / Idaho State Historical Society (#219)]]></description><Point><coordinates>-111.702131,42.647810,0</coordinates></Point></Placemark>
<Placemark><name>Bear River Lava</name><styleUrl>#ID</styleUrl><description><![CDATA[Until about 28,000 years ago, Bear River used to flow northwest from here through Portneuf Canyon into Snake River.<br><br>Then these lava eruptions blocked that route, diverting Bear River south into what now is Salt Lake. At that time a large inland sea--known as Lake Bonneville--covered much of Utah. Additional water from Bear River helped make it overflow into Snake River before a change in climate dried it up about 8,000 years ago.<br><br>US-30 (Power Plant Rd) MP 399.95<br><br>Source: Idaho Transportation Department / Idaho State Historical Society (#220)]]></description><Point><coordinates>-111.702162,42.647817,0</coordinates></Point></Placemark>
<Placemark><name>Beaver Canyon</name><styleUrl>#ID</styleUrl><description><![CDATA[After Montana's gold rushes began in 1862, thousands of miners came past here, and a Beaver Canyon stage station was built here.<br><br>Freighters and travelers on stage lines from Salt Lake to Montana stopped at this station until Utah and Northern Railway service reached here in 1879. Large ranches also were supplied here until 1897, when they decided to move their Beaver Canyon town to a better site at Spencer.<br><br>I-15 (Near Exit 184) MP 184<br><br>Source: Idaho Transportation Department / Idaho State Historical Society (#222)]]></description><Point><coordinates>-112.196219,44.411416,0</coordinates></Point></Placemark>
<Placemark><name>Taylor's Bridge</name><styleUrl>#ID</styleUrl><description><![CDATA[Idaho's earliest toll bridge spanned Snake River at this rocky site in 1865, replacing Eagle Rock Ferry, 9 miles upstream.<br><br>James Madison Taylor (a relative of Presidents Madison and Taylor and a founder of Denver, Colorado) settled here in 1864 to develop an improved route for his freight line from Salt Lake to Montana's new gold mines. After his bridge was built, telegraph service reached here, July 16, 1866, and Eagle Rock (as Idaho Falls was known until 1890) became a regional transportation center. A railroad bridge was built adjacent to Taylor's bridge in 1879.<br><br>I-15B Idaho Falls (River Pkwy) MP 6.73<br><br>Source: Idaho Transportation Department / Idaho State Historical Society (#223)]]></description><Point><coordinates>-112.044951,43.494261,0</coordinates></Point></Placemark>
<Placemark><name>Eagle Rock Ferry</name><styleUrl>#ID</styleUrl><description><![CDATA[On June 20, 1863, Bill Hickman started a ferry 9 miles up Snake River for thousands of gold hunters headed for mines that now are in Montana.<br><br>Named for an eagle that had a nest on a rock there, his ferry flourished until James Madison Taylor replaced it two years later with a bridge across a narrow lava gorge here. Idaho Falls eventually grew up around Taylor's bridge.<br><br>I-15B Idaho Falls (River Pkwy) MP 6.73<br><br>Source: Idaho Transportation Department / Idaho State Historical Society (#224)]]></description><Point><coordinates>-112.044947,43.494300,0</coordinates></Point></Placemark>
<Placemark><name>John Colter</name><styleUrl>#ID</styleUrl><description><![CDATA[Discovered this valley in 1808 while exploring the Yellowstone and Upper Snake Country in search of beaver.<br><br>Setting out all by himself with his gun and a 30 pound pack, he tried to get the Indians to join in his trapping business. On the way here from a Yellowstone post 240 miles to the northeast, he came upon Colter's Hell -- some hot springs near Cody, Wyoming. On his way back, he explored Yellowstone Park. In the spring of 1810, after several perilous escapes from the Blackfeet, he returned to Missouri, lucky to get back alive.<br><br>SH-33 MP 136.47<br><br>Source: Idaho Transportation Department / Idaho State Historical Society (#225)]]></description><Point><coordinates>-111.110865,43.792530,0</coordinates></Point></Placemark>
<Placemark><name>John Day's River</name><styleUrl>#ID</styleUrl><description><![CDATA[Fur traders named this stream for John Day, a pioneer trapper who died in the valley north of here, February 16, 1820<br><br>John Day had started west with John Jacob Astor's Pacific Fur Company party that discovered the Snake River Valley to the south of here in 1811. After 1816 he joined Donald Mackenzie's band of fur hunters who finally spent the winter of 1819-1820 in what is now is known as little Lost River Valley. For many years, trappers and mapmakers referred to Mackenzie's campground as on John Day's River, which in now Little Lost River.<br><br>SH-33 MP 16.47<br><br>Source: Idaho Transportation Department / Idaho State Historical Society (#227)]]></description><Point><coordinates>-112.993535,43.783468,0</coordinates></Point></Placemark>
<Placemark><name>Goddin's River</name><styleUrl>#ID</styleUrl><description><![CDATA[Known as Goddin's River in the days of the fur trade, this stream originally was named for the trapper who discovered it.<br><br>Thyery Goddin, a prominent Iroquois who explored this river in 1819 or 1820, had come here with Donald Mackenzie's fur hunters who worked for the North West Company of Montreal. Well stocked with beaver until it was trapped out in 1824, Goddin's River offered a wealth of furs to early trappers. Then after the fur trade was over, the river's original name was forgotten. Later settlers called it Lost River because it sinks into the desert lava.<br><br>US-93 MP 119.53<br><br>Source: Idaho Transportation Department / Idaho State Historical Society (#229)]]></description><Point><coordinates>-113.759471,43.996517,0</coordinates></Point></Placemark>
<Placemark><name>Gilmore</name><styleUrl>#ID</styleUrl><description><![CDATA[Lack of a good transportation system delayed serious lead and silver mining at Gilmore from 1880 to 1910.<br><br>Construction of a branch railroad from Montana to serve this mining area resulted in a production of $11,520,852 before a power plant explosion halted operations here in 1929. Old Gilmore and Pittsburgh Railway grades are visible north of here and remnants of Gilmore, where current residents still preserve its heritage, remain from that bygone mining era.<br><br>SH-28 MP 73.25<br><br>Source: Idaho Transportation Department / Idaho State Historical Society (#234)]]></description><Point><coordinates>-113.241139,44.456712,0</coordinates></Point></Placemark>
<Placemark><name>Vienna</name><styleUrl>#ID</styleUrl><description><![CDATA[Levi Smiley found gold on Smiley Creek in 1878, and E.M. Wilson discovered a still richer lode 8 miles above here near Vienna, on June 4, 1879.<br><br>Before shutting down in 1886, Vienna was a thriving mining camp with a $200,000 twenty-stamp mill to crush gold ore nearby. Miners here supported 14 saloons, 3 stores, 2 meat markets, a bank, a hotel, a sawmill, 2 livery stables, 6 restaurants, and, in 1882, a newspaper. More than 200 buildings disappeared when Vienna became a ghost town shortly after 1900.<br><br>SH-75 MP 164<br><br>Source: Idaho Transportation Department / Idaho State Historical Society (#235)]]></description><Point><coordinates>-114.784059,43.890602,0</coordinates></Point></Placemark>
<Placemark><name>Yankee Fork Mines</name><styleUrl>#ID</styleUrl><description><![CDATA[In April, 1879, roads to Yankee Fork were "lined with stampeders ... afoot or on horseback, in bull teams and shaky wagons."<br><br>The gold rush here came at the end of a dozen years of prospecting, mostly after the rush to Loon creek (just north of Yankee Fork) had brought in a horde of gold hunters in 1869. Discovery of the General Custer mine in 1876 made Yankee Fork into Idaho's leading mineral region for a year or two. A Forest Service museum at Custer (10 miles north of here) tells the story of Yankee Fork.<br><br>Source: Idaho Transportation Department / Idaho State Historical Society (#237)]]></description><Point><coordinates>-114.735364,44.271187,0</coordinates></Point></Placemark>
<Placemark><name>Bannock Pass</name><styleUrl>#ID</styleUrl><description><![CDATA[This traditional Indian route provided access from Montana's buffalo country to Snake and Salmon River fishing streams.<br><br>Hudson's Bay Company trapping expeditions came this way after 1822, and prospectors followed searching for mines. Then in 1877, Nez Perce war combatants returned from Montana to Idaho through Bannock Pass on their way from Big Hole battleground to Yellowstone Park and Canada. From 1910 to 1939, railroad trains from Dillon to Salmon steamed through here. Old Gilmore and Pittsburgh railroad tunnels and grades still can be seen from this highway.<br><br>SH-29 MP 13.57<br><br>Source: Idaho Transportation Department / Idaho State Historical Society (#238)]]></description><Point><coordinates>-113.271981,44.813936,0</coordinates></Point></Placemark>
<Placemark><name>Sacajawea</name><styleUrl>#ID</styleUrl><description><![CDATA[Returned to her homeland in this valley in 1805 as an interpreter for Lewis and Clark when they explored these mountains.<br><br>When she was only about 14 years old, she had been captured by Indians in Montana, where her people were out hunting buffalo in 1800. Reunited with her family, she helped Lewis and Clark obtain Indian horses and a Shoshoni guide to show them how to reach their Columbia River destination.<br><br>SH-28 MP 122.37<br><br>Source: Idaho Transportation Department / Idaho State Historical Society (#239)]]></description><Point><coordinates>-113.685299,45.051143,0</coordinates></Point></Placemark>
<Placemark><name>Salmon Dam</name><styleUrl>#ID</styleUrl><description><![CDATA[Constructed in 1910 about 8 miles west of here, the Salmon Dam was a spectacular early irrigation structure.<br><br>220 feet high, it blocks a narrow lava gorge of Salmon Falls Creek. Intended to create a large reservoir to irrigate desert lands north of here, it was only a partial success. Porous lava canyon walls let water escape around it, and lack of rainfall in Nevada's desert above here provided less than enough moisture for this reservoir. It did not fill up until 1984.<br><br>US-93 MP 11.2<br><br>Source: Idaho Transportation Department / Idaho State Historical Society (#240)]]></description><Point><coordinates>-114.674524,42.155756,0</coordinates></Point></Placemark>
<Placemark><name>Fort Bonneville</name><styleUrl>#ID</styleUrl><description><![CDATA[In a grove of cottonwoods across the river, Capt. B.L.E. Bonneville established a winter fur trade post, Sept. 26, 1832.<br><br>His fort, described by a rival trapper as "a miserable establishment"---"consisted of several log cabins, low, badly constructed, and admirably situated for besiegers only, who would be sheltered on every side by timber, brush, etc." But several bands of friendly Flathead and Nez Perce Indians camped nearby, and Bonneville fully enjoyed his hunter's life here in the midst of "a wild and bustling scene."<br><br>US-93 MP 310.04<br><br>Source: Idaho Transportation Department / Idaho State Historical Society (#241)]]></description><Point><coordinates>-113.894299,45.243770,0</coordinates></Point></Placemark>
<Placemark><name>Gibbonsville</name><styleUrl>#ID</styleUrl><description><![CDATA[British investment in a large Gibbonsville mine after 1880 made this an important gold camp until 1899.<br><br>Discovery of a major lode here in 1877 and construction of a good wagon road to a Utah and Northern Railway terminal in Montana brought prosperity when mining was not suspended because of litigation. With close to 100 buildings, two saw mills, a roller mill, five stamp mills, a newspaper, and six to eight saloons, Gibbonsville produced about $2,000,000 in gold.<br><br>US-93 MP 336.95<br><br>Source: Idaho Transportation Department / Idaho State Historical Society (#243)]]></description><Point><coordinates>-113.929436,45.543280,0</coordinates></Point></Placemark>
<Placemark><name>Lolo Summit</name><styleUrl>#ID</styleUrl><description><![CDATA[The Lewis and Clark party crossed this pass Sept. 13, 1805, westbound for the Pacific after a long detour to the south.<br><br>From the headwaters of the Missouri they had crossed the mountains to the Salmon. Finding that river impassable, they traded for packhorses, hired an Indian guide, and came north to an Indian trail across the mountains here. Tired and ill-fed, the men were to have a hard struggle in early snow along the steep ridges which the trail followed for most of its 125 mile course west to the Clearwater River.<br><br>US-12 (Elk Meadows Rd) MP 174.39<br><br>Source: Idaho Transportation Department / Idaho State Historical Society (#247)]]></description><Point><coordinates>-114.577657,46.635221,0</coordinates></Point></Placemark>
<Placemark><name>Lewis and Clark</name><styleUrl>#ID</styleUrl><description><![CDATA[On their way west, in 1805, Lewis and Clark descended into Clearwater Canyon on an old Indian Trail across from here.<br><br>After more than a month's search, they finally had reached a westward river where they could use canoes. From here they continued another 16 miles with their pack horses before they found a campsite with trees suitable for making canoes. But at this point, they had finished their difficult mountain passage to navigable Columbia water.<br><br>US-12 MP 47.35<br><br>Source: Idaho Transportation Department / Idaho State Historical Society (#249)]]></description><Point><coordinates>-116.214793,46.444175,0</coordinates></Point></Placemark>
<Placemark><name>Slaterville</name><styleUrl>#ID</styleUrl><description><![CDATA[served as the steamboat port for the Clearwater gold rush which followed mineral discoveries at Pierce in 1860.<br><br>Founded by Seth S. Slater, May 6, 1861, Slaterville (permanent population, 50) had 5 edifices- built mainly of colored blankets-- 2 stores, 2 houses, and a saloon. When the Colonel Wright "snapped her tow-line on the Grand Rapids and went whirling through the Big Eddy" just below here, May 13, Lewiston was founded to replace the new port. One more steamer reached here June 1, but Slaterville was doomed.<br><br>US-12 (Lenore Rest Area) MP 27.75<br><br>Source: Idaho Transportation Department / Idaho State Historical Society (#250)]]></description><Point><coordinates>-116.561354,46.511234,0</coordinates></Point></Placemark>
<Placemark><name>Utah &amp; Northern Railway</name><styleUrl>#ID</styleUrl><description><![CDATA[One mile south and directly west of this highway, an old 1878 railway grade, still is visible, although trains have not used it since 1890.<br><br>Jay Gould-- a nationally prominent financier and Union Pacific owner-- extended Utah and Northern service north from Franklin to Montana by 1880. A narrow gauge line until 1887, it helped build up Cache Valley and accounted for many new Idaho cities and towns farther north. But small, wood-burning locomotives had a hard time ascending this hill. After a more direct route 4 miles west of here was completed, service north of Preston was abandoned on this grade.<br><br>US-91 MP 13.18<br><br>Source: Idaho Transportation Department / Idaho State Historical Society (#257)]]></description><Point><coordinates>-111.911249,42.140909,0</coordinates></Point></Placemark>
<Placemark><name>Nez Perce War</name><styleUrl>#ID</styleUrl><description><![CDATA[After the Clearwater battle on the heights above here, July 11-12, 1877, the Indians crossed the Lolo Trail to Montana.<br><br>Advancing northward along the high ground with 600 troops and artillery, General Howard found the Indian camp on the flat across the river. But 24 brave Indians blocked his advance, and 100 more pinned him in rifle pits for a day. Then the Indians, camp and all, moved slowly northward past Kamiah, while Howard followed without fighting. There the Indians decided to move east away from the troops.<br><br>SH-13 MP 21.21<br><br>Source: Idaho Transportation Department / Idaho State Historical Society (#259)]]></description><Point><coordinates>-115.975333,46.076258,0</coordinates></Point></Placemark>
<Placemark><name>Lewis and Clark</name><styleUrl>#ID</styleUrl><description><![CDATA[Journeying toward the Clearwater, 6 men under Clark met the Nez Perce Indians not far from here, September 20, 1805.<br><br>Clark first saw 3 frightened Indian boys, who hid in the grass. Finding two, he reassured them with small presents and "Sent them forward to the village." The Indian people, though naturally somewhat nervous in greeting the first whites to reach their land, fed Clark's men. The next day, Clark "collected a horse load of roots & 3 Sammon" to send back to the main expedition. QUOTATIONS FROM THE ORIGINAL JOURNALS OF LEWIS AND CLARK.<br><br>SH-11 MP 17.26<br><br>Source: Idaho Transportation Department / Idaho State Historical Society (#261)]]></description><Point><coordinates>-115.951493,46.375816,0</coordinates></Point></Placemark>
<Placemark><name>Coyote's Fishnet</name><styleUrl>#ID</styleUrl><description><![CDATA[A Nez Perce Indian legend tells how Coyote and Black Bear had a falling out while fishing here long ago.<br><br>Coyote, the all-powerful animal spirit, was having a good time until Black Bear, the busybody, began to tease him. Finally losing his temper, Coyote tossed his huge fishnet onto the hills across the river. To teach Black Bear a lesson, Coyote threw him to the top of the hill on his side and turned him to stone. The Nez Perce people know just where to look for the net and unfortunate bear.<br><br>US-12 MP 306.78<br><br>Source: Idaho Transportation Department / Idaho State Historical Society (#262)]]></description><Point><coordinates>-116.892685,46.441817,0</coordinates></Point></Placemark>
<Placemark><name>Snake River</name><styleUrl>#ID</styleUrl><description><![CDATA[The valley of the Snake, historic passage from the Midwest to the Northwest, has been a primary route for travel since the days of Indians and fur traders.<br><br>The Oregon Trail forded the river at Old Fort Boise, the Hudson's Bay Company post 12 miles upstream. Many a famous early westerner saw the valley you now see - though the look of the land has changed since white settlement brought irrigated farms. Today the river provides both irrigation and power along its thousand-mile course from the Yellowstone country to the Columbia. Highways, railroads, and airlines follow its open valley east of here; but to the north, Hell's Canyon of the Snake is still almost impassable to man.<br><br>I-84 (Snake River View Rest Area) MP 0.95<br><br>Source: Idaho Transportation Department / Idaho State Historical Society (#263)]]></description><Point><coordinates>-116.936040,43.993847,0</coordinates></Point></Placemark>
<Placemark><name>Ant &amp; Yellowjacket</name><styleUrl>#ID</styleUrl><description><![CDATA[According to a Nez Perce Indian legend the stone arch up the hill was once two fighting insects.<br><br>Ant and Yellowjacket had an argument and came to blows over who had the right to eat dried salmon here. Fighting fiercely, they failed to notice Coyote, the all-powerful animal spirit. Even when he ordered them to stop, they kept on struggling. For not heeding his warning, he turned them to stone while their backs were arched and their jaws locked together in combat.<br><br>US-12 MP 10.93<br><br>Source: Idaho Transportation Department / Idaho State Historical Society (#264)]]></description><Point><coordinates>-116.843514,46.445670,0</coordinates></Point></Placemark>
<Placemark><name>The Old Toll Road</name><styleUrl>#ID</styleUrl><description><![CDATA[to Idaho City crossed the ridge from Boise through the lowest point you can see, in the skyline across the valley.<br><br>Climbing the More's creek canyon wall, it crossed this highway about here and swung north. The road was built and stage services began in 1864 when Idaho City was the largest town in the Pacific Northwest. Even though the road was shorter than today's highway, it was a long, hard day's trip from Boise to Idaho City. A stage from this run is in the State Museum in Boise.<br><br>SH-21 MP 20.19<br><br>Source: Idaho Transportation Department / Idaho State Historical Society (#266)]]></description><Point><coordinates>-115.988261,43.626698,0</coordinates></Point></Placemark>
<Placemark><name>The Three Tetons</name><styleUrl>#ID</styleUrl><description><![CDATA[The giant peaks to the southeast were a famous early Western landmark known to fur hunters and mountain men.<br><br>Perhaps as early as 1819, French-speaking trappers were calling them the Trois Tetons -- the three breasts. More prosaic English speaking mountain men named them the Pilot Knobs, but the romantic French name stuck. This is one of the finest views of the peaks from the west, the side from which they were seen by the men who named them.<br><br>US-20 MP 362.71<br><br>Source: Idaho Transportation Department / Idaho State Historical Society (#267)]]></description><Point><coordinates>-111.452976,44.101980,0</coordinates></Point></Placemark>
<Placemark><name>Lewis and Clark</name><styleUrl>#ID</styleUrl><description><![CDATA[On their way north searching for a route over Idaho's mountain barrier, Lewis and Clark left this canyon and ascended a high ridge to reach Bitterroot Valley. September 3-4, 1805.<br><br>No Indian trail came this way, but Tobe, their experienced Shoshoni guide, got them past here anyway. They had to follow a difficult ridgetop divide over peaks more than 1000 feet higher than this highway. They met some Flathead Indians who surprised them by speaking a language stranger than anything they had ever heard.<br><br>US-93 MP 346.09<br><br>Source: Idaho Transportation Department / Idaho State Historical Society (#269)]]></description><Point><coordinates>-113.975933,45.659771,0</coordinates></Point></Placemark>
<Placemark><name>Prehistoric Man</name><styleUrl>#ID</styleUrl><description><![CDATA[Archaeological research has traced human occupation of this valley back more than ten thousand years.<br><br>The first men here found the valley forested. As the climate became drier, other mountain dwellers--known to archaeologists as people of the Bitterroot culture--settled here, perhaps about 8000 years ago. These forerunners of the modern northern Shoshoni Indians lived in family bands and hunted big game, such as bison and mountain sheep.<br><br>SH-28 MP 44.37<br><br>Source: Idaho Transportation Department / Idaho State Historical Society (#270)]]></description><Point><coordinates>-112.900076,44.142692,0</coordinates></Point></Placemark>
<Placemark><name>Beaver Dick</name><styleUrl>#ID</styleUrl><description><![CDATA[This park is named for "Beaver Dick," a mountain man of late fur trade days, who lived in this locality until 1899.<br><br>He was born in England, and his real name was Richard Leigh. He came west as a trapper, but the real fur trade was already over. So he married a Shoshoni woman and stayed hereabouts. A popular early outfitter and guide, he served the famous Hayden surveying party in 1872: Leigh Lake in Grand Teton National Park is named for him and Jenny Lake for his first wife. A picturesque character, he was widely known and liked.<br><br>SH-33 (Beaver Dick Park) MP 73.36<br><br>Source: Idaho Transportation Department / Idaho State Historical Society (#273)]]></description><Point><coordinates>-111.906251,43.825613,0</coordinates></Point></Placemark>
<Placemark><name>American Falls</name><styleUrl>#ID</styleUrl><description><![CDATA[The town is named for the nearby falls of Snake River, a famous landmark for fur trappers and early Western travelers.<br><br>The Oregon Trail passed close to the falls, which had been named in contrast to "Canadian Falls"--now known as Shoshone Falls--95 miles downstream. The town of American Falls was founded when the railroad came in 1882, and served a ranching area. An important power dam was built in 1902. When the present large irrigation dam was built in 1925-1927, the town had to be moved out of the reservoir area.<br><br>Harrison St, American Falls (City Park)<br><br>Source: Idaho Transportation Department / Idaho State Historical Society (#274)]]></description><Point><coordinates>-112.850608,42.784176,0</coordinates></Point></Placemark>
<Placemark><name>Paris</name><styleUrl>#ID</styleUrl><description><![CDATA[This pioneer Idaho town was founded Sept. 26, 1863, when a wagon train brought more than 30 families of Mormon colonizers.<br><br>More pioneers soon followed, some living in huts of quaking aspen and others building log cabins for the mild first winter. Next spring, 700 more people arrived in the valley. The second winter was terrible, but the settlers persevered. They thought they were in Utah until an 1872 boundary survey showed this was part of Idaho. When Bear Lake County was created in 1875, Paris became county seat.<br><br>US-89 MP 15.83<br><br>Source: Idaho Transportation Department / Idaho State Historical Society (#275)]]></description><Point><coordinates>-111.400866,42.225270,0</coordinates></Point></Placemark>
<Placemark><name>Prehistoric Hunters</name><styleUrl>#ID</styleUrl><description><![CDATA[Bone fragments of extinct species of ground sloth, horse, camel, and elephant found in a nearby cave mingle with weapons and radiocarbon dates from Idaho's earliest hunters<br><br>Archaeologists have confirmed that people camped here at least 10,000 years ago, some suspect they might have arrived 6,000 years earlier. The youngest occupation layer began at 1300 A.D. and includes figurines, baskets, moccasins and pottery -- and bones of much smaller animals than those hunted by the Paleoindian pioneers.<br><br>SH-25 MP 14.84<br><br>Source: Idaho Transportation Department / Idaho State Historical Society (#276)]]></description><Point><coordinates>-114.285191,42.662427,0</coordinates></Point></Placemark>
<Placemark><name>Bannock War</name><styleUrl>#ID</styleUrl><description><![CDATA[Angered by encroachment on Camas Prairie lands which had been guaranteed to the Bannock Indians by treaty, Buffalo Horn's band went to war May 30, 1878.<br><br>Trouble had been brewing on the reservation for years, and the government had consistently disregarded its treaty obligations. Some Bannocks still refused to get involved, but the rest began the war in this valley and fought clear to central Oregon before returning, defeated, to Idaho and Wyoming.<br><br>US-20 MP 148.56<br><br>Source: Idaho Transportation Department / Idaho State Historical Society (#277)]]></description><Point><coordinates>-114.863480,43.342119,0</coordinates></Point></Placemark>
<Placemark><name>Horse Shoe Bend</name><styleUrl>#ID</styleUrl><description><![CDATA[Gold was struck in Boise Basin (over the ridge to the east) in 1862, and the rush to these new mines came through here.<br><br>Traffic came by steamer up the Columbia to Umatilla, and thence overland. At first there were only pack and saddle trains, but in 1864, John Hailey, a famous Idaho pioneer, ran stages this way, and a toll road up Harris Creek was opened shortly. Though other routes to the Basin also developed, freighters continued to come through Horse Shoe Bend for many years.<br><br>SH-55 MP 64.42<br><br>Source: Idaho Transportation Department / Idaho State Historical Society (#278)]]></description><Point><coordinates>-116.198063,43.914242,0</coordinates></Point></Placemark>
<Placemark><name>University of Idaho</name><styleUrl>#ID</styleUrl><description><![CDATA[Like this long highway, the University of Idaho links together the northern and southern parts of the state of Idaho.<br><br>Established by the territorial legislature, Jan. 30, 1889, the university opened in the fall of 1892. As Idaho's land grant institution, the university was charged to bring the benefits of quality teaching, research, and service to the people of Idaho. Its nine colleges and its graduate school now serve thousands of students and is a major center for higher education in Idaho.<br><br>US-95 MP 342.69<br><br>Source: Idaho Transportation Department / Idaho State Historical Society (#279)]]></description><Point><coordinates>-117.008056,46.695346,0</coordinates></Point></Placemark>
<Placemark><name>Twin Springs</name><styleUrl>#ID</styleUrl><description><![CDATA[This was a major campground in the days of the California Gold Rush after Hudspeth's Cutoff brought the trail here in 1849.<br><br>Except in wet seasons, there was no water for 22 miles to the east. Parties often had to travel late into the night across that rough country to reach these two great springs and avoid the hardships of a dry camp. From here they had two more tough ranges to cross before reaching the new perils of the Humboldt and high Sierra. You can still see their trail winding up the hill to the west.<br><br>N Holbrook Rd (Old SH-37)<br><br>Source: Idaho Transportation Department / Idaho State Historical Society (#282)]]></description><Point><coordinates>-112.762611,42.262964,0</coordinates></Point></Placemark>
<Placemark><name>Froman's Ferry</name><styleUrl>#ID</styleUrl><description><![CDATA[In 1888 George Froman built a ferry about a mile downstream from here. It operated until a bridge was built here in 1921.<br><br>The ferry barge was connected by ropes to a pulley that slid along a cable spanning the river. By angling the barge into the swift current, the ferryman could make it across the stream in either direction with no other power. Ferries of this type were a common solution to the transportation problem imposed on the pioneers by western rivers. There were several others not far upstream.<br><br>SH-55 MP 2.58<br><br>Source: Idaho Transportation Department / Idaho State Historical Society (#283)]]></description><Point><coordinates>-116.801222,43.547323,0</coordinates></Point></Placemark>
<Placemark><name>Caldron Linn</name><styleUrl>#ID</styleUrl><description><![CDATA[In 1811 the Hunt party likened the terrific torrent of the Snake three miles east of here to a boiling caldron, adding the old Scottish word "linn," meaning a waterfall.<br><br>They had lost a man and a canoe in a roaring chute upstream. Finding worse water ahead they abandoned river travel. Next year, another explorer said of Caldron Linn, "Its terrific appearance beggars all description." Today no road reaches the spot and the name is forgotten.<br><br>US-30 MP 233.85<br><br>Source: Idaho Transportation Department / Idaho State Historical Society (#284)]]></description><Point><coordinates>-114.200225,42.504861,0</coordinates></Point></Placemark>
<Placemark><name>Lava Formations</name><styleUrl>#ID</styleUrl><description><![CDATA[Molten rock, forced upward for 30 to 50 miles through fissures in the earth, has cooled into the hard lava found here.<br><br>Continued pressure from below has made great cracks in the contorted surface. This lava solidified only a few thousand years ago, and not very much soil covers it yet. But vegetation is getting a start and unless new flows intervene, windblown soils will cover these rock layers. Then the surface here will look the same as the surrounding plains, which also are layers of lava and windblown soils.<br><br>I-15 (N Blackfoot Rest Area NB) MP 101.15<br><br>Source: Idaho Transportation Department / Idaho State Historical Society (#287)]]></description><Point><coordinates>-112.268935,43.302807,0</coordinates></Point></Placemark>
<Placemark><name>Idaho State University</name><styleUrl>#ID</styleUrl><description><![CDATA[This great institution began here on Sept. 22, 1902, with 4 teachers and 40 students.<br><br>Originally the Academy of Idaho, it became Idaho Technical Institute in 1915, the Southern Branch of the University of Idaho in 1927, and Idaho State College in 1947. Its development of professional and graduate programs and its continued growth in stature led to its designation as a university in 1963.<br><br>I-15B Pocatello (ISU Campus) MP 1.94<br><br>Source: Idaho Transportation Department / Idaho State Historical Society (#289)]]></description><Point><coordinates>-112.434815,42.859196,0</coordinates></Point></Placemark>
<Placemark><name>The College of Idaho</name><styleUrl>#ID</styleUrl><description><![CDATA[Planned by the Presbyterians of southern Idaho in 1884 and opened with 19 students in 1891, this is Idaho's oldest college.<br><br>William Judson Boone, the founder, remained president for 45 years. From a modest beginning with a faculty of 8 (including two later governors and a chief justice), it grew to full college status and moved in 1910 to this site, then an alkali desert. A Boise Valley electric railroad served the college, and an interurban station, always known as the "Hat," still stands on the campus as a reminder of the college's pioneer days.<br><br>I-84 (C of I Campus) MP 50.8<br><br>Source: Idaho Transportation Department / Idaho State Historical Society (#291)]]></description><Point><coordinates>-116.677267,43.655570,0</coordinates></Point></Placemark>
<Placemark><name>Salmon River</name><styleUrl>#ID</styleUrl><description><![CDATA[Rising as a small stream in the valley to the south, the Salmon River winds 420 miles across Idaho before flowing into Snake River.<br><br>Discovered in 1805 by Lewis and Clark, and explored with great difficulty by fur traders and prospectors, the Salmon drains a vast tangle of rugged mountains and deep canyons. Until after 1950, boats could not ascend the main canyon, so the Salmon got the name "river of no return". Large tracts of untamed wilderness still are found in the Salmon River mountains.<br><br>SH-75 MP 160.79<br><br>Source: Idaho Transportation Department / Idaho State Historical Society (#292)]]></description><Point><coordinates>-114.742975,43.886775,0</coordinates></Point></Placemark>
<Placemark><name>An Early Industry</name><styleUrl>#ID</styleUrl><description><![CDATA[At the top of this hill 3 to 5000 years ago, prehistoric men had a rock quarry where they made a variety of stone tools.<br><br>Projectiles, knives, and scrapers were among the tools made by these early people who camped at the foot of the hill. These nomads hunted deer and other game, collected plant foods, and fished in the river here. They had spears and spear throwers for hunting and fishing, and mortars and pestles for grinding roots and berries. Archaeologists have not yet determined when this industry shut down.<br><br>US-95 (Midvale Hill Rest Area) MP 100.97<br><br>Source: Idaho Transportation Department / Idaho State Historical Society (#293)]]></description><Point><coordinates>-116.800135,44.445776,0</coordinates></Point></Placemark>
<Placemark><name>Nez Perce War</name><styleUrl>#ID</styleUrl><description><![CDATA[Near the base of this hill, over 100 cavalrymen and volunteers met disaster in the opening battle of the Nez Perce War.<br><br>Rushing from Grangeville on the evening of June 16, 1877, Captain David Perry planned to stop the Indians from crossing the Salmon River to safety from pursuit. At daylight the next morning, he headed down the ravine below you. Some sixty to eighty Indians wiped out a third of his force and the survivors retired in disorder. No Indians were killed.<br><br>US-95 MP 227.05<br><br>Source: Idaho Transportation Department / Idaho State Historical Society (#294)]]></description><Point><coordinates>-116.287106,45.801791,0</coordinates></Point></Placemark>
<Placemark><name>Freezeout Hill</name><styleUrl>#ID</styleUrl><description><![CDATA[In 1862 Tim Goodale opened an Oregon Trail cutoff which descended a steep ridge just west of here into the valley below.<br><br>Later that year a gold rush to Boise Basin came up Payette valley, and the next summer farmers along the river started raising crops to supply the mines. For a year or more they were troubled by a notorious band of horse thieves based at Pickett's Corral located at the head of the valley before you. Late in 1864, the farmers organized the Payette Vigilance Committee and drove out the Pickett Corral gang.<br><br>SH-16 MP 110.97<br><br>Source: Idaho Transportation Department / Idaho State Historical Society (#295)]]></description><Point><coordinates>-116.467986,43.844310,0</coordinates></Point></Placemark>
<Placemark><name>Charcoal Kilns</name><styleUrl>#ID</styleUrl><description><![CDATA[Charcoal for a smelter, active from 1885-1889 across the valley at Nicholia, was produced in 16 kilns 6 miles west of here.<br><br>Discovered in 1881, the Viola mine became an important source for lead and silver from 1886-1888. Ore also was hauled from Gilmore to the Viola smelter. British capital kept the Viola mine going until 1889, when the hoisting works burned. Low prices for lead and silver kept the smelter shut down after 1889, and charcoal production ceased here. You are invited to take a self-guided tour of the kilns, provided by the Targhee National Forest.<br><br>SH-28 MP 61.04<br><br>Source: Idaho Transportation Department / Idaho State Historical Society (#296)]]></description><Point><coordinates>-113.082099,44.332785,0</coordinates></Point></Placemark>
<Placemark><name>Nuclear Reactors</name><styleUrl>#ID</styleUrl><description><![CDATA[Since 1949, more nuclear reactors - over 50 of them - have been built on this plain than anywhere else in the world.<br><br>This 900-square-mile Idaho National Laboratory is the birthplace of the Nuclear Navy. Commercial power reactor prototypes, including reactors that breed more fuel than they consume were developed here. Also, internationally renowned for its materials testing reactors and reactor programs, this laboratory has become a major research center for developing peaceful uses of atomic energy.<br><br>US-20 (Big Lost River Rest Area) MP 265<br><br>Source: Idaho Transportation Department / Idaho State Historical Society (#297)]]></description><Point><coordinates>-113.008058,43.548466,0</coordinates></Point></Placemark>
<Placemark><name>Salmon River</name><styleUrl>#ID</styleUrl><description><![CDATA[A vast mountain wilderness, cut by the mile deep Salmon River Canyon, stretches across Idaho south and east of here.<br><br>Travel through the Salmon River mountains always was hard in the early days. An 1872 railway survey showed the Salmon River canyon to be too expensive a route to build. Until a highway was finished down White Bird hill in 1921, only some pack trails and a difficult wagon road crossed the rugged mountain barrier that separated north and south Idaho.<br><br>US-95 MP 230.89<br><br>Source: Idaho Transportation Department / Idaho State Historical Society (#298)]]></description><Point><coordinates>-116.236955,45.839770,0</coordinates></Point></Placemark>
<Placemark><name>Fossil Beds</name><styleUrl>#ID</styleUrl><description><![CDATA[Fossil bones of zebras, beaver, otter, pelicans and other water birds are found in sediments left from a 3,400,000 year old pond on the bluff across the Snake River.<br><br>Lava flows, pouring out over the plains on this side, met and dammed up sedimentary deposits washed in on the other side, making lakes and swamps. Here the river divides these two important geologic settings, formed at a time when the climate was wetter and the plains were tree-dotted grasslands where zebra-like horses used to graze.<br><br>US-30 MP 175.72<br><br>Source: Idaho Transportation Department / Idaho State Historical Society (#300)]]></description><Point><coordinates>-114.915055,42.885754,0</coordinates></Point></Placemark>
<Placemark><name>Menan Buttes</name><styleUrl>#ID</styleUrl><description><![CDATA[Two cones of glassy lava are located directly south of here. The largest rises 800 feet above the surrounding plain.<br><br>Hot molten lava, erupting from great depth, met cold surface water in the wet flood plain of the Snake river: the northern butte, in fact, formed in the channel of Henry's fork, which was forced further east. Suddenly chilled into small particles of volcanic glass, the lava exploded up in a great spray of steam and solid fragments which built up into windblown cones around large summit craters a half mile long and 200 to 400 feet deep.<br><br>SH-33 MP 70.25<br><br>Source: Idaho Transportation Department / Idaho State Historical Society (#301)]]></description><Point><coordinates>-111.968461,43.826552,0</coordinates></Point></Placemark>
<Placemark><name>Alexander Ross</name><styleUrl>#ID</styleUrl><description><![CDATA[Searching the mountain wilderness for beaver, Alexander Ross came up Wood River and discovered this summit, Sept. 18, 1824.<br><br>Leading a large brigade of Hudson's Bay Company trappers, he wondered whether he could get through unknown mountains and rocky defiles that obstructed his passage back to his base of operations at present Challis. Unwilling to tum back, he pressed on to explore Stanley Basin and the difficult canyon beyond. When he reached Challis, Oct. 6, he had traveled this highway route from Bellevue to Salmon, mostly through unexplored land.<br><br>SH-75 MP 156.01<br><br>Source: Idaho Transportation Department / Idaho State Historical Society (#302)]]></description><Point><coordinates>-114.697222,43.881691,0</coordinates></Point></Placemark>
<Placemark><name>Michel Bourdon</name><styleUrl>#ID</styleUrl><description><![CDATA[This valley was discovered in 1822 by an expedition of Hudson's Bay Company trappers led by Michel Bourdon.<br><br>Bourdon had come to the Northwest with David Thompson, who had started the Idaho fur trade in 1808-9. Trappers searched everywhere for beaver and were active south of here for years before Bourdon took them farther into this mountain wilderness. Fur hunting went on for another decade in these parts before the country was trapped out and abandoned by the fur traders.<br><br>US-93 MP 245.27<br><br>Source: Idaho Transportation Department / Idaho State Historical Society (#303)]]></description><Point><coordinates>-114.217651,44.487388,0</coordinates></Point></Placemark>
<Placemark><name>Lost River</name><styleUrl>#ID</styleUrl><description><![CDATA[When its water is not diverted for upstream irrigation, Lost River flows past here into a sink 14 miles to the northeast.<br><br>Lava flows in the Snake River plains buried old channels of the Lost River, Little Lost River, and Birch Creek. No longer able to reach the Snake on the surface, they went underground. After a 120-mile journey under the lava plains, water from the Lost River eventually emerges through numerous large springs below Twin Falls, making up a small part of the flow of Thousand Springs near Hagerman.<br><br>US-26 MP 265<br><br>Source: Idaho Transportation Department / Idaho State Historical Society (#304)]]></description><Point><coordinates>-113.008142,43.548435,0</coordinates></Point></Placemark>
<Placemark><name>Goodale's Cutoff</name><styleUrl>#ID</styleUrl><description><![CDATA[An old emigrant road headed west across Camas Prairie and then descended to the valley below on its way to rejoin the Oregon Trail 28 miles west of here.<br><br>This route, discovered by Donald Mackenzie's fur trade party in 1820, came into use for emigrant wagons in 1852. Indian hostility along the regular Oregon Trail to the south led Timothy Goodale to bring a large emigrant party of Idaho pioneers this way in 1862, and after that, the road was known as Goodale's cutoff.<br><br>US-20 MP 124.39<br><br>Source: Idaho Transportation Department / Idaho State Historical Society (#305)]]></description><Point><coordinates>-115.315690,43.301396,0</coordinates></Point></Placemark>
<Placemark><name>Diamondfield Jack</name><styleUrl>#ID</styleUrl><description><![CDATA[J.L. Davis....Diamondfield Jack....spent most of 6 years in the Cassia County jail while the courts and pardon board were trying to figure out what to do with him.<br><br>By far the best known of the gunmen who fought in Idaho's sheep and cattle wars, he was tried here for shooting two sheepherders in 1896. After he was convicted, other cattlemen confessed to the crime. Twice he narrowly escaped hanging, before the pardon board turned him loose late in 1902 after deciding he wasn't guilty after all. NOTE: THE OLD CASSIA COUNTY JAIL STOOD IN THIS PARK.<br><br>SH-77 MP 18.41<br><br>Source: Idaho Transportation Department / Idaho State Historical Society (#306)]]></description><Point><coordinates>-113.578044,42.412419,0</coordinates></Point></Placemark>
<Placemark><name>Chinese Hanging</name><styleUrl>#ID</styleUrl><description><![CDATA[Charged with hacking a prominent local merchant to pieces, five Chinese were hanged here by vigilantes Sept. 18, 1885.<br><br>They were just setting out on a long, hard 240 mile trip from Pierce to face trial at the county seat in Murray when the vigilantes struck. A large group of armed, masked men forced the deputy sheriff and his posse to give up the Chinese prisoners and to return to Pierce. A marked trail leads 365 feet from here to the site where this incident occurred.<br><br>SH-11 MP 27.45<br><br>Source: Idaho Transportation Department / Idaho State Historical Society (#307)]]></description><Point><coordinates>-115.818140,46.471595,0</coordinates></Point></Placemark>
<Placemark><name>William Craig</name><styleUrl>#ID</styleUrl><description><![CDATA["A bluff jolly good fellow," he joined the Rocky Mountain fur trade in 1829, married a Nez Perce in 1838, and settled with the Lapwai band in 1840.<br><br>In 1850 the Oregon Donation Land Act gave free farms to pioneers who had come to Oregon territory. Craig had about the only eligible farm in Idaho (then part of Oregon) and filed a 640 acre claim here. When the Nez Perce Reservation was set up, the Indians trusted Craig and let him keep his farm.<br><br>US-95 MP 295.45<br><br>Source: Idaho Transportation Department / Idaho State Historical Society (#308)]]></description><Point><coordinates>-116.769416,46.357291,0</coordinates></Point></Placemark>
<Placemark><name>Asa Smith Mission</name><styleUrl>#ID</styleUrl><description><![CDATA[A Massachusetts Congregationalist, Smith spent two years here learning the Nez Perce language and starting a mission.<br><br>Coming here May 10, 1839 to study with Lawyer, an important Nez Perce leader, he stayed to work on an Indian dictionary and to hold daily religious classes each spring and winter. After spending six months in a "mere hovel," he finished a comfortable home and started a garden of several acres. But he never got used to pioneer life here. Leaving Kamiah April 19, 1841, he moved to a mission in Hawaii.<br><br>US-12 MP 67.58<br><br>Source: Idaho Transportation Department / Idaho State Historical Society (#309)]]></description><Point><coordinates>-116.009779,46.222483,0</coordinates></Point></Placemark>
<Placemark><name>Long Camp</name><styleUrl>#ID</styleUrl><description><![CDATA[In 1806, Lewis and Clark waited six weeks for snow to melt from the high ridges of the Lolo Trail to the east of here.<br><br>In May and June, they camped across the river from present-day Kamiah near the railroad bridge. With their Nez Perce friends, they hunted, traded and played games. They showed the Nez Perce "the power of magnetism, the spye glass, compass, watch, air gun and Sundry other articles...novel to them." Finally, with Indian guides, the captains set out on their long journey home.<br><br>US-12 MP 67.59<br><br>Source: Idaho Transportation Department / Idaho State Historical Society (#310)]]></description><Point><coordinates>-116.009724,46.222386,0</coordinates></Point></Placemark>
<Placemark><name>MacDonald's Battle</name><styleUrl>#ID</styleUrl><description><![CDATA[Whooping and yelling, Blackfeet Indians and white trappers "fought like deamons" in the defile before you in 1823.<br><br>After the Hudson's Bay Company trappers burned the Indians out of a strong position by starting a large brush fire, the Blackfeet lost ten warriors in a hot battle. Though he came out the victor, Finnan MacDonald decided that before he would return to trap anywhere around here again, "the Beaver will have a Gould Skin."<br><br>SH-28 MP 119.96<br><br>Source: Idaho Transportation Department / Idaho State Historical Society (#312)]]></description><Point><coordinates>-113.660264,45.020008,0</coordinates></Point></Placemark>
<Placemark><name>Salmon River Canyon</name><styleUrl>#ID</styleUrl><description><![CDATA[Some 15 million years ago, Salmon River ran across great Miocene lava flows above here and started to carve this deep canyon.<br><br>Then this part of the earth's surface gradually rose. As the mountains were rising, the river cut down into the older rock below. Many other Northwestern rivers cut similar gorges. The Snake flows through Hell's Canyon--deepest of them all--8 miles west of here.<br><br>US-95 MP 211.21<br><br>Source: Idaho Transportation Department / Idaho State Historical Society (#313)]]></description><Point><coordinates>-116.281309,45.613638,0</coordinates></Point></Placemark>
<Placemark><name>Lewis Clark State College</name><styleUrl>#ID</styleUrl><description><![CDATA[was created by the Legislature in 1893 as a two-year normal school to train teachers.<br><br>After more than half a century of growth, Lewiston State Normal School expanded into a four-year college in 1947. An area vocational school and a nursing education program were added in 1965. Designated a state college in 1971, Lewis Clark continues to specialize in teacher education.<br><br>US-95 MP 316.6<br><br>Source: Idaho Transportation Department / Idaho State Historical Society (#314)]]></description><Point><coordinates>-116.992069,46.461534,0</coordinates></Point></Placemark>
<Placemark><name>Teton Range</name><styleUrl>#ID</styleUrl><description><![CDATA[Flanked by rock formations more than 2 1/2 billion years old, these 3 granite peaks rose up in less than 9 million years. Very new as mountains go, they still are rising.<br><br>Hinged at the base of the ridge before you, a block of rock 40 miles long broke along a fault line, where the rock tipped up to become the top of the ridge. During the past 1/4 million years, extensive glacial ice sculptured these spectacular peaks from the hard, resistant granite.<br><br>SH-33 MP 136.48<br><br>Source: Idaho Transportation Department / Idaho State Historical Society (#315)]]></description><Point><coordinates>-111.110864,43.792478,0</coordinates></Point></Placemark>
<Placemark><name>Indian Houses</name><styleUrl>#ID</styleUrl><description><![CDATA[Indians have lived here next to this good fishing hole for 10,000 years.<br><br>As long as 3,000 years ago, they had large oval houses, 28 feet long by 24 feet wide. To build these houses, they put a bark and mat covering over a frame of 50 or so house posts. Four or more families lived in a house this size. From their village here by the river, they went out to hunt deer or to dig camas. They had to travel widely in their constant search for food.<br><br>US-12 (Lenore Rest Area) MP 27.64<br><br>Source: Idaho Transportation Department / Idaho State Historical Society (#316)]]></description><Point><coordinates>-116.563325,46.510245,0</coordinates></Point></Placemark>
<Placemark><name>Lake Bonneville</name><styleUrl>#ID</styleUrl><description><![CDATA[20,000 years ago, this land was under water. Not far to the north, you can see the old shore of Lake Bonneville.<br><br>Formed in a basin from which no river reached the ocean, this became the largest lake in North America. Finally the lake rose enough to overflow into the Snake River. Then, after the climate got drier, and the great basin of Utah and Nevada became mostly a desert, the lake receded. Salt Lake and two other remnants are all that are left of this old 20,000 square mile lake.<br><br>I-84 (Juniper Rest Area EB) MP 269.08<br><br>Source: Idaho Transportation Department / Idaho State Historical Society (#317)]]></description><Point><coordinates>-112.911340,42.074480,0</coordinates></Point></Placemark>
<Placemark><name>Lake Bonneville</name><styleUrl>#ID</styleUrl><description><![CDATA[20,000 years ago, this land was under water. Not far to the north, you can see the old shore of Lake Bonneville.<br><br>Formed in a basin from which no river reached the ocean, this became the largest lake in North America. Finally the lake rose enough to overflow into the Snake River. Then, after the climate got drier, and the great basin of Utah and Nevada became mostly a desert, the lake receded. Salt Lake and two other remnants are all that are left of this old 20,000 square mile lake.<br><br>I-84 (Juniper Rest Area WB) MP 269.35<br><br>Source: Idaho Transportation Department / Idaho State Historical Society (#317)]]></description><Point><coordinates>-112.905242,42.073029,0</coordinates></Point></Placemark>
<Placemark><name>More's Creek</name><styleUrl>#ID</styleUrl><description><![CDATA[is named for J. Marion More, leader of the party of miners who founded Idaho City, October 7, 1862.<br><br>Like most of Idaho's early miners, he came originally from the South. Unlike most of them, he struck it rich. During the Idaho gold rush, he had profitable investments in many important mining camps. Hardly anyone else did as much to build Idaho during the early days.<br><br>SH-21 MP 17.14<br><br>Source: Idaho Transportation Department / Idaho State Historical Society (#318)]]></description><Point><coordinates>-115.998652,43.591072,0</coordinates></Point></Placemark>
<Placemark><name>British Settlers</name><styleUrl>#ID</styleUrl><description><![CDATA[Most early Bear Lake settlers came from Britain. One was the first woman convert to the LDS Church in Europe.<br><br>Born in Preston, England, Aug. 24, 1806, Ann Elizabeth Walmsley Palmer was baptized July 30, 1837. An invalid, she was carried into the water, but walked out unaided. After coming to Nauvoo, Illinois, in 1842, she drove an oxteam to Utah in 1849 and settled here in 1863. She died here Nov. 2, 1890. Through faith she gained the strength to overcome trials and to achieve triumphs.<br><br>US-89 MP 12.97<br><br>Source: Idaho Transportation Department / Idaho State Historical Society (#319)]]></description><Point><coordinates>-111.401531,42.183999,0</coordinates></Point></Placemark>
<Placemark><name>Market Lake</name><styleUrl>#ID</styleUrl><description><![CDATA[The flat irrigated fields that stretch to the next interchange used to be a great Indian and trappers' hunting ground in an old lake that came and went.<br><br>In historic times Market Lake was formed during the great Snake River flood of 1853. When a new railroad grade blocked the overflow channel leading from the river, the lake disappeared for a time after 1887. Later irrigation seepage restored the lake, and now the level is regulated for farming and for a wildlife refuge.<br><br>I-15 MP 142.05<br><br>Source: Idaho Transportation Department / Idaho State Historical Society (#323)]]></description><Point><coordinates>-112.188504,43.816771,0</coordinates></Point></Placemark>
<Placemark><name>Francois Payette</name><styleUrl>#ID</styleUrl><description><![CDATA[This park memorializes the Pacific Northwest's most successful French Canadian fur trapper, for whom this city and county are named.<br><br>In 1812, he came from Quebec to the Columbia at the age of 18. Moving inland to the Snake country in 1818, he trapped on Payette River, which was named for him that year.  For a decade prior to his retirement in 1844, he managed Fort Boise, 20 miles south of here. "A merry, fat old gentleman" he was noted for his kindness to Oregon Trail emigrants who found him exceedingly polite, courteous and hospitable.<br><br>6th Ave S, Payette (Kiwanis Park)<br><br>Source: Idaho Transportation Department / Idaho State Historical Society (#324)]]></description><Point><coordinates>-116.934833,44.068157,0</coordinates></Point></Placemark>
<Placemark><name>Lewis and Clark</name><styleUrl>#ID</styleUrl><description><![CDATA[After crossing through Lemhi Pass, 12 miles east of here, Lewis unfurled the American flag for the first time west of the Rockies.<br><br>Meriwether Lewis met with 3 Shoshoni Indians near here on August 13, 1805. "...leaving my pack and rifle I took the flag which I unfurled and advanced toward them," Lewis reported. The Warm Springs road leads to a marker at the site, about 8 miles from here.<br><br>SH-28 MP 115.71<br><br>Source: Idaho Transportation Department / Idaho State Historical Society (#325)]]></description><Point><coordinates>-113.644473,44.959454,0</coordinates></Point></Placemark>
<Placemark><name>Emigrant Road</name><styleUrl>#ID</styleUrl><description><![CDATA[More than a century ago, fur trappers and emigrants followed an old Indian trail that crossed here on its way to Oregon.<br><br>Hudson's Bay Company traders preferred this route between Fort Hall and Fort Boise, but early emigrant wagons had to travel a road south of Snake River until ferries and road improvements let wagons come this way. Shoshone Falls--known until 1849 as Canadian Falls to British and French trappers--was a spectacular attraction along this road.<br><br>US-93 MP 51.54<br><br>Source: Idaho Transportation Department / Idaho State Historical Society (#326)]]></description><Point><coordinates>-114.449300,42.620309,0</coordinates></Point></Placemark>
<Placemark><name>White Bird Grade</name><styleUrl>#ID</styleUrl><description><![CDATA[For 60 years after construction was completed in 1915, White Bird Grade (across the valley) served Idaho's only north-south highway.<br><br>Many tortuous curves and switchbacks--which, if placed together, made 37 complete circles--let the old road climb 2,900 feet in 14 miles. Gaining an elevation of 4429 feet at its summit, that route represented a significant engineering and construction achievement. This new grade did not replace it until 1975.<br><br>US-95 MP 227.07<br><br>Source: Idaho Transportation Department / Idaho State Historical Society (#327)]]></description><Point><coordinates>-116.286982,45.801997,0</coordinates></Point></Placemark>
<Placemark><name>Bear's "Ploughed Field"</name><styleUrl>#ID</styleUrl><description><![CDATA[Long before miners and ranchers settled Stanley Basin, bears dominated this area.<br><br>When Alexander Ross and his Hudson's Bay Company trappers stopped here, September 20, 1824, they "observed at some distance the appearance of a ploughed field and riding up towards it, found a large piece of ground more than four acres in extent, dug up and turned over. On getting to the spot, we observed no less than nine black and grizzly bears at work, rooting away," eating camas, onions, and wild celery.<br><br>SH-75 MP 190.05<br><br>Source: Idaho Transportation Department / Idaho State Historical Society (#328)]]></description><Point><coordinates>-114.929343,44.226022,0</coordinates></Point></Placemark>
<Placemark><name>Ski Lifts</name><styleUrl>#ID</styleUrl><description><![CDATA[When Sun Valley Lodge was built in 1936, Union Pacific engineers developed chair lifts to transport skiers uphill.<br><br>Starting with two modest ski slopes on Dollar Mountain and Proctor Mountain, chair lifts were used for all Sun Valley ski runs. Far superior to tow ropes and similar devices employed before 1936, they quickly became popular at ski resorts everywhere. New designs were adopted for additional Sun Valley ski runs, but one 1936 style chair lift still is preserved 4 miles up Trail Creek from here.<br><br>SH-75 MP 130.77<br><br>Source: Idaho Transportation Department / Idaho State Historical Society (#329)]]></description><Point><coordinates>-114.375448,43.713747,0</coordinates></Point></Placemark>
<Placemark><name>Fishing Falls</name><styleUrl>#ID</styleUrl><description><![CDATA[When John C. Fremont came this way mapping emigrant roads in 1843, he found an important Indian village at Fishing Falls (Kanaka Rapids) about 4 miles above here.<br><br>He reported that native salmon spearers there were "unusually gay ...fond of laughter; and in apparent good nature and merry character...entirely different from the Indians we had been accustomed to see." As the Snake River's highest salmon cascades, Fishing Falls was included on many early western maps.<br><br>US-30 MP 190.44<br><br>Source: Idaho Transportation Department / Idaho State Historical Society (#330)]]></description><Point><coordinates>-114.856670,42.699043,0</coordinates></Point></Placemark>
<Placemark><name>Craigmont</name><styleUrl>#ID</styleUrl><description><![CDATA[Not long before Camas Prairie railroad service started here in 1908, rival towns were started on each side of the track.<br><br>Vollmer began as a rail and business center on the east, and Ilo (an older town a mile away) moved to an adjacent site on the west. Each had separate schools, churches, stores, newspapers, banks, and other businesses. After 12 years of sharp competition, they finally merged into a united community in 1920.<br><br>US-95 MP 271.98<br><br>Source: Idaho Transportation Department / Idaho State Historical Society (#331)]]></description><Point><coordinates>-116.462579,46.231652,0</coordinates></Point></Placemark>
<Placemark><name>Nez Perce Village</name><styleUrl>#ID</styleUrl><description><![CDATA[This important archaeological site--occupied for 10,000 years or more--has at least 10 pit houses as much as 5,000 years old.<br><br>Two styles of houses were used. Some were fairly square with interior benches dug out for use by a family or two. Others were round--20 to 30 feet wide and two to three feet deep--but lacked benches. This village reached its height from about 4100 to 2600 years ago, but remained important enough that when fur traders arrived in 1812, they made this their main camp.<br><br>US-95 MP 306.77<br><br>Source: Idaho Transportation Department / Idaho State Historical Society (#332)]]></description><Point><coordinates>-116.892814,46.441755,0</coordinates></Point></Placemark>
<Placemark><name>Whitehouse Pond</name><styleUrl>#ID</styleUrl><description><![CDATA[On their westbound journey, Lewis and Clark crossed here, September 15, 1805 after camping 4 miles upstream at Powell.<br><br>Their Shoshoni guide had brought them down an old trail from Lolo Pass to a Lochsa fishery he knew about. To continue west, he had to take them north up this ridge to rejoin their Lolo Trail route. Indian travel through here had to go along high ridges because Lochsa Canyon had too many cliffs and gorges to provide a good horseback route.<br><br>US-12 MP 158.41<br><br>Source: Idaho Transportation Department / Idaho State Historical Society (#333)]]></description><Point><coordinates>-114.779653,46.509656,0</coordinates></Point></Placemark>
<Placemark><name>Lolo Trail Crossing</name><styleUrl>#ID</styleUrl><description><![CDATA[When Lewis and Clark came up this ridge, June 29, 1806, they ran into "A shower of rain, with hail, thunder and lightning, that lasted about an hour. "<br><br>But they got out of deep Lolo Trail snow after they reached Rocky Point (directly across from here) and descended to Crooked Fork, below this turnout. They reported that then they "ascended a very steep acclivity of a mountain about 2 Miles" crossing this highway here to reach their old trail to Lolo Pass.<br><br>US-12 MP 171.24<br><br>Source: Idaho Transportation Department / Idaho State Historical Society (#334)]]></description><Point><coordinates>-114.600089,46.595658,0</coordinates></Point></Placemark>
<Placemark><name>Big Hill</name><styleUrl>#ID</styleUrl><description><![CDATA[On their way west to Oregon and California, emigrant wagons often crossed high ridges in order to avoid gullies and canyons.<br><br>When he came here in 1843, Theodore Talbot noted that he "had to cross a very high hill, which is said to be the greatest impediment on the whole route from the United States (over 200 miles east of here) to Fort Hall (over 120 miles farther west). The ascent is very long and tedious, but the descent is still more abrupt and difficult." Many wagons had to be let down by ropes tied to trees that have disappeared long ago.<br><br>US-30 MP 441.72<br><br>Source: Idaho Transportation Department / Idaho State Historical Society (#335)]]></description><Point><coordinates>-111.233086,42.235984,0</coordinates></Point></Placemark>
<Placemark><name>Salmon Festival</name><styleUrl>#ID</styleUrl><description><![CDATA[Long before fur hunters explored here in 1811, an annual Indian festival was held each July in this area.<br><br>Indian peoples came great distances to trade, celebrate, and arrange intertribal marriages. Cheyenne and Arapaho bands brought elegant tipi poles from Colorado. Crow and Shoshoni buffalo hunters supplied meat and hides from Montana and Wyoming. Nez Perce and Walla Walla horsemen marketed superior stock they had developed, and Paiute weapon and toolmakers provided obsidian from central Oregon. All were attracted to this river area for its excellent salmon fishing.<br><br>I-84 (Snake River View Rest Area) MP 1<br><br>Source: Idaho Transportation Department / Idaho State Historical Society (#336)]]></description><Point><coordinates>-116.935615,43.993110,0</coordinates></Point></Placemark>
<Placemark><name>Chesterfield</name><styleUrl>#ID</styleUrl><description><![CDATA[In 1879, Mormon farmers from Utah settled Chesterfield, 16 miles north of here.<br><br>Based on Joseph Smith's Zion Plat, Chesterfield was laid out on an orderly grid of large blocks separated by wide streets with the Meeting House on the highest point. By 1881, its numbers had grown to more than 400. The town thrived for a generation before new trends in farming led to its decline. All but abandoned, houses, buildings, and roads leave behind a footprint of Mormon origins.<br><br>US-30 MP 378.8<br><br>Source: Idaho Transportation Department / Idaho State Historical Society (#337)]]></description><Point><coordinates>-111.879555,42.650116,0</coordinates></Point></Placemark>
<Placemark><name>Oregon Trail</name><styleUrl>#ID</styleUrl><description><![CDATA[Immediately west of here you will cross a small canyon that Oregon Trail emigrants regarded as their most dangerous exposure to Indians.<br><br>After 1854, they had good reason to be alarmed. Wagon traffic had ruined important traditional Indian trails. Uncounted thousands of oxen, horses, sheep, and cattle had overgrazed a broad zone along their trail, leading to Indian resentment. Worse yet, a few emigrants had shot enough Indians to provoke a great deal of bitterness. Aug. 9, 1862, Pocatello's Shoshoni band resisted further wagon traffic here, trapping a small emigrant party in a deep gully. An unusually fine stretch of wagon tracks leading to that site can be reached by a marked trail from here.<br><br>I-86 (Massacre Rocks Rest Area) MP 30.5<br><br>Source: Idaho Transportation Department / Idaho State Historical Society (#338)]]></description><Point><coordinates>-112.961774,42.695044,0</coordinates></Point></Placemark>
<Placemark><name>Emigrant Trails</name><styleUrl>#ID</styleUrl><description><![CDATA[Early California and Oregon trail ruts--left by thousands of emigrant wagons as they ascended this bluff--are still visible below this viewpoint.<br><br>In 1859 F.W. Lander's wagon road builders dug an improved grade that shows more clearly. California traffic, for which Lander constructed a better road, diverged from this Snake River route to Oregon just beyond Raft River, 6 miles west of here. When they got up this grade, emigrants were thankful that they had passed 20 miles of bad road and that a less demanding trail lay ahead.<br><br>I-86 (Coldwater Rest Area) MP 19.37<br><br>Source: Idaho Transportation Department / Idaho State Historical Society (#339)]]></description><Point><coordinates>-113.142849,42.614545,0</coordinates></Point></Placemark>
<Placemark><name>Hunt</name><styleUrl>#ID</styleUrl><description><![CDATA[Excluded from their West Coast homes by military authorities, more than 9000 Japanese Americans occupied Hunt Relocation Camp 4 miles north of here between 1942 & 1945.<br><br>Until they could resettle in other places, they lived in wartime tarpaper barracks in a dusty desert, where they helped meet a local farm labor crisis, planting and harvesting crops. Finally, a 1945 Supreme Court decision held that United States citizens no longer could be confined that way, and their camp became Idaho's largest ghost town.<br><br>SH-25 MP 14.84<br><br>Source: Idaho Transportation Department / Idaho State Historical Society (#340)]]></description><Point><coordinates>-114.285137,42.662410,0</coordinates></Point></Placemark>
<Placemark><name>Minidoka Dam</name><styleUrl>#ID</styleUrl><description><![CDATA[An important pioneer federal reclamation dam and power plant provides water and electricity for farms and cities nearby.<br><br>Constructed 5 miles east of here between 1904 and 1906 at a cost of $675,000, Minidoka Dam diverts water into canals 86 feet above the Snake River. In order to reach still higher farms south of Burley, a $413,000 power plant was completed in 1913. Local irrigation districts have repaid costs of this project. This early federal power program led to national Rural Electrification Administration services.<br><br>SH-24 MP 10.57<br><br>Source: Idaho Transportation Department / Idaho State Historical Society (#341)]]></description><Point><coordinates>-113.592618,42.674210,0</coordinates></Point></Placemark>
<Placemark><name>Diversion Dam</name><styleUrl>#ID</styleUrl><description><![CDATA[was completed in 1909 to lift water into an already constructed New York canal system, greatly expanding its irrigated farmlands.<br><br>After a quarter century of failure to dig a large canal above Diversion Dam, United States Reclamation Service funding enabled a group of Boise Valley irrigation districts to complete this project. Then in 1912, a generating plant was installed to provide power to construct Arrowrock Dam. It has been preserved as an historical display by Bureau of Reclamation staff.<br><br>SH-21 MP 8.41<br><br>Source: Idaho Transportation Department / Idaho State Historical Society (#343)]]></description><Point><coordinates>-116.092776,43.538938,0</coordinates></Point></Placemark>
<Placemark><name>City of Rocks</name><styleUrl>#ID</styleUrl><description><![CDATA[A vast display of towering granite rocks (16 miles southeast of here) attracted emigrants who were on their way to California.<br><br>A gold rush visitor, July 14, 1849, reported that "you can imagine among those massive piles, church domes, spires, pyramids,...with a little fancying you can see (anything) from the Capitol at Washington to a lowly thatched cottage." Emigrants who never had seen anything like that before were impressed by so many "rocks of the most singular shapes." City of Rocks is a National Historic Landmark as well as a National Natural Landmark.<br><br>SH-27 MP 0.8<br><br>Source: Idaho Transportation Department / Idaho State Historical Society (#344)]]></description><Point><coordinates>-113.882111,42.254594,0</coordinates></Point></Placemark>
<Placemark><name>Teton Flood</name><styleUrl>#ID</styleUrl><description><![CDATA[When Teton Dam suddenly was washed away, June 5, 1976, a large reservoir (280 feet deep) was dumped on farms and towns below.<br><br>Houses floated away and cropland was ruined as water surged into the Snake River and American Falls Reservoir, which finally controlled that flood. Church, government, and disaster relief agencies responded effectively, but 14 lives were lost and hundreds of millions of dollars in damages resulted from that unforgettable calamity. All that remains of Teton Dam still can be seen from a viewpoint 1.5 miles north of here.<br><br>SH-33 MP 110.03<br><br>Source: Idaho Transportation Department / Idaho State Historical Society (#345)]]></description><Point><coordinates>-111.539991,43.883393,0</coordinates></Point></Placemark>
<Placemark><name>Looking Glass</name><styleUrl>#ID</styleUrl><description><![CDATA[During General O. O. Howard's 1887 Nez Perce campaign, Looking Glass and his band were camped up Clear Creek near here.<br><br>Looking Glass told army authorities: "Leave us alone. We are living here peacefully and want no trouble." But after a military attack, July 1, that destroyed his village, ruined his gardens and captured 750 Nez Perce horses, Looking Glass and his band joined other Nez Perce refugees and soon headed for Montana's buffalo plains. Howard spent three more months pursuing Joseph, White Bird, Looking Glass, and their warriors after that fiasco.<br><br>US-12 MP 75.89<br><br>Source: Idaho Transportation Department / Idaho State Historical Society (#347)]]></description><Point><coordinates>-115.954362,46.135715,0</coordinates></Point></Placemark>
<Placemark><name>St. Joseph's Mission</name><styleUrl>#ID</styleUrl><description><![CDATA[When he came to Lewiston in 1867, Father J.M. Cataldo developed a Jesuit Nez Perce mission that continued long after he founded Gonzaga University in Spokane.<br><br>A chapel was built a mile up Mission Creek in 1868, but a permanent location was not established until construction of Saint Joseph's Mission was completed at a more secluded site in 1874. It now is open to visitors as part of Nez Perce National Historical Park.<br><br>US-95 MP 293.13<br><br>Source: Idaho Transportation Department / Idaho State Historical Society (#349)]]></description><Point><coordinates>-116.724836,46.369848,0</coordinates></Point></Placemark>
<Placemark><name>Mount Idaho</name><styleUrl>#ID</styleUrl><description><![CDATA[In 1862, a noted Western scout, Mose Milner, started Mount Idaho on his gold rush trail to Florence. Camas Prairie's major early town soon grew up there.<br><br>But when civic leaders resisted farm efforts to organize a grange there in 1874, Grangeville grew up as a better located town. Although Mount Idaho became county seat from 1875 to 1902, and had an important Chinese community, Grangeville soon surpassed its older rival. Most of its early buildings have disappeared.<br><br>Mt Idaho Grade Rd (SE of Grangeville)<br><br>Source: Idaho Transportation Department / Idaho State Historical Society (#352)]]></description><Point><coordinates>-116.082383,45.903823,0</coordinates></Point></Placemark>
<Placemark><name>Castle Rock</name><styleUrl>#ID</styleUrl><description><![CDATA[Up toward Camas Prairie, a road goes by Castle Rock and other eroded granite outcrops that were landmarks on Goodale's Cutoff, an Oregon Trail route that came this way.<br><br>Emigrants generally had not seen large granite rock formations of this kind, and Idaho offered a number of good opportunities, both for Oregon and California travelers. Castle Rock and its neighbors were outstanding examples along Goodale's Cutoff, used primarily from 1862 until automobiles replaced wagon traffic more than 40 years later.<br><br>US-20 MP 124.38<br><br>Source: Idaho Transportation Department / Idaho State Historical Society (#353)]]></description><Point><coordinates>-115.315742,43.301343,0</coordinates></Point></Placemark>
<Placemark><name>Goodale's Cutoff</name><styleUrl>#ID</styleUrl><description><![CDATA[When emigrants began to take their westbound wagons along an old Indian and trappers' trail past this lava, they had to develop a wild and winding road.<br><br>At this spot, like many others, they had barely enough space to get by. At times they could not avoid lava stretches. But they slowly crept along, leaving their road strewn with parts of broken wagons. J.C. Merrill noted in 1864 that "At one place, we were obliged to drive over a huge rock just a little wider than the wagon. Had we gone a foot to the right or to the left the wagon would have rolled over."<br><br>US-93 MP 218.15<br><br>Source: Idaho Transportation Department / Idaho State Historical Society (#354)]]></description><Point><coordinates>-113.720648,43.379692,0</coordinates></Point></Placemark>
<Placemark><name>Earthquakes</name><styleUrl>#ID</styleUrl><description><![CDATA[On October 28, 1983, a major earthquake fracture, 26 miles long and seven miles deep, surfaced as Lost River Valley slid away from Mount Borah.<br><br>During that rock shift, Mount Borah's ridge front rose about 6 inches, while this valley subsided 9 feet. This kind of movement has been going on here for 10 to 20 million years as subsurface rock has been pulled apart during gradual but persistent range and valley building. You can drive to a spectacular fracture that shattered this side road 2-1/2 miles from here.<br><br>US-93 MP 131.19<br><br>Source: Idaho Transportation Department / Idaho State Historical Society (#356)]]></description><Point><coordinates>-113.904759,44.140094,0</coordinates></Point></Placemark>
<Placemark><name>Givens Springs</name><styleUrl>#ID</styleUrl><description><![CDATA[Natural hot water available here has been a popular attraction for thousands of years.<br><br>A winter village site for about 5000 years, these hot springs had large pit houses typical of plateau communities northwest of here from 4300 to about 1200 years ago. After that, small huts used by Great Basin tribes became fashionable. Deer, rabbits and river mussels sustained this winter camp. After 1842, emigrants using an Oregon Trail alternate also patronized Givens Springs.<br><br>SH-78 MP 11.45<br><br>Source: Idaho Transportation Department / Idaho State Historical Society (#358)]]></description><Point><coordinates>-116.706006,43.415870,0</coordinates></Point></Placemark>
<Placemark><name>Beaver Dick's Ferry</name><styleUrl>#ID</styleUrl><description><![CDATA[In 1863 and 1864, overland packers hauling supplies from Salt Lake City to Idaho City crossed here and took a direct route northward to More's Creek.<br><br>They cut a steep grade from the Oregon Trail down to Beaver Dick's Ferry, which served as a crossing only a short distance below here. After gold rush excitement ended, Idaho City traffic came on through Boise and used a toll road further north to Boise Basin.<br><br>SH-21 (Along Boise River Greenbelt) MP 3.3<br><br>Source: Idaho Transportation Department / Idaho State Historical Society (#359)]]></description><Point><coordinates>-116.098837,43.551240,0</coordinates></Point></Placemark>
<Placemark><name>Lower Boise</name><styleUrl>#ID</styleUrl><description><![CDATA[Confederate refugees from Missouri started farming in this area in 1863 and 1864, when gold and silver mining camps created a great demand for flour and cattle.<br><br>Driven out from their Missouri River homes below Kansas City by extremely bitter Civil War border warfare, they got a new start by digging riverside canals and planting crops. They helped make Idaho an overwhelming southern Democratic territory from 1864 to 1880. Settlements from Caldwell to Notus were known as Dixie, and those farther west were Lower Boise.<br><br>US-20 MP 16.2<br><br>Source: Idaho Transportation Department / Idaho State Historical Society (#361)]]></description><Point><coordinates>-116.799276,43.724619,0</coordinates></Point></Placemark>
<Placemark><name>John Grey</name><styleUrl>#ID</styleUrl><description><![CDATA[discovered this valley in 1818 or 1819 while hunting beaver for Donald Mackenzie's Northwest Company trappers.<br><br>An Iroquois leader--also known as Ignace Hatchioraquasha--he also explored Grey's River nearby in Wyoming. Aside from his trapping skills, he was noted for his unusual aptitude in fighting grizzly bears. After trapping in this country for 20 years, he retired with his Iroquois band in 1836 to help found Kansas City, Missouri.<br><br>SH-34 MP 93.66<br><br>Source: Idaho Transportation Department / Idaho State Historical Society (#362)]]></description><Point><coordinates>-111.377112,42.977079,0</coordinates></Point></Placemark>
<Placemark><name>Sawtooth City</name><styleUrl>#ID</styleUrl><description><![CDATA[Gold discoveries on Beaver Creek in 1879 led to mining activity near here that summer. But major production was delayed until 1886.<br><br>By 1882, Sawtooth City had three saloons, two restaurants, a meat market, a store, a Chinese laundry, an assay office, a blacksmith shop, two quartz mills, a sawmill, and 80 or 90 construction workers building their town. Four more years went by, though, before miners worked out a system to process their gold ore. Although 200 miners were employed in 1886, very little could be done after that. One disaster after another led to suspension of work there in 1892.<br><br>SH-75 MP 166.83<br><br>Source: Idaho Transportation Department / Idaho State Historical Society (#364)]]></description><Point><coordinates>-114.815305,43.920630,0</coordinates></Point></Placemark>
<Placemark><name>Elephant Hunters</name><styleUrl>#ID</styleUrl><description><![CDATA[Early day big game hunters, who occupied lava caves around here more than 12,000 years ago, had a diet that included elephants, camels, and giant bison.<br><br>When a gradual change to a warmer, drier, climate made local grasslands into more desert, their elephant herds left for cooler plains farther north. But 8,000 years ago, bison still were available here. Indians continued to hunt buffalo on these plains until about 1840. Then they had to go to Montana for their plains hunting trips.<br><br>US-20 MP 291.36<br><br>Source: Idaho Transportation Department / Idaho State Historical Society (#365)]]></description><Point><coordinates>-112.353554,43.542858,0</coordinates></Point></Placemark>
<Placemark><name>Nez Perce Trail</name><styleUrl>#ID</styleUrl><description><![CDATA[An old Indian trail connected Elk City with mines in Montana when Idaho's gold rush spread there in 1862.<br><br>Following a route developed by Nez Perce buffalo hunters, a host of miners and packers ascended a series of ridges overlooking the deep Salmon and Clearwater river canyons on their way to new gold fields. Long after local Indians and miners ceased to travel there, a single lane forest road was constructed near that traditional Nez Perce thoroughfare in 1934.<br><br>SH-14 MP 49.43<br><br>Source: Idaho Transportation Department / Idaho State Historical Society (#369)]]></description><Point><coordinates>-115.439467,45.827692,0</coordinates></Point></Placemark>
<Placemark><name>Buffalo Pit</name><styleUrl>#ID</styleUrl><description><![CDATA[An exceptionally large hydraulic pit, left by massive placer mining in this area, still can be seen 1 mile from here.<br><br>Buffalo company miners using hydraulic giants--large metal hoses with nozzles that could direct a stream of water under high pressure--cut away a large hillside deposit of placer gold. Long ditches and flumes were employed to bring water in at an elevation sufficient to gain pressure enough to operate their giants.<br><br>SH-14 MP 47.07<br><br>Source: Idaho Transportation Department / Idaho State Historical Society (#370)]]></description><Point><coordinates>-115.473504,45.811900,0</coordinates></Point></Placemark>
<Placemark><name>Railroad Trestles</name><styleUrl>#ID</styleUrl><description><![CDATA[In order to cross Lawyer's Canyon and other Camas Prairie gorges, a series of high railroad bridges was built in 1908.<br><br>This highway goes past two of them here. Most were timber, but a metal structure, 1500 feet long and 296 feet high, was needed here. A long, high wooden trestle also crossed a nearby side canyon. North Idaho's Camas Prairie Railroad--a joint Northern Pacific and Union Pacific venture--served this region for eight decades.<br><br>US-95 MP 268.62<br><br>Source: Idaho Transportation Department / Idaho State Historical Society (#371)]]></description><Point><coordinates>-116.415327,46.200789,0</coordinates></Point></Placemark>
<Placemark><name>Camas Prairie</name><styleUrl>#ID</styleUrl><description><![CDATA[Most of Camas Prairie's wind blown soil rests upon Columbia River lava flows. Coming from a series of widespread eruptions, they covered older, eroded granite rocks some 6 to 17 million years ago.<br><br>Some earlier volcanic extrusions, including Kamiah Buttes (between which this highway passes), rise above those Camas Prairie lavas. Perhaps older than 40 million years, they resemble volcanic rocks from Challis, in south-central Idaho, rather than newer lava from farther west. Geologists still are studying how these buttes are related to similar formations elsewhere in Idaho.<br><br>SH-162 MP 10.6<br><br>Source: Idaho Transportation Department / Idaho State Historical Society (#372)]]></description><Point><coordinates>-116.168450,46.135720,0</coordinates></Point></Placemark>
<Placemark><name>Mesa Orchards</name><styleUrl>#ID</styleUrl><description><![CDATA[For more than half a century, after 1910, an apple orchard of nearly 1400 acres, thought to be the largest in the United States under one management, covered this area.<br><br>Investors, mostly from the eastern U.S., bought 10-acre shares to finance the project. An eight mile wooden flume carried water for irrigation from the Middle Fork of the Weiser River, and in 1920, a unique gravity tramway was built to carry fruit 3 1/2 miles north to a rail siding. Production lasted until about 1960 when frozen crops and production problems led to its demise.<br><br>US-95 MP 127.38<br><br>Source: Idaho Transportation Department / Idaho State Historical Society (#374)]]></description><Point><coordinates>-116.439707,44.627155,0</coordinates></Point></Placemark>
<Placemark><name>Oregon Trail</name><styleUrl>#ID</styleUrl><description><![CDATA[Indians, trappers, and emigrants who came this way before 1900 used a more direct route to get between Boise and Glenns Ferry. Their road still can be seen at Bonneville Point 5 miles from here.<br><br>Following close to a line of hills bordering a broad, rolling plain, their route had water and grass essential for horses and oxen. It also gave them a spectacular view of Boise valley. To see that site, follow directional signs when you reach Interchange 64 at Blacks Creek, 1 mile beyond here.<br><br>I-84 (Blacks Creek Rest Area EB) MP 62.28<br><br>Source: Idaho Transportation Department / Idaho State Historical Society (#375)]]></description><Point><coordinates>-116.107352,43.477707,0</coordinates></Point></Placemark>
<Placemark><name>Arrowrock Dam</name><styleUrl>#ID</styleUrl><description><![CDATA[Higher than any other dam from 1915 until 1934, Arrowrock still is an essential part of Boise Valley's irrigation system.<br><br>Located six miles upstream from here, Arrowrock is 350 feet high and 1,150 feet wide. Built at a cost of $4,725,000 to provide additional water storage to get 2,635 valley farms through dry summer seasons, it had enough capacity to take care of more than 1,000 new farms as well. Its 18-mile canyon reservoir holds 280,000 acre feet of water.<br><br>SH-21 MP 17.14<br><br>Source: Idaho Transportation Department / Idaho State Historical Society (#376)]]></description><Point><coordinates>-115.998671,43.591029,0</coordinates></Point></Placemark>
<Placemark><name>Black Canyon Dam</name><styleUrl>#ID</styleUrl><description><![CDATA[Constructed in 1924, this $1,500,000 concrete gravity dam has a 1,039 foot crest and a 183 foot structural height.<br><br>A 29 mile canal, along with lesser ditches, serves 58,250 acres of Boise and Payette valley farms. A power plant at Black Canyon Dam generates electricity for commercial use as well as for irrigation pumping. Farms far from early riverside canals benefit from this project.<br><br>SH-52 (Wild Rose Park) MP 37.79<br><br>Source: Idaho Transportation Department / Idaho State Historical Society (#377)]]></description><Point><coordinates>-116.439274,43.930024,0</coordinates></Point></Placemark>
<Placemark><name>Seven Devils Mines</name><styleUrl>#ID</styleUrl><description><![CDATA[The Seven Devils area promised rich lodes of copper ore, but transportation problems limited productivity.<br><br>From 1887, miners tried various means to haul ore over this rough terrain for shipment to smelters. They started with pack animals, then built a wagon road, the Kleinschmidt grade, dropping a vertical mile from the mines to the Snake River. From there, they tried steamboat then rail. Large ore trucks in the 1960s finally solved the problem.<br><br>SH-71 MP 1.57<br><br>Source: Idaho Transportation Department / Idaho State Historical Society (#378)]]></description><Point><coordinates>-116.903503,44.828731,0</coordinates></Point></Placemark>
<Placemark><name>Basque Country</name><styleUrl>#ID</styleUrl><description><![CDATA[Idaho has a large Basque community that preserves its ancient European traditions in a new land of opportunity.<br><br>Coming here originally to herd sheep on mountain and desert ranges, they shifted into other occupations as quickly as possible, making way for more of their countrymen to follow. Their sheep wagons often can be seen on grazing lands, and a Basque museum (607 Grove St. in Boise) interprets their life here.<br><br>I-84 (Blacks Creek Rest Area WB) MP 62.25<br><br>Source: Idaho Transportation Department / Idaho State Historical Society (#379)]]></description><Point><coordinates>-116.106105,43.479058,0</coordinates></Point></Placemark>
<Placemark><name>War Eagle Mines</name><styleUrl>#ID</styleUrl><description><![CDATA[For a decade after 1864, most of Silver City's fabulous mineral wealth came from upper War Eagle Mountain, which rises a vertical mile above here.<br><br>With lodes far richer than those found elsewhere, War Eagle miners fought a series of violent wars for control of valuable claims. Troops from Fort Boise finally had to intervene in a one-armed clash in 1868. San Francisco bank failures ended production there in 1875 and thriving camps became ghost towns.<br><br>SH-78 MP 34.09<br><br>Source: Idaho Transportation Department / Idaho State Historical Society (#380)]]></description><Point><coordinates>-116.508987,43.158611,0</coordinates></Point></Placemark>
<Placemark><name>American Falls Power Plants</name><styleUrl>#ID</styleUrl><description><![CDATA[More than two decades before American Falls Dam was built, water power was generated in a series of plants at American Falls.<br><br>Starting with an island plant to serve Pocatello in 1902, this superlative site was used soon after as long transmission lines were developed. As new kinds of turbines and generators were invented, they were installed here. Rare examples of old technology still are preserved in these landmark plants.<br><br>SH-39 MP 3.13<br><br>Source: Idaho Transportation Department / Idaho State Historical Society (#383)]]></description><Point><coordinates>-112.882825,42.778704,0</coordinates></Point></Placemark>
<Placemark><name>Bear Lake</name><styleUrl>#ID</styleUrl><description><![CDATA[Discovered in 1812 by trappers returning home from Astoria, Oregon, this valley and its large lake soon became an important fur trade center.<br><br>Donald MacKenzie, Jim Bridger, and a host of famous beaver hunters operated here. Two major summer frolics and trade fairs brought plenty of excitement to Bear Lake in 1827 and 1828. Helping local Indians repel Blackfoot invaders, those trappers never forgot their wild festivals here.<br><br>US-89 MP 2.19<br><br>Source: Idaho Transportation Department / Idaho State Historical Society (#384)]]></description><Point><coordinates>-111.400093,42.030700,0</coordinates></Point></Placemark>
<Placemark><name>Hooper Spring</name><styleUrl>#ID</styleUrl><description><![CDATA[Free, clear sparkling soda water still is available in beautiful Soda Springs City Park, located two miles from here.<br><br>A prime attraction for more than 160 years, soda water from these springs was marketed nationally after rail service reached this resort area in 1882. W.H. Hooper, Salt Lake City's leading banker and president of Zion's Cooperative Mercantile Institution, had his summer home here. He did much to found and promote Soda Springs and its soda water industry while serving as Utah's delegate to Congress.<br><br>US-30 MP 405.17<br><br>Source: Idaho Transportation Department / Idaho State Historical Society (#385)]]></description><Point><coordinates>-111.602019,42.654895,0</coordinates></Point></Placemark>
<Placemark><name>Paris Tabernacle</name><styleUrl>#ID</styleUrl><description><![CDATA[Designed by one of Brigham Young's sons, this imposing Romanesque tabernacle was built between 1884 and 1889 by skilled local craftsmen.<br><br>Swiss stone masons cut and carved red sandstone that horse and ox teams hauled from a canyon 18 miles away. In winter, sled loads of rock were pulled over ice across Bear Lake. Shingles and other lumber came from nearby forests. After a century of use, this unaltered monument remains as a reminder of pioneer achievement.<br><br>US-89 MP 15.83<br><br>Source: Idaho Transportation Department / Idaho State Historical Society (#386)]]></description><Point><coordinates>-111.400866,42.225323,0</coordinates></Point></Placemark>
<Placemark><name>Hatch House</name><styleUrl>#ID</styleUrl><description><![CDATA[In 1874, Bishop L.H. Hatch built a mansion that has been preserved as a fine example of pioneer Idaho architecture.<br><br>Idaho's only railroad, serving Montana's thriving mining camps, reached here that year--a time of depression between gold rushes, when Franklin was Idaho's largest city. Two years later, rail construction resumed, and freighters moved on. But Hatch's elegant house remains as a reminder of a bygone era.<br><br>E Main St, Franklin (Off US-91) MP 1.38<br><br>Source: Idaho Transportation Department / Idaho State Historical Society (#388)]]></description><Point><coordinates>-111.800094,42.017337,0</coordinates></Point></Placemark>
<Placemark><name>Sawtell's Ranch</name><styleUrl>#ID</styleUrl><description><![CDATA[In 1868, Gilman Sawtell started a dude ranch and Henry's Lake fishery that did much to develop this natural resort area.<br><br>Sawtell did everything from supplying swans for New York's Central Park zoo to building a network of roads for tourist access to Yellowstone National Park. His commercial fishery served Montana mining markets. His pioneer Henry's Lake ranch was a major attraction here for a decade before rail service brought more settlers to this area.<br><br>SH-87 MP 5.11<br><br>Source: Idaho Transportation Department / Idaho State Historical Society (#389)]]></description><Point><coordinates>-111.408815,44.673714,0</coordinates></Point></Placemark>
<Placemark><name>Caldera Lookout</name><styleUrl>#ID</styleUrl><description><![CDATA[High on Island Park Caldera's west rim, a 72-foot-high Forest Service lookout tower affords an excellent view of this large volcanic feature.<br><br>No other steel tower has been preserved in this part of Idaho. When it was erected in 1936, lookouts were essential for fire detection in all of this region's forests. This one still is used in times of especially severe fire hazard, but planes now are responsible for regular fire patrol. Forest Service road 80120 ascends to Bishop Mountain lookout at an elevation of 7810 feet.<br><br>US-20 MP 376.26<br><br>Source: Idaho Transportation Department / Idaho State Historical Society (#391)]]></description><Point><coordinates>-111.463219,44.284557,0</coordinates></Point></Placemark>
<Placemark><name>Hansen Bridge</name><styleUrl>#ID</styleUrl><description><![CDATA[Until 1919, when a high suspension bridge was completed here, this 16-mile long river gorge could be crossed only in a rowboat.<br><br>With 14 cables, each more than 900 feet long, a $100,000 suspension bridge was wide enough to accommodate two lanes of farm wagons or early cars that had begun to gain popularity then. From it's deck, nearly 400 feet above Snake River, travelers had a spectacular view that can still be seen from it's replacement, built in 1966.<br><br>SH-50 MP 3.86<br><br>Source: Idaho Transportation Department / Idaho State Historical Society (#393)]]></description><Point><coordinates>-114.300715,42.565656,0</coordinates></Point></Placemark>
<Placemark><name>Volcanic Calderas</name><styleUrl>#ID</styleUrl><description><![CDATA[Some 2,000,000 years ago, massive eruptions of hot rock boiled for 60 miles from this high rim on across Yellowstone Park.<br><br>An exceptionally large crater remained when that lava surface collapsed. Another smaller caldera followed north of here about 1,300,000 years ago. Yellowstone's geysers and hot springs continue to spout as remnants of those volcanic displays formed as underground rock gradually moves westward across a tremendous source of interior heat.<br><br>US-20 MP 368.92<br><br>Source: Idaho Transportation Department / Idaho State Historical Society (#396)]]></description><Point><coordinates>-111.436241,44.183981,0</coordinates></Point></Placemark>
<Placemark><name>Magic Dam</name><styleUrl>#ID</styleUrl><description><![CDATA[Completed in 1910 at a cost of $3,000,000, Magic Dam stores water for 89,000 acres of irrigated farms near Shoshone and Richfield.<br><br>Rising 129 feet high, it is 700 feet wide. An adjacent 1600-foot embankment with a concrete spillway helps retain more than 190,000 acre feet of spring floodwater for summer use downstream. A four-mile desert road reaches Magic Dam, which provides fishing and recreational opportunities in a broad valley northwest of here.<br><br>SH-75 MP 91.04<br><br>Source: Idaho Transportation Department / Idaho State Historical Society (#398)]]></description><Point><coordinates>-114.328872,43.177779,0</coordinates></Point></Placemark>
<Placemark><name>Gold Mines</name><styleUrl>#ID</styleUrl><description><![CDATA[More than a century ago, Rocky Bar, Happy Camp, and a number of other south Boise mining towns flourished in a remote mountain wilderness 30 miles northwest of here.<br><br>Discovered early in 1863, they were so hard to get to that they could not be worked successfully for more than 20 years. But wealthy investors from New York and London finally put up enough capital that large mills and underground tunnels produced more than 6 million dollars. That gold now is worth more than $120 million.<br><br>US-20 MP 126.36<br><br>Source: Idaho Transportation Department / Idaho State Historical Society (#400)]]></description><Point><coordinates>-115.279625,43.306754,0</coordinates></Point></Placemark>
<Placemark><name>Brigham Young University-Idaho</name><styleUrl>#ID</styleUrl><description><![CDATA[Brigham Young University-Idaho had its beginnings in 1888 as an academy affiliated with the Church of Jesus Christ of Latter-Day Saints.<br><br>Initially known as Bannock Stake Academy, It was renamed Fremont Stake Academy, Smith Academy, Ricks Academy, Ricks Normal College, and eventually Ricks College. The name memorializes Thomas E. Ricks who founded Rexburg in 1883. In 2001, Ricks College became BYU-Idaho, a four year university and Idaho's largest private institution of higher education.<br><br>W 2nd St, Rexburg (BYU-I Campus)<br><br>Source: Idaho Transportation Department / Idaho State Historical Society (#404)]]></description><Point><coordinates>-111.786139,43.821751,0</coordinates></Point></Placemark>
<Placemark><name>Stanley Ranger Station</name><styleUrl>#ID</styleUrl><description><![CDATA[When Challis National Forest was established in 1908, this site became an administrative center. An early log ranger station stood here from 1909 to 1932.<br><br>Expanding Forest Service responsibilities led to construction of a larger ranger station, as well as other buildings still preserved here. When a new ranger station four miles south of here replaced this one in 1971, this site became a Sawtooth Interpretive and Historical Association museum.<br><br>SH-75 MP 190.05<br><br>Source: Idaho Transportation Department / Idaho State Historical Society (#406)]]></description><Point><coordinates>-114.929350,44.226065,0</coordinates></Point></Placemark>
<Placemark><name>College of Southern Idaho</name><styleUrl>#ID</styleUrl><description><![CDATA[In 1964, Twin Falls and Jerome County voters approved a joint community college district, leading to the establishment of the College of Southern Idaho (CSI) in 1965.<br><br>CSI became part of a state and national effort to increase local educational opportunities. The 300--acre campus, located about a mile west of here, offers a wide range of academic, professional, and technical programs and is home to the Herrett Center Museum, Observatory, and Faulkner Planetarium.<br><br>US-93 MP 50<br><br>Source: Idaho Transportation Department / Idaho State Historical Society (#411)]]></description><Point><coordinates>-114.454749,42.598357,0</coordinates></Point></Placemark>
<Placemark><name>Shoshone Historic District</name><styleUrl>#ID</styleUrl><description><![CDATA[South central Idaho's rail center since 1882, when trains reached here. Shoshone has a historic district of unusual interest.<br><br>Branch rail lines to Wood River and Camas Prairie served distant farmers and miners, while a stage line to Shoshone Falls accommodated wealthy tourists who visited Idaho's foremost nineteenth century attraction. Vast sheep grazing lands made this a major early center for Basque herders. Use of lava rock for building construction gives Shoshone a distinctive historic character.<br><br>US-93 MP 72.95<br><br>Source: Idaho Transportation Department / Idaho State Historical Society (#412)]]></description><Point><coordinates>-114.411707,42.926571,0</coordinates></Point></Placemark>
<Placemark><name>Magic Reservoir</name><styleUrl>#ID</styleUrl><description><![CDATA[Water from deep snow that falls on high mountain ridges north of here is stored each spring in this reservoir to irrigate farmland near Shoshone and Richfield.<br><br>Big Wood River flows past some hills that separate this valley from a broad plain of lava and windblown soil, this border area provides an excellent storage site for more than 190,000-acre feet of irrigation water. Magic Reservoir, created in 1910, provides recreation opportunities and a home for fish and wildlife in a desert setting.<br><br>US-20 MP 170.17<br><br>Source: Idaho Transportation Department / Idaho State Historical Society (#413)]]></description><Point><coordinates>-114.434361,43.338289,0</coordinates></Point></Placemark>
<Placemark><name>Northwest Nazarene University</name><styleUrl>#ID</styleUrl><description><![CDATA[In 1913, Eugene Emerson started a Christian school that his church developed into an accredited college on a campus he donated. The college, located on a campus 2 miles southwest of here, moved to university status in 1999.<br><br>Northwest Nazarene University continues to maintain its church relationship as reflected in its mission statement. "The basic mission of Northwest Nazarene University is the development of Christian character within the philosophy and framework of genuine scholarship.<br><br>16th Ave N, Nampa (Lakeview Park, Off I-84B) MP 59.85<br><br>Source: Idaho Transportation Department / Idaho State Historical Society (#415)]]></description><Point><coordinates>-116.544743,43.585394,0</coordinates></Point></Placemark>
<Placemark><name>Clayton Smelter</name><styleUrl>#ID</styleUrl><description><![CDATA[Lead-silver mineral discoveries 12 miles north of here on Bayhorse Creek in 1864 and 1872 led Joel E. Clayton to locate a large smelter here in 1880.<br><br>Doubled in size in 1888, Clayton's smelter had enough variety of ores from local mines to continue production until 1902. A modern flotation plant followed for six years after 1919. When silver prices rose in 1935, Clayton became southern Idaho's primary silver producer, operating steadily for more than 50 years.<br><br>SH-75 MP 222.63<br><br>Source: Idaho Transportation Department / Idaho State Historical Society (#416)]]></description><Point><coordinates>-114.401990,44.258674,0</coordinates></Point></Placemark>
<Placemark><name>Lewiston Hill</name><styleUrl>#ID</styleUrl><description><![CDATA[When automobile traffic made steep old wagon roads obsolete, a remarkable new highway grade was built down this hill in 1917.<br><br>With a series of sharp curves that let cars go 20 or 30 miles an hour--a good speed for that time--a gradual 10-mile 2000-foot grade was designed. It still can be used by anyone not in too much of a hurry who wants to see an engineering model of early highway construction.<br><br>Old Spiral Hwy (Off US-95) MP 317.8<br><br>Source: Idaho Transportation Department / Idaho State Historical Society (#417)]]></description><Point><coordinates>-117.016508,46.460223,0</coordinates></Point></Placemark>
<Placemark><name>Steamboats</name><styleUrl>#ID</styleUrl><description><![CDATA[Started May 13, 1861, as a steamboat landing, Lewiston immediately became a primary commercial center for Idaho miners during their hectic gold rush to Pierce that spring.<br><br>Steamboats continued to dock there until 1940, mainly after Columbia and Snake river channel improvements made navigation practical in 1914. Finally a series of locks and dams made Lewiston a seaport, and large scale river shipping resumed in 1975.<br><br>Old Spiral Hwy (Off US-95) MP 317.8<br><br>Source: Idaho Transportation Department / Idaho State Historical Society (#418)]]></description><Point><coordinates>-117.016442,46.460188,0</coordinates></Point></Placemark>
<Placemark><name>Railroad Tunnels</name><styleUrl>#ID</styleUrl><description><![CDATA[Seven tunnels-one a horseshoe more than a quarter mile long--had to be blasted in this canyon so that a railroad could be completed to Grangeville in 1908.<br><br>Building a railroad up this canyon was exceptionally difficult and expensive. Although they competed in Lewiston, Union Pacific and Northern Pacific officials decided to organize a separate company, in which each of them had an equal interest, to complete a Camas Prairie line. Otherwise, neither would have had enough traffic to operate profitably.<br><br>US-95 MP 285.83<br><br>Source: Idaho Transportation Department / Idaho State Historical Society (#419)]]></description><Point><coordinates>-116.597815,46.331934,0</coordinates></Point></Placemark>
<Placemark><name>Old Railroads</name><styleUrl>#ID</styleUrl><description><![CDATA[An ambitious railroad project to a high Seven Devils copper mine (elevation 6800 ft.) created a lot of excitement here in 1898-1899.<br><br>This would have been Idaho's highest mountain railroad if funding had been available to complete it. Construction began near a canyon rim more than a vertical mile above Snake River. Although it never got anywhere, that grade still can be seen near Kinney Point. Remains of an old mining smelter at Landore also survive from that time.<br><br>Michigan St, Council (Old Railroads Park) MP 135.76<br><br>Source: Idaho Transportation Department / Idaho State Historical Society (#420)]]></description><Point><coordinates>-116.438403,44.728902,0</coordinates></Point></Placemark>
<Placemark><name>Nez Perce War</name><styleUrl>#ID</styleUrl><description><![CDATA[When General O.O. Howard tried to get more than 600 Nez Perce Indians to settle on a North Idaho reservation in 1877, he ran into a lot of trouble here.<br><br>On their way to Yellowstone Park, Chief Joseph's Nez Perce people reached Hole in the Rock Station (four miles north of here), on August 16, and shut down stage service to Montana. Howard's cavalry and volunteers followed only a day behind until August 20, when an Indian force made off with more than 100 Army mules. That raid halted military pursuit and forced Howard to continue his Nez Perce campaign for six more weeks.<br><br>I-15 (Dubois Rest Area, Near Exit 167) MP 167<br><br>Source: Idaho Transportation Department / Idaho State Historical Society (#427)]]></description><Point><coordinates>-112.238196,44.177693,0</coordinates></Point></Placemark>
<Placemark><name>Three Buttes</name><styleUrl>#ID</styleUrl><description><![CDATA[Rising above this level plain of lava flows and windblown soils, these high landmarks are recent additions to Idaho's landscape.<br><br>East Butte (farthest east) flowed up and cooled quickly about 600,000 years ago, while Big Southern Butte (south of here) emerged about 300,000 years ago. Although East Butte and Middle Butte have a similar general appearance, they were formed in different ways. A dome of melted rock called rhyolite that rose up through a volcanic fissure became East Butte. Middle Butte, however, is a block of hard lava (basalt) pushed up by volcanic activity from below.<br><br>US-20 MP 272.8<br><br>Source: Idaho Transportation Department / Idaho State Historical Society (#428)]]></description><Point><coordinates>-112.713949,43.528221,0</coordinates></Point></Placemark>
<Placemark><name>Cote's Defile</name><styleUrl>#ID</styleUrl><description><![CDATA[A French Canadian who came to southern Idaho in 1818, Joseph Cote found this valley while trapping beaver.<br><br>Though he was thousands of miles from his Canadian base in Montreal, he had years of experience in Pacific Northwest exploration. With Michel Bourdon, who also discovered valleys near here, he had joined David Thompson's 1811 Columbia River explorers. Early trappers knew this valley as Cote's Defile because of his contribution to regional fur trade.<br><br>SH-28 MP 61.04<br><br>Source: Idaho Transportation Department / Idaho State Historical Society (#429)]]></description><Point><coordinates>-113.082047,44.332768,0</coordinates></Point></Placemark>
<Placemark><name>Range Wars</name><styleUrl>#ID</styleUrl><description><![CDATA[Armed cattle ranchers delayed farm settlement here for six years before a permanent farm community was organized in 1872.<br><br>This kind of conflict occurred in widely scattered western areas when farm crops displaced rangeland. Families of early farm pioneers still occupy holdings here that are well over a century old, although many of them finally have shifted from planting crops to raising cattle after winning their battle against early stock herders.<br><br>SH-34 MP 31.45<br><br>Source: Idaho Transportation Department / Idaho State Historical Society (#431)]]></description><Point><coordinates>-111.713885,42.378118,0</coordinates></Point></Placemark>
<Placemark><name>Old Delta Sediments</name><styleUrl>#ID</styleUrl><description><![CDATA[Diverted into this valley by lava flows, Bear River deposited a huge, mostly red clay, delta here where it entered a vast inland sea that covered much of Utah.<br><br>Some 14,500 years ago, its shoreline suddenly went down about 80 feet following an enormous discharge into Snake River. From then on, it gradually receded to become Salt Lake. Bear River then had to cut through and erode its old delta, forming the steep sides and gullies you see here today.<br><br>SH-34 MP 12.87<br><br>Source: Idaho Transportation Department / Idaho State Historical Society (#432)]]></description><Point><coordinates>-111.831872,42.164089,0</coordinates></Point></Placemark>
<Placemark><name>Cariboo Mountain</name><styleUrl>#ID</styleUrl><description><![CDATA[Rising to an elevation of more than 9,800 feet, Cariboo Mountain--visible north of here--has two of Idaho's highest gold camps.<br><br>Jesse "Cariboo Jack" Fairchild discovered gold high on Cariboo Mountain in August 1870, and a mining rush from Utah followed in September. Production continued for two decades before the gold ran out. Millions of dollars worth of gold were taken from the gravels during that long period of successful mining.<br><br>SH-34 MP 93.66<br><br>Source: Idaho Transportation Department / Idaho State Historical Society (#433)]]></description><Point><coordinates>-111.377110,42.977129,0</coordinates></Point></Placemark>
<Placemark><name>Bison Jump</name><styleUrl>#ID</styleUrl><description><![CDATA[Before settlers came to Idaho in 1860, buffalo used to roam through this valley. Most of them had left here by 1840.<br><br>After they acquired Spanish horses, eighteenth century Shoshoni buffalo hunters could drive a small herd over a cliff to make their work easier. Directly north of here, an old buffalo jump, used before mining commenced in this region, can be seen clearly. Archaeologists also have found stone weapon factories near it.<br><br>SH-75 MP 243.92<br><br>Source: Idaho Transportation Department / Idaho State Historical Society (#434)]]></description><Point><coordinates>-114.215533,44.471774,0</coordinates></Point></Placemark>
<Placemark><name>Emile Grandjean</name><styleUrl>#ID</styleUrl><description><![CDATA[An immigrant from Denmark, where he had studied forestry, he came to this part of Idaho in 1883 to mine, hunt, and trap.<br><br>Before Idaho became a state in 1890, he built a winter cabin below Grandjean Peak at a site later occupied by Grandjean Ranger Station. Because of his European studies, he became a professional forester here. Then he served as supervisor of the Boise National Forest from 1906 to 1922.<br><br>SH-21 MP 95.18<br><br>Source: Idaho Transportation Department / Idaho State Historical Society (#435)]]></description><Point><coordinates>-115.249733,44.173478,0</coordinates></Point></Placemark>
<Placemark><name>Big Butte</name><styleUrl>#ID</styleUrl><description><![CDATA[Towering 2,500 feet high, two overlapping rock domes form a 300,000 year-old butte that dominates this lava plain.<br><br>After a hot flow of molten rhyolite (acidic rock) boiled up through older lava, a second rhyolite dome pushed up a block of earlier basalt on its northwest side. They took many thousands of years to reach their present shape, but geologically they are very recent structures.<br><br>US-20 MP 272.8<br><br>Source: Idaho Transportation Department / Idaho State Historical Society (#436)]]></description><Point><coordinates>-112.714002,43.528207,0</coordinates></Point></Placemark>
<Placemark><name>Emma Edwards</name><styleUrl>#ID</styleUrl><description><![CDATA[A talented artist, Emma Edwards went to work in 1890 to design Idaho's state seal when she was only 18 years old.<br><br>Although her father had moved to California after serving as governor of Missouri (1844-1848), Emma preferred to spend much of her time in Idaho. After her marriage to John G. Green, a Boise Basin miner, they took up a land claim along Emma Creek and Green Creek in 1906 and lived here for many summers. Her seal design designated Syringa, which blooms on these hills, as Idaho's State Flower.<br><br>SH-21 MP 77.64<br><br>Source: Idaho Transportation Department / Idaho State Historical Society (#442)]]></description><Point><coordinates>-115.528842,44.072279,0</coordinates></Point></Placemark>
<Placemark><name>Lowman</name><styleUrl>#ID</styleUrl><description><![CDATA[In 1907, Nathaniel W. Lowman settled here, and four years later, when he started a post office in his large log house, this community was named for him.<br><br>Only a few scattered settlers lived here then. Lowman got all its supplies once a year from a large freight wagon over a state road built in 1894 to provide access to North Idaho. This highway followed in 1939. Eventually a one-room schoolhouse was moved here from Garden Valley. It still serves Lowman.<br><br>SH-21 MP 72.84<br><br>Source: Idaho Transportation Department / Idaho State Historical Society (#444)]]></description><Point><coordinates>-115.610020,44.082398,0</coordinates></Point></Placemark>
<Placemark><name>Bank Robbers</name><styleUrl>#ID</styleUrl><description><![CDATA[On Aug. 13, 1896, Butch Cassidy and his infamous Wild Bunch of gunmen invaded Montpelier's bank and scooped up more than $16,500 in gold, silver and currency.<br><br>Leaving a surprised cashier and his terrified customers, they calmly rode away. A deputy sheriff who borrowed a bicycle to pursue them up Montpelier Canyon was quickly outdistanced. Cassidy never was caught, but Bob Meeks was imprisoned until 1912 for helping in Montpelier's great bank robbery.<br><br>US-89 MP 25.46<br><br>Source: Idaho Transportation Department / Idaho State Historical Society (#446)]]></description><Point><coordinates>-111.308005,42.317749,0</coordinates></Point></Placemark>
<Placemark><name>Pearl</name><styleUrl>#ID</styleUrl><description><![CDATA[Gold mines high on a ridge above here maintained an industrial community at pearl from 1894 to 1910 when ore ran out.<br><br>Now a silent reminder of Gem County's major gold rush, Pearl once boasted of 3 mercantile stores, a butcher shop, 4 saloons, 2 hotels, one church, one school, a fire station, and an Odd Fellows Lodge. Although Pearl has deteriorated slowly since 1910, the lure of gold has continued to spark interest there as recently as 1982.<br><br>SH-16 MP 110.95<br><br>Source: Idaho Transportation Department / Idaho State Historical Society (#447)]]></description><Point><coordinates>-116.468136,43.844070,0</coordinates></Point></Placemark>
<Placemark><name>Nez Perce Trail</name><styleUrl>#ID</styleUrl><description><![CDATA[Following high ridges, buffalo hunters cut an old Indian trail along a direct route from Lewiston past here to Lemhi Valley.<br><br>This trail was not available to Lewis and Clark in 1805, but an early missionary--Samuel Parker--crossed it with a Nez Perce trading party 30 years later. During an 1862 Montana gold rush, eager miners joined Lewiston merchants who sent pack trains over it with supplies for new gold camps. But bandits and robbers made wilderness travel unsafe along it.<br><br>US-93 MP 331.91<br><br>Source: Idaho Transportation Department / Idaho State Historical Society (#448)]]></description><Point><coordinates>-113.979389,45.484203,0</coordinates></Point></Placemark>
<Placemark><name>Idahome</name><styleUrl>#ID</styleUrl><description><![CDATA[After wheat crops flourished in this dry farm area, Idahome sprang up here in 1916 as a railroad terminal. Irrigation projects boosted its economy.<br><br>When wheat farms disappeared and highway traffic replaced rail service here, Idahome became a ghost town. Its grain elevators, lumberyards, stores, airport, oil company, school, newspaper, and people are only past memories. An elevator and a few building foundations mark its site.<br><br>SH-81 MP 7.77<br><br>Source: Idaho Transportation Department / Idaho State Historical Society (#449)]]></description><Point><coordinates>-113.399054,42.414029,0</coordinates></Point></Placemark>
<Placemark><name>Pierre J. DeSmet</name><styleUrl>#ID</styleUrl><description><![CDATA[Roman Catholic missionary services began in Idaho on Sunday, July 10, 1840, in Teton Valley, followed by a mass held near here at Henry's Lake, July 23.<br><br>Pierre J. DeSmet, a Belgian Jesuit leader, accompanied a Pend d'Oreille - Flathead band on their way northwest to their homeland. Climbing a mountain here, along streams "descending from dizzy heights, leaping from rock to rock with a deafening noise," he invoked divine thanks for his successful tour into Idaho and Montana.<br><br>US-20 MP 400.76<br><br>Source: Idaho Transportation Department / Idaho State Historical Society (#452)]]></description><Point><coordinates>-111.335695,44.614000,0</coordinates></Point></Placemark>
<Placemark><name>Diamond Gulch</name><styleUrl>#ID</styleUrl><description><![CDATA[In December, 1865, Idaho's governor -- Caleb Lyon of Lyonsdale -- set off a wild rush to Diamond Gulch, visible a few miles west of here, with a story that was too good to be true.<br><br>He told miners in Silver City that a prospector had given him some priceless diamonds from that area. Enough gems of interest to rock hounds were found there to maintain a diamond frenzy that winter. A similar excitement followed in 1892, but no actual diamonds ever were recovered in Diamond Gulch.<br><br>SH-78 MP 34.09<br><br>Source: Idaho Transportation Department / Idaho State Historical Society (#454)]]></description><Point><coordinates>-116.509009,43.158652,0</coordinates></Point></Placemark>
<Placemark><name>Emigrant Crossing</name><styleUrl>#ID</styleUrl><description><![CDATA[After reaching Boise River, emigrant wagons had to travel 30 miles to find a good crossing about 1/4 mile north of here.<br><br>They had to avoid a wide zone of shifting channels, so they descended Canyon Hill where the route is still visible. In 1853 Maria Belshaw "...crossed Boise River at ford, 15 rods wide 3 feet deep, beautiful river, gravel bottom, very clear, large salmon in it." After crossing, the road headed westward along a route that became US 20.<br><br>I-84 (Old Highway 30, Near Exit 26) MP 26<br><br>Source: Idaho Transportation Department / Idaho State Historical Society (#455)]]></description><Point><coordinates>-116.688284,43.688279,0</coordinates></Point></Placemark>
<Placemark><name>McAuley's Road</name><styleUrl>#ID</styleUrl><description><![CDATA[Coming west with Ezra Meeker in 1852, Thomas McAuley decided to build a road to let emigrants bypass Big Hill.<br><br>Worst of all Oregon Trail descents, Big Hill needed replacement. Eliza McAuley reported that her brother Tom "fished awhile, then took a ramble...and discovered a pass by which the mountain can be avoided by doing a little road building." With an emigrant crew, he opened a wagon toll road that followed current Highway 30. After 1852 no one maintained the new route and it fell into disuse.<br><br>US-30 MP 441.72<br><br>Source: Idaho Transportation Department / Idaho State Historical Society (#456)]]></description><Point><coordinates>-111.233131,42.236009,0</coordinates></Point></Placemark>
<Placemark><name>Harriman Wildlife Refuge</name><styleUrl>#ID</styleUrl><description><![CDATA[Henry's Fork meanders through a 16,000 acre wildlife refuge that retains diverse habitats for many kinds of birds and animals.<br><br>Lodgepole pine forests and open meadows provide many opportunities to enjoy wildlife here, and fly fishing still is allowed in this region of scenic beauty. Moose, deer, and elk find plenty of food and shelter, while eagles, hawks, and owls thrive in open hunting grounds. Access is through Harriman State Park.<br><br>US-20 (Last Chance Fisherman Access) MP 382.2<br><br>Source: Idaho Transportation Department / Idaho State Historical Society (#461)]]></description><Point><coordinates>-111.414781,44.355454,0</coordinates></Point></Placemark>
<Placemark><name>Harriman State Park</name><styleUrl>#ID</styleUrl><description><![CDATA[Started in 1902 as a large cattle ranch, Railroad Ranch soon became a summer retreat for wealthy Easterners and eventually Idaho's largest state park.<br><br>Railroad magnate and diplomat W. Averell Harriman and his brother Roland donated the ranch to Idaho in 1977, thus preserving the area's remarkable wildlife and prompting development of a professionally managed state parks system.<br><br>US-20 MP 377.98<br><br>Source: Idaho Transportation Department / Idaho State Historical Society (#462)]]></description><Point><coordinates>-111.455184,44.308568,0</coordinates></Point></Placemark>
<Placemark><name>Gold Rush Ferry</name><styleUrl>#ID</styleUrl><description><![CDATA[An old ferry near here took thousands of eager fortune hunters to a trail that climbed out of this canyon to rich gold fields discovered at Pierce in 1860.<br><br>You still can follow their spectacular route to Weippe Prairie, where in 1805 Lewis and Clark met a Nez Perce band that helped save their expedition. Continuing on, you can reach Idaho's oldest public building - Pierce Courthouse, built in 1862. Take State Highway 11.<br><br>US-12 MP 52.44<br><br>Source: Idaho Transportation Department / Idaho State Historical Society (#466)]]></description><Point><coordinates>-116.177693,46.379706,0</coordinates></Point></Placemark>
<Placemark><name>New Plymouth</name><styleUrl>#ID</styleUrl><description><![CDATA[In 1894, the National Irrigation Congress designed a model town and canal system. New Plymouth was founded to demonstrate it, and farming began here in 1896.<br><br>Organizers and settlers came from: Cleveland, Boston, and Chicago to try out their plan for locating all their farmhouses in a central town. New Plymouth streets and parks still reflect that plan, but small, adjacent farms here have grown into a much larger irrigated tract.<br><br>US-30 MP 26.53<br><br>Source: Idaho Transportation Department / Idaho State Historical Society (#483)]]></description><Point><coordinates>-116.819215,43.970087,0</coordinates></Point></Placemark>
<Placemark><name>Galena</name><styleUrl>#ID</styleUrl><description><![CDATA[After Warren P. Callahan located a rich lead-silver mine here, April 26, 1879, thousands of eager treasure-hunters joined in a rush to Wood River in 1880.<br><br>Successful prospectors discovered valuable lodes from here to Bellevue. Galena had a hotel, four general stores, a livery stable, several saloons and dining halls, a shoe store, and daily stage service to Hailey. After a ruinous decline in silver prices in 1888, its mines were shut down. But Galena continued as a recreation center.<br><br>SH-75 MP 151.74<br><br>Source: Idaho Transportation Department / Idaho State Historical Society (#484)]]></description><Point><coordinates>-114.654525,43.870861,0</coordinates></Point></Placemark>
<Placemark><name>Lenore Tram</name><styleUrl>#ID</styleUrl><description><![CDATA[In 1898, after rail service from Lewiston reached Lenore, a tramway was begun to ship grain from Camas Prairie (1600 feet above) to a new freight stop directly across the river.<br><br>Previously, grain wagons descended a long steep hill from the prairie. Gravity moved full tram buckets down, sending empty buckets back up the cable loop. By 1903, the completed system carried up to 100,000 bushels of grain each year. In 1937 a fire destroyed the entire system.<br><br>US-12 MP 28.24<br><br>Source: Idaho Transportation Department / Idaho State Historical Society (#486)]]></description><Point><coordinates>-116.552804,46.506391,0</coordinates></Point></Placemark>
<Placemark><name>11,000 Years of Indian Occupation</name><styleUrl>#ID</styleUrl><description><![CDATA[The Weiser Valley provided an abundant environment for early hunters and food gatherers.<br><br>Archaeological excavation along Monroe Creek in conjunction with US-95 realignment yielded one of the most significant prehistoric sites in the region. Spear and arrow points and radiocarbon dates suggest the site was occupied for 11,000 years. Inhabitants hunted deer, mountain goat, and rabbit and gathered salmon, roots, berries, and seeds. Artifacts were found 10 feet below the ground surface.<br><br>US-95 MP 82.38<br><br>Source: Idaho Transportation Department / Idaho State Historical Society (#487)]]></description><Point><coordinates>-116.957736,44.254489,0</coordinates></Point></Placemark>
<Placemark><name>Lewis and Clark</name><styleUrl>#ID</styleUrl><description><![CDATA[On May 31, 1806, Sgt. John Ordway and Pvts. Frazer and Weiser began the return trip from Lewis's River (Snake River) with salmon for Camp Chopunnish (Kamiah).<br><br>The men crossed the Camas Prairie near here on their way to rejoin the Corps of Discovery, waiting in Camp Chopunnish for mountain snows to recede before attempting to cross the Bitterroots. At about noon on June 2, the small group arrived with seventeen salmon and some roots they had purchased. Most of the fish were spoiled, but Lewis described those that were sound as "extremely delicious."<br><br>US-95 MP 252.88<br><br>Source: Idaho Transportation Department / Idaho State Historical Society (#488)]]></description><Point><coordinates>-116.327639,46.026564,0</coordinates></Point></Placemark>
<Placemark><name>Lewis and Clark</name><styleUrl>#ID</styleUrl><description><![CDATA[On May 27, 1806, Sgt. John Ordway and Pvts. Frazer and Weiser were dispatched from Camp Chopunnish (Kamiah) to Lewis' River (Snake River) to obtain salmon.<br><br>Guided by Nez Perce Indians, the men crossed the Camas Prairie near here. On May 29, at a Salmon River Indian village, Frazer traded an "old razer" to an Indian woman for two Spanish mill dollars. They reached the Snake River after descending "the worst hills we ever saw a road made down." They were welcomed by Nez Perce and purchased a number of salmon.<br><br>US-95 MP 268.62<br><br>Source: Idaho Transportation Department / Idaho State Historical Society (#489)]]></description><Point><coordinates>-116.415243,46.200723,0</coordinates></Point></Placemark>
<Placemark><name>Nez Perce War - Foster's Gravesite</name><styleUrl>#ID</styleUrl><description><![CDATA["I will not hide anything. That part of the fight was not long." Yellow Wolf, Nez Perce Warrior.<br><br>On July 3, 1877, 2nd Lt. Sevier M. Rains, civilian scout William Foster, and ten 1st cavalerymen rode from Norton's ranch (Cottonwood) in search of Nez Perce. Six miles northwest of here warriors attacked and killed the detachment. Foster's grave is three miles west on Cottonwood Butte road. The soldiers' remains were reinterred at Fort Walla Walla.<br><br>US-95 MP 252.88<br><br>Source: Idaho Transportation Department / Idaho State Historical Society (#500)]]></description><Point><coordinates>-116.327670,46.026624,0</coordinates></Point></Placemark>
<Placemark><name>Lava Formations</name><styleUrl>#ID</styleUrl><description><![CDATA[Molten rock, forced upward for 30 to 50 miles through fissures in the earth, has cooled into the hard lava found here.<br><br>Continued pressure from below has made great cracks in the contorted surface. This lava solidified only a few thousand years ago, and not very much soil covers it yet. But vegetation is getting a start and unless new flows intervene, windblown soils will cover these rock layers. Then the surface here will look the same as the surrounding plains, which also are layers of lava and windblown soils.<br><br>I-15 (N Blackfoot Rest Area SB) MP 101.3<br><br>Source: Idaho Transportation Department / Idaho State Historical Society (#287)]]></description><Point><coordinates>-112.269826,43.305518,0</coordinates></Point></Placemark>
<Placemark><name>Pierce Courthouse</name><styleUrl>#ID</styleUrl><description><![CDATA[Shoshone County's original courthouse--and Idaho's earliest public building--still stands in Pierce, where it was built in 1862.<br><br>Although Pierce gained a large population for a year after gold was discovered here in 1860, most miners soon moved on to other camps. By 1880, Shoshone County had only 469 people left, of whom 296 were Chinese. When a new gold rush 80 miles farther north led to removal of county government to Murray in 1885, Pierce's courthouse became a private home. Eventually preserved by Mrs. Henry Spencer Lawson, it now is a component of Nez Perce National Historical Park.<br><br>SH-11 MP 29.65<br><br>Source: Idaho Transportation Department / Idaho State Historical Society (#346)]]></description><Point><coordinates>-115.799675,46.492327,0</coordinates></Point></Placemark>
<Placemark><name>Craigmont</name><styleUrl>#ID</styleUrl><description><![CDATA[Not long before Camas Prairie railroad service started here in 1908, rival towns were started on each side of the track.<br><br>Vollmer began as a rail and business center on the east, and Ilo (an older town a mile away) moved to an adjacent site on the west. Each had separate schools, churches, stores, newspapers, banks, and other businesses. After 12 years of sharp competition, they finally merged into a united community in 1920.<br><br>US-95 (Railroad St, Craigmont) MP 272.55<br><br>Source: Idaho Transportation Department / Idaho State Historical Society (#331)]]></description><Point><coordinates>-116.470995,46.240260,0</coordinates></Point></Placemark>
<Placemark><name>Harpster</name><styleUrl>#ID</styleUrl><description><![CDATA[During the mining boom Harpster boasted a hotel, a livery barn, a harness shop, four saloons, two general stores, a drug store, and a blacksmith shop.<br><br>William Jackson built a toll bridge here across the South Fork of the Clearwater River to meet the needs of travelers and packers. The area was known previously as Brownsville, Riverside, and Bridgeport. In 1895 the town was named Harpster in honor of early settler Abraham Harpster. An expected railroad never reached here, but while they were active, local mines helped the area grow.<br><br>SH-13 MP 13.28<br><br>Source: Idaho Transportation Department / Idaho State Historical Society (#441)]]></description><Point><coordinates>-115.963386,45.986914,0</coordinates></Point></Placemark>
<Placemark><name>Elk City Wagon Road</name><styleUrl>#ID</styleUrl><description><![CDATA[A scenic 1895 wagon road frm Harpster to Elk City gave freighters and travelers better access across high ridges and rugged terrain to isolated mining camps<br><br>Sections of the steep, narrow road run close to a much older Nez Perce trail that led to Montana's buffalo country and the Snake River Plain. Nez Perce travelers have utilized the route since obtaining horses, which made long distance hunting and other excursions possible. Missionary Samuel Parker was guided over portions of the route in 1835 by the Nez Perce.<br><br>SH-13 MP 13.28<br><br>Source: Idaho Transportation Department / Idaho State Historical Society (#485)]]></description><Point><coordinates>-115.963404,45.986886,0</coordinates></Point></Placemark>
<Placemark><name>Albion State Normal School</name><styleUrl>#ID</styleUrl><description><![CDATA[Established in March, 1893, by the second Idaho State Legislature.<br><br>Residents of Albion erected and furnished a two-story stone building on five acres of donated land, and the very successful teacher-training school opened on September 11, 1894. They soon donated additional land and more buildings were erected. In 1947 the institution became known as Southern Idaho College of Education. It closed in 1951. Magic Valley Christian College occupied the campus between 1958 and 1969. The original building now houses a museum.<br><br>SH-77 MP 18.68<br><br>Source: Idaho Transportation Department / Idaho State Historical Society (#490)]]></description><Point><coordinates>-113.582751,42.413176,0</coordinates></Point></Placemark>
<Placemark><name>The Utter Disaster</name><styleUrl>#ID</styleUrl><description><![CDATA[On September 9 & 10, 1860, the Utter wagon train engaged in a life-and-death struggle with attacking Indians.<br><br>The assault on the wagon train of forty-four emigrants led by Elijah P. Utter just north of here resulted in the deaths of six men, two women, and three children. Indian casulaties were estimated at between 25 and 30. Survivors followed the Snake River to near the mouth of the Owyhee River. When rescued by the Army 45 days later, only fifteen had survived the ordeal of hunger and deprivation. No other Oregon Trail wagon train suffered greater losses.<br><br>SH-78 MP 47.76<br><br>Source: Idaho Transportation Department / Idaho State Historical Society (#493)]]></description><Point><coordinates>-116.301052,43.054352,0</coordinates></Point></Placemark>
<Placemark><name>Lewiston's Chinese Community</name><styleUrl>#ID</styleUrl><description><![CDATA[The discovery of gold in 1860 and the founding of Lewiston in 1861 attracted many Chinese to the area.<br><br>By 1870 approximately 1500 Chinese lived here. They worked as merchants, laborers, laundrymen, and vegetable farmers. Exhausted gold fields, restrictive immigration laws, and an aging male population reduced their numbers to around 100 in the early 1900s. Their descendants continue to be important contributors to the community.<br><br>US-12 MP 0.27<br><br>Source: Idaho Transportation Department / Idaho State Historical Society (#494)]]></description><Point><coordinates>-117.032323,46.422708,0</coordinates></Point></Placemark>
<Placemark><name>Tsceminicum</name><styleUrl>#ID</styleUrl><description><![CDATA["Meeting of the Waters" When the Nez Perce named this site, they viewed a desolate yet beautiful landscape.<br><br>Near a large island at the confluence, crystal waters from the Clearwater joined the murky flow of the Snake. Scattered willows grew along the broad river banks. Grass-covered, treeless hills defined the perimeter. Today, a dam to the west elevates the rivers forty feet above their natural beds.<br><br>US-12 MP 0.27<br><br>Source: Idaho Transportation Department / Idaho State Historical Society (#495)]]></description><Point><coordinates>-117.031886,46.423109,0</coordinates></Point></Placemark>
<Placemark><name>Splash Dams</name><styleUrl>#ID</styleUrl><description><![CDATA[Prior to the arrival of the railroad in 1912, the North Fork of the Payette River provided an avenue for logs destined to downstream mills in Horseshoe Bend and Emmett.<br><br>In 1903, $100,000 was spent to dynamite open a clear channel in the river. Splash Dams were built to store logs. During the winter of 1903-04, logs were held in a 36-acre pond. In April, the logs were blasted loose when the main dam was opened. Less then half of the logs made it to the mills and four men lost their lives during the log drive. Later, the dams were utilized to float railroad ties. Timber interests were instrumental in the founding of Smiths Ferry and Long Valley.<br><br>SH-55 MP 95.7<br><br>Source: Idaho Transportation Department / Idaho State Historical Society (#496)]]></description><Point><coordinates>-116.079511,44.281214,0</coordinates></Point></Placemark>
<Placemark><name>First Public Building</name><styleUrl>#ID</styleUrl><description><![CDATA[In 1870, Brigham Young appointed Ezra T. Clark, David Hess, and Nicholas Barkdull to colonize this area.<br><br>Originally known as Twin Creeks, Joseph C. Rich surveyed the site in 1871. In 1872, the new settlement was named Georgetown in honor of George Q. Cannon. The first public building, used as a church, school and community center, is situated 1 block south and 1/2 block west of here. In 1966, the building was given to the Daughters of Utah Pioneers and is now a pioneer Relic Hall.<br><br>US-30 MP 423.3<br><br>Source: Idaho Transportation Department / Idaho State Historical Society (#499)]]></description><Point><coordinates>-111.370331,42.476156,0</coordinates></Point></Placemark>
<Placemark><name>18th St. Bridge</name><styleUrl>#ID</styleUrl><description><![CDATA[Lewiston's first bridge across the Clearwater River was constructed in 1913. It was replaced in 1951.<br><br>Early efforts for a bridge were opposed by ferryboat owners, but other business leaders recognized the need for a link to northern communities. Spanning 780 feet, its steel girders and railing were painted green and red. The wooden deck was 19 feet wide to accommodate large wagons. Automobiles and heavy trucks soon challenged the design.<br><br>US-12 (Lewiston Levee Park) MP 1.05<br><br>Source: Idaho Transportation Department / Idaho State Historical Society (#501)]]></description><Point><coordinates>-117.025092,46.424715,0</coordinates></Point></Placemark>
<Placemark><name>John Silcott</name><styleUrl>#ID</styleUrl><description><![CDATA[Pioneer businessman and politician. He owned and operated ferries in the Lewiston and Spokane areas.<br><br>Early in the 1860s, John Silcott ran a ferryboat across the Snake River at Lewiston. He soon put in a ferry across the Clearwater River and initiated operations on the Snake at Alpowa and on the Spokane River. His wife Jane was the daughter of Nez Perce leader Chief Timothy. A Silcott ferry tie post is still visible at the north end of 5th Street.<br><br>US-12 (Lewiston Levee Park) MP 1.05<br><br>Source: Idaho Transportation Department / Idaho State Historical Society (#502)]]></description><Point><coordinates>-117.025155,46.424717,0</coordinates></Point></Placemark>
<Placemark><name>Chief Pocatello</name><styleUrl>#ID</styleUrl><description><![CDATA[In an era of emigrants, Mormon settlers and the military, Pocatello emerged as a strong leader of the Hukenduka Shoshone.<br><br>Born after 1810, Pocatello claimed this area and surrounding territories as his homeland. He soon watched his people endure brutality, disease and starvation. For retaliating, he was nearly hanged until President Lincoln intervened. After 1875, he lived a reservation life until his death around 1884. He was buried in a bottomless spring with 18 horses.<br><br>I-15B Pocatello (Rose Garden Park) MP 0.79<br><br>Source: Idaho Transportation Department / Idaho State Historical Society (#503)]]></description><Point><coordinates>-112.420721,42.846301,0</coordinates></Point></Placemark>
<Placemark><name>Company Town</name><styleUrl>#ID</styleUrl><description><![CDATA[Built as a model town, Potlatch was owned by Weyerhaeuser's Potlatch Lumber Company.<br><br>Spokane architect C. Ferris White designed the new community in 1905. Workers' housing stood close to the mill. Managers' homes were built away from the plant's noise and smoke. The railroad depot separated town from industry. All company owned. Potlatch was complete with churches, school, gym, hospital, opera house, and company store.<br><br>SH-6 (Scenic Six Park) MP 1.55<br><br>Source: Idaho Transportation Department / Idaho State Historical Society (#505)]]></description><Point><coordinates>-116.902819,46.925007,0</coordinates></Point></Placemark>
<Placemark><name>World's Largest Mill</name><styleUrl>#ID</styleUrl><description><![CDATA[Potlatch Lumber Company's sawmill, built here in 1906, was one of the largest in the world.<br><br>Expanding operations to the West, Weyerhaeuser timber barons invested in Idaho's prime white pine stands. By 1920, their mill was cutting 175 million board feet each year. Logs and lumber were moved by the Washington, Idaho and Montana Railway through stations uniquely named for eastern colleges: Yale, Princeton, Harvard, Cornell, Purdue.<br><br>SH-6 (Scenic Six Park) MP 1.55<br><br>Source: Idaho Transportation Department / Idaho State Historical Society (#504)]]></description><Point><coordinates>-116.902847,46.925033,0</coordinates></Point></Placemark>
<Placemark><name>Camp Rupert 1943-1946</name><styleUrl>#ID</styleUrl><description><![CDATA[Camp Rupert was the largest prisoner of war camp in Idaho, housing some 4000 POWs. Most were German and Italian.<br><br>The Camp was built at an initial cost of $500,000 and maintained by nearly 1000 army personnel and civilians. Over 170 buildings were constructed on 300 acres including a field house, hospital, mess halls, barracks, chapel, commissaries, large warehouses and recreation centers. It also served as a base camp for 24 branch camps in Idaho, Oregon and Montana.<br><br>SH-25 MP 40.9<br><br>Source: Idaho Transportation Department / Idaho State Historical Society (#506)]]></description><Point><coordinates>-113.883896,42.605324,0</coordinates></Point></Placemark>
<Placemark><name>Idaho Hermits</name><styleUrl>#ID</styleUrl><description><![CDATA[Living for more than 60 years in hand-built "dugouts" across the Salmon River from this site, Richard "Dugout Dick" Zimmerman (1916-2010) came to symbolize the Idaho hermit.<br><br>With colorful names like Buckskin Bill and Hank the Hermit, these men (and a few women) eked out lonely existences, many along the Salmon River. Dugout Dick built multiple dugout caves during his time on the Salmon and eventually died here at age 94. By the 1980s, Dick's dugouts had become a local landmark, easily visible across the Salmon River. After Dicks death, the BLM reclaimed the dugouts, citing safety concerns. A cabin built by Dick remains on the site, which includes interpretive signs. The site can accessed by crossing the one-lane bridge a short drive north of here by following the directional signage.<br><br>US-93 MP 483.48<br><br>Source: Idaho Transportation Department / Idaho State Historical Society (#507)]]></description><Point><coordinates>-113.958668,44.904315,0</coordinates></Point></Placemark>
<Placemark><name>Mount McCaleb</name><styleUrl>#ID</styleUrl><description><![CDATA[Mt. McCaleb, named for Civil War veteran and local merchant, Jesse McCaleb, is the prominent 11,682 ft. peak visible North of Mackay.<br><br>In 1878, while helping to escort supply wagons and arms to Challis, McCaleb and 13 others were attacked by Indians near present-day Mackay. Creating a barricade of the wagons, the small group held off over 100 Indians in a two-day battle. In the end, Jesse McCaleb was the only casualty: the moutain bears his name in memorial.<br><br>US-93 MP 109.17<br><br>Source: Idaho Transportation Department / Idaho State Historical Society (#508)]]></description><Point><coordinates>-113.613136,43.915367,0</coordinates></Point></Placemark>
<Placemark><name>Ghost Towns of Mackay, Idaho</name><styleUrl>#ID</styleUrl><description><![CDATA[Cliff City and White Knob were bustling mining towns established west of Mackay in the late 1800s.<br><br>After copper was discovered in the White Knob Mountains in 1879, Cliff City and White Knob sprang up to support the mines. The boomtowns were home to hundreds of miners, and boasted stores, saloons, a post office, school and theater. Both towns died out in the early 20th century, as Mackay became the regional mining center and the copper industry waned.<br><br>US-93 MP 109.18<br><br>Source: Idaho Transportation Department / Idaho State Historical Society (#509)]]></description><Point><coordinates>-113.612984,43.915261,0</coordinates></Point></Placemark>
<Placemark><name>Lewis and Clark</name><styleUrl>#ID</styleUrl><description><![CDATA[On their eastbound journey, the Corps of Discovery and several Nez Perce reached the Nez Perce Prairie from present-day Peck on May 8, 1806, and camped on "a Small handsom Stream".<br><br>On May 9 the party arrived at the root-digging camp of Twisted Hair on the Nezperce Prairie. From there Pvt. Willard accompanied Twisted Hair and two of his young men to the Clearwater River to retrieve saddles, gunpowder, and horses left the previous October. On May 10, the Corps traveled southeast 16 miles across an open and snowy prairie, passing within a mile of Nezperce, before descending into Lawyer's Canyon en route to Chief Broken Arm's camp near Kamiah. St. Ordway and Privates Frazer and Weiser passed within a mile south of Nezperce on May 27 on their way to Salmon River to obtain fish.<br><br>SH-162 MP 0.16<br><br>Source: Idaho Transportation Department / Idaho State Historical Society (#492)]]></description><Point><coordinates>-116.240670,46.232500,0</coordinates></Point></Placemark>
<Placemark><name>The Big Blowup</name><styleUrl>#ID</styleUrl><description><![CDATA[“I was blind, my hands were burned. Shoes burned off our feet.”<br>- Edward Pulaski<br><br>Devastating fires swept through here in 1910, culminating in August’s Big Blowup. An area the size of Connecticut burned in two days, killing 72 Idaho firefighters. Forest ranger Edward Pulaski saved 40 men, sheltering in a tunnel west of here. He later invented the Pulaski, a tool firefighters still use.<br><br>America has had larger fires, but none as consequential. After 1910, the Forest Service determined to extinguish every wildfire, resulting in biomass buildup and ever-larger blazes. In the 1970s, that policy changed, allowing some wildfires to burn.<br><br>I-90 MP 71.4<br><br>Source: Idaho Transportation Department / Idaho State Historical Society (#1001)]]></description><Point><coordinates>-115.735781,47.460509,0</coordinates></Point></Placemark>
<Placemark><name>Bayview Limekilns</name><styleUrl>#ID</styleUrl><description><![CDATA[Limestone never brought the excitement of a gold rush. But Lake Pend Oreille lime, a key ingredient in plaster and mortar, aided in the construction of Spokane buildings.<br><br>Prospectors staked the lake’s first limestone claims in 1881. In 1904, the Washington Brick and Lime Company constructed four kilns near Bayview, the largest such operation in Idaho. Workers alternated layers of wood and limestone, then fired the kilns. The extremely high heat reduced limestone to lime. Railroads then carried the lime to Spokane. <br><br>The 1930s depression stifled the demand for lime, but Bayview’s kilns operated sporadically until 1941.<br><br>SH-54 MP 14.76<br><br>Source: Idaho Transportation Department / Idaho State Historical Society (#1002)]]></description><Point><coordinates>-116.567228,47.972715,0</coordinates></Point></Placemark>
<Placemark><name>Burke</name><styleUrl>#ID</styleUrl><description><![CDATA[Established in 1885, Burke was home to some of the Silver Valley’s most successful mines—including the Hecla and Hercules—as well as actress Lana Turner, a childhood resident.<br><br>Located in a narrow canyon, builders in Burke faced unique challenges. When S.S. Glidden built a hotel, he named it for his nearby Tiger-Poorman Mine. Confined by the steep topography, the Tiger Hotel had to span both railroad tracks and Canyon Creek.  Locals claimed it was the only such hotel in the world.<br><br>The hotel’s last owner razed it in 1954. The last Burke mine closed in 1991.<br><br>SH-4 MP 7.07<br><br>Source: Idaho Transportation Department / Idaho State Historical Society (#1004)]]></description><Point><coordinates>-115.825122,47.518498,0</coordinates></Point></Placemark>
<Placemark><name>Coeur d'Alene Lake</name><styleUrl>#ID</styleUrl><description><![CDATA[Between 18,000 and 13,000 years ago, the Inland Northwest witnessed some of the greatest floods in geological history.<br><br>An ice dam at Lake Pend Oreille blocked the Clark Fork River, creating Lake Missoula, larger than the state of Delaware. It ruptured periodically, releasing torrents of water carrying boulders and gravel that sometimes formed smaller dams downstream, turning valleys into lakes. Here, the Coeur d’Alene and St. Joe Rivers flooded a former valley, creating Coeur d’Alene Lake. At 32,000 acres, with 109 miles of shoreline, many consider it one of the world’s most beautiful lakes.<br><br>SH-97 MP 95.94<br><br>Source: Idaho Transportation Department / Idaho State Historical Society (#1005)]]></description><Point><coordinates>-116.651838,47.618284,0</coordinates></Point></Placemark>
<Placemark><name>David Thompson (1770-1857)</name><styleUrl>#ID</styleUrl><description><![CDATA[The renowned mapmaker and fur trader for Canada’s North West Company explored this area in 1808.<br><br>On May 8, 1808, Thompson’s famished party met ten lodges of Kootenai people near here. Short of food themselves, the Kootenai nonetheless offered fish and “moss bread,” made from tree lichens. Thompson termed the bread “slightly bitter…but acceptable to the hungry.” He called the place Camp Providence.<br><br>Thompson left on an established Indian trail, the same route US Highway 95 now follows. In 1809, he returned to Camp Providence. Kootenai people guided him to Lake Pend Oreille, where he established Idaho’s first fur-trading post.<br><br>US-95 MP 503.69<br><br>Source: Idaho Transportation Department / Idaho State Historical Society (#1006)]]></description><Point><coordinates>-116.345352,48.652723,0</coordinates></Point></Placemark>
<Placemark><name>DeSmet (‘l’lkhwi’lus)</name><styleUrl>#ID</styleUrl><description><![CDATA[After the US government drew boundaries leaving the mission at Cataldo outside the Schitsu’umsh (Coeur d’Alene) reservation, Jesuits moved here in 1877.<br><br>Nineteenth century federal policy sought to assimilate Indians into white culture. Christian mission boarding schools like the one at DeSmet helped accomplish this, but at a cost. Children were separated from families and had to relinquish traditional clothing, religious practices, and native language. The original DeSmet mission and school buildings are gone. The Schitsu’umsh, a sovereign nation with an elected government, replaced the boarding school with a tribal school in the 1990s.<br><br>US-95 MP 381.15<br><br>Source: Idaho Transportation Department / Idaho State Historical Society (#1007)]]></description><Point><coordinates>-116.910951,47.149145,0</coordinates></Point></Placemark>
<Placemark><name>Farragut</name><styleUrl>#ID</styleUrl><description><![CDATA[In 1942, the US Navy opened a training station here named for Civil War admiral David Farragut.<br><br>Built inland to protect against possible Japanese coastal invasions, it became Idaho’s largest community and America’s second-largest naval training center. Nearly 300,000 sailors prepared here. It also served briefly as a German prisoner of war camp, and from 1946-49, Farragut College and Technical Institute. In 1965, it became Farragut State Park. With 4,000 acres, it has hosted jamborees attracting thousands of Boy and Girl Scouts from around the world, as well as visitors who enjoy its stunning lakeshore setting.<br><br>SH-54 MP 12.43<br><br>Source: Idaho Transportation Department / Idaho State Historical Society (#1008)]]></description><Point><coordinates>-116.603183,47.951281,0</coordinates></Point></Placemark>
<Placemark><name>Mining Wars</name><styleUrl>#ID</styleUrl><description><![CDATA[The Coeur d’Alene mining wars started in this canyon on July 11, 1892.<br><br>After mine owners increased work hours and cut wages, a gunfight erupted between workers and company guards. Miners blew up the Frisco Mill near here. Five men died. Federal troops incarcerated miners. Grievances lingered. On April 29, 1899, miners hijacked a train. Loading it with dynamite here, they destroyed Wardner’s Bunker Hill mill. Two more died. Governor Frank Stuenenberg declared martial law. Federal troops again incarcerated miners. <br><br>The conflict fostered formation of the Western Federation of Miners union, Idaho’s eight-hour workday, and former Governor Steunenberg’s 1905 assassination.<br><br>SH-4 MP 5.13<br><br>Source: Idaho Transportation Department / Idaho State Historical Society (#1009)]]></description><Point><coordinates>-115.859326,47.512281,0</coordinates></Point></Placemark>
<Placemark><name>25th Infantry Regiment</name><styleUrl>#ID</styleUrl><description><![CDATA[In 1910, President William Taft ordered soldiers to fight fires then raging through the Northern West. The 25th Infantry, a regiment of Black troops, went into action.<br><br>In Wallace, the 25th maintained order as flames descended on the town, then evacuated women and children on outbound trains. In Avery, the troops helped residents escape and lit backfires that saved the community. The regiment also built trails for fire crews and retrieved bodies from burned areas. “The soldiers of the 25th Infantry have done heroic service and saved many lives and much property,” reported the Seattle Times.<br><br>I-90 MP 71.4<br><br>Source: Idaho Transportation Department / Idaho State Historical Society (#1010)]]></description><Point><coordinates>-115.735659,47.460474,0</coordinates></Point></Placemark>
<Placemark><name>John Mullan (1830-1909) (After the Road)</name><styleUrl>#ID</styleUrl><description><![CDATA[John Mullan won acclaim as a young Army lieutenant. His 625-mile road, the Northwest’s first engineered highway, is a National Historic Civil Engineering Landmark. Towns, schools, and streets in three states bear his name.<br><br>After roadbuilding, Mullan’s life proved less gratifying. In 1863, he resigned from the Army and attempted unsuccessfully to gain President Lincoln’s appointment as Idaho’s first territorial governor. He then failed as a Walla Walla businessman and as partner in a Boise-to-California stage line. He finally found success as a California lawyer, but eventually lost his fortune. He died penniless in 1909, the year automobiles first traveled his road.<br><br>SH-5 MP 17.87<br><br>Source: Idaho Transportation Department / Idaho State Historical Society (#1011)]]></description><Point><coordinates>-116.587150,47.318290,0</coordinates></Point></Placemark>
<Placemark><name>Bunker Hill Mine</name><styleUrl>#ID</styleUrl><description><![CDATA[In 1885, prospector Noah Kellogg’s wandering jackass found a spectacular galena outcropping two miles from here. Kellogg—and his jackass—had discovered what would evolve into the Bunker Hill Mine.<br><br>Bunker Hill produced more than 30 million tons of lead, silver, and zinc, built the world’s largest smelter, and employed thousands. The smelter also released sulfur and lead dioxides into the air, while Bunker Hill and other mines discharged wastes into streams. In 1983, the Environmental Protection Agency began supervising the cleanup around Bunker Hill, with mining companies adapting to new environmental regulations.<br><br>I-90 (Near Exit 49) MP 49.71<br><br>Source: Idaho Transportation Department / Idaho State Historical Society (#1012)]]></description><Point><coordinates>-116.131908,47.546121,0</coordinates></Point></Placemark>
<Placemark><name>Kootenai Tribe of Idaho</name><styleUrl>#ID</styleUrl><description><![CDATA[You are traveling through the traditional homelands of the Kootenai Tribe of Idaho.<br><br>An ancient and unique culture, the Kootenai speak a language unlike any other in the world and are known for their sturgeon-nose canoes and flat bows made of yew. Despite several attempts at removal, the Kootenai Tribe of Idaho refused to leave their homes near Bonners Ferry and move to a reservation, resulting in years of hardship. In 1974, the population of the Kootenai Tribe of Idaho was 67 people. In desperation, they declared war against the United States and successfully secured a land base and federal recognition.<br><br>US-2 MP 507.8<br><br>Source: Idaho Transportation Department / Idaho State Historical Society (#1013)]]></description><Point><coordinates>-116.314707,48.701404,0</coordinates></Point></Placemark>
<Placemark><name>Kullyspel House</name><styleUrl>#ID</styleUrl><description><![CDATA[In 1809, David Thompson oversaw construction of the earliest fur-trading post in what became the American Pacific Northwest.<br><br>Located 2 ½ miles from here, Kullyspel House (Thompson’s spelling for Kalispel) was the first structure built by non-Indians in Idaho. A geographer and surveyor of rare skill, Thompson explored and documented vast regions for the North West Company of Montreal. Reaching south from present-day British Columbia, he extended his company’s trade influence to north Idaho. Thompson first mapped the route that Idaho Highway 200 now follows. The North West Company abandoned Kullyspel House in 1811.<br><br>SH-200 MP 48.07<br><br>Source: Idaho Transportation Department / Idaho State Historical Society (#1014)]]></description><Point><coordinates>-116.266882,48.220385,0</coordinates></Point></Placemark>
<Placemark><name>McCroskey State Park</name><styleUrl>#ID</styleUrl><description><![CDATA[Virgil McCroskey had patience.<br><br>A local pharmacist and conservationist, McCroskey often hiked these woods. In the 1930s, he began purchasing property to prevent logging. He stitched together a narrow strip of land and constructed a road he called Skyline Drive, with expansive views of farms and mountains. Twice he offered it to Idaho as a park. The legislature declined. In 1955, the state finally accepted his 4,400-acre donation, provided he maintain it for 15 years. McCroskey did, even purchasing additional park property. He died in 1970 at age 93. Mary Minerva McCroskey State Park honors his mother.<br><br>US-95 MP 371.76<br><br>Source: Idaho Transportation Department / Idaho State Historical Society (#1015)]]></description><Point><coordinates>-116.861350,47.056006,0</coordinates></Point></Placemark>
<Placemark><name>Lake Steamers</name><styleUrl>#ID</styleUrl><description><![CDATA[More steamboats once plied these waters than any lake west of the Great Lakes.<br><br>It began in 1880, when the Army launched the Amelia Wheaton to carry supplies for Fort Coeur d’Alene (later named Fort Sherman). Many other steamers followed, hauling freight, towing logs, and carrying passengers. Docks lined the City of Coeur d’Alene’s lakefront. <br><br>In 1927, officials burned the Georgie Oakes, “Queen of the Lake,” as part of Coeur d’Alene’s July 4th celebration. Although a few steamers operated into the 1940s, Coeur d’Alene’s steamboat era had reached its turning point.<br><br>E Coeur D'Alene Lake Dr (S of Coeur D'Alene)<br><br>Source: Idaho Transportation Department / Idaho State Historical Society (#1016)]]></description><Point><coordinates>-116.735811,47.647994,0</coordinates></Point></Placemark>
<Placemark><name>Schitsu'umsh</name><styleUrl>#ID</styleUrl><description><![CDATA[The original people of this land call themselves Schitsu’umsh, “those who were found here.”<br><br>French fur traders called them “Coeur d’Alene,” meaning “heart of the awl,” for their shrewd bartering skills—a name the Tribe also proudly recognizes. That keen business sense has carried on to the present. The Tribe is one of the region’s largest employers, involved in gaming, recreation, agriculture, and technology. <br><br>The Schitsu’umsh of today are the sum of untold generations that have lived in this land of abundant beauty, rich in resources. They are who they always were and who they will always be.<br><br>I-90 MP 72.65<br><br>Source: Idaho Transportation Department / Idaho State Historical Society (#1017)]]></description><Point><coordinates>-115.710547,47.462592,0</coordinates></Point></Placemark>
<Placemark><name>Long Bridges</name><styleUrl>#ID</styleUrl><description><![CDATA[Travel between Sagle and Sandpoint proved challenging to early residents. They could row. Or they could walk over the railroad trestle—a hike requiring nimble feet and a good knowledge of train schedules.<br><br>In 1910, contractors sank 1,540 pilings to support a two-mile-long wagon bridge. Locals claimed it the longest wooden bridge in the world. A new automobile bridge replaced the wagon structure in the 1930s, and in the 1950s a concrete and steel span connected the two towns. That bridge remains, a popular walking and biking path that parallels the latest Long Bridge, completed in 1981.<br><br>On pedestrian underpass path (US-95) MP 473.95<br><br>Source: Idaho Transportation Department / Idaho State Historical Society (#1018)]]></description><Point><coordinates>-116.544124,48.271682,0</coordinates></Point></Placemark>
<Placemark><name>Dawes Act</name><styleUrl>#ID</styleUrl><description><![CDATA[A Schitsu’umsh (Coeur d’Alene) agricultural community once thrived here. Some farms were a thousand acres or larger. The 1887 Dawes Act changed that.<br><br>Schitsu’umsh in the DeSmet area grew wheat, potatoes, oats, and hay—among the most successful Northwest Indian farmers. The Dawes Act, which sought to encourage farming by allotting land to individual tribal members, actually failed the Schitsu’umsh. <br><br>Implementation began here in 1909. Federal agents assigned 160 acres to tribal members, shrinking many Schitsu’umsh farms to economically inviable sizes. Non-Indians purchased the “surplus” property. Schitsu’umsh lost thousands of acres. The Tribe now works now to buy back lost lands.<br><br>US-95 MP 381.15<br><br>Source: Idaho Transportation Department / Idaho State Historical Society (#1019)]]></description><Point><coordinates>-116.910917,47.149101,0</coordinates></Point></Placemark>
<Placemark><name>Mullan Road</name><styleUrl>#ID</styleUrl><description><![CDATA[Walk the Mullan Road, one of the Northwest's most significant routes. Take the side road to your left.<br><br>From 1858-62, John Mullan's Army road crew built the Northwest's first engineered highway, connecting Fort Benton with Fort Walla Walla, 625 miles long. Idaho’s portion of Interstate 90—the “Captain John Mullan Highway”—roughly follows that road. Mullan's crew spent Independence Day 1861 here, giving Fourth of July Summit its name. They carved that date into a white pine. The famed Mullan Tree became a popular tourist stop before foresters removed the diseased tree in 1988.<br><br>I-90 (E Alder Creek Rd, Near Exit 28) MP 28<br><br>Source: Idaho Transportation Department / Idaho State Historical Society (#1020)]]></description><Point><coordinates>-116.519751,47.621135,0</coordinates></Point></Placemark>
<Placemark><name>Land of the Schitsu'umsh (Schitsu'umshu'lmkhw)</name><styleUrl>#ID</styleUrl><description><![CDATA[You are traveling through Schitsu’umshu’lmkhw, the traditional homelands of the Schitsu’umsh (Coeur d’Alene Tribe).<br><br>Schitsu’umshu’lmkhw spanned from eastern Washington, across Idaho’s panhandle, to western Montana. In 1873, President Ulysses Grant created the Coeur d’Alene Reservation. Smaller than the Tribe’s ancestral lands, it was still huge. The discovery of gold in the Silver Valley brought widespread trespassing onto the reservation. In the 1880s, Congress opened hundreds of square miles of formerly reserved lands to white settlement, shrinking the reservation to its current size.<br><br>Schitsu’umsh still hunt the forests, travel the rivers, and camp on land that has been theirs since time immemorial.<br><br>I-90 MP 72.65<br><br>Source: Idaho Transportation Department / Idaho State Historical Society (#1021)]]></description><Point><coordinates>-115.710591,47.462573,0</coordinates></Point></Placemark>
<Placemark><name>Old Mission of the Sacred Heart (sq’wt’u)</name><styleUrl>#ID</styleUrl><description><![CDATA[Opened in 1853, this is Idaho’s oldest standing building.<br><br>Schitsu’umsh (Coeur d’Alene) tribal members undertook most of the construction for this Jesuit mission church. They quarried local fieldstone for the foundation, felled trees for beams and posts, and, using traditional techniques, wove grass through willow saplings for the walls. The site also included a barn, stable, flourmill, houses, and shops. Schitsu’umsh lodges stood near the river. <br><br>President Ulysses Grant created the Schitsu’umsh reservation in 1873. Its boundaries excluded the mission, so Schitsu’umsh and Jesuits moved south to DeSmet. In 2001, the Boise Diocese deeded the mission to the Schitsu’umsh.<br><br>I-90 (Old Mission State Park, Near Exit 39) MP 38.8<br><br>Source: Idaho Transportation Department / Idaho State Historical Society (#1022)]]></description><Point><coordinates>-116.358145,47.551144,0</coordinates></Point></Placemark>
<Placemark><name>Pen d'Oreille City</name><styleUrl>#ID</styleUrl><description><![CDATA[In 1866, gold rushes brought steamboat service to Lake Pend Oreille. Five miles east of here on Buttonhook Bay, Pen d'Oreille City became the home port.<br><br>The Oregon Steam Navigation Company (OSN) launched the steamboat Mary Moody, providing an alternative to the difficult land route to mines in Canada and Montana. Operating from Pen d’Oreille City, the boat shortened miners’ trips by a couple days. At its peak, the “city” had 25 residents, a store, and a saloon. Soon, the population shrank to one boat tender. When OSN dismantled the Mary Moody in 1876, Pen d’Oreille City disappeared altogether.<br><br>SH-54 MP 8.47<br><br>Source: Idaho Transportation Department / Idaho State Historical Society (#1023)]]></description><Point><coordinates>-116.686276,47.947639,0</coordinates></Point></Placemark>
<Placemark><name>Rathdrum Prairie</name><styleUrl>#ID</styleUrl><description><![CDATA[The greatest floods in geological history once swept across the Rathdrum Prairie.<br><br>Some 15,000 years ago, a lobe of the Cordilleran ice sheet crept south from Canada to Sandpoint. The ice formed a dam creating glacial Lake Missoula, containing as much water as Lakes Erie and Ontario combined. As the climate warmed, the dam failed multiple times, repeatedly emptying the lake. Torrents of water rushed through here. The Missoula Floods shaped much of the Northwest.<br><br>Following those deluges, this lowland became a natural transportation corridor. People traveled along the valley at least 10,000 years ago. Today, highways run through it.<br><br>SH-53 MP 0.45<br><br>Source: Idaho Transportation Department / Idaho State Historical Society (#1024)]]></description><Point><coordinates>-117.033437,47.739263,0</coordinates></Point></Placemark>
<Placemark><name>Saint Joseph Mission (St'uts'te'wes)</name><styleUrl>#ID</styleUrl><description><![CDATA[For millennia, Schitsu’umsh (Coeur d’Alene Tribe) trapped fish at this location.<br><br>In 1842, Jesuits established Idaho’s first Catholic mission here. To encourage Schitsu’umsh to farm, the Jesuits prohibited fish trapping. Ignoring Schitsu’umsh advice, the Jesuits constructed a small church and other buildings near the river. As tribal members had predicted, spring floods ravaged the structures and destroyed much of the farmland. After subsisting a winter on barley soup, the Jesuits relented, collaborating with Schitsu’umsh to build a new fish trap utilizing construction methods from both cultures. <br><br>In 1846, Jesuits left this challenging location and established a new mission at today’s Cataldo.<br><br>SH-3 MP 92.61<br><br>Source: Idaho Transportation Department / Idaho State Historical Society (#1025)]]></description><Point><coordinates>-116.680427,47.366751,0</coordinates></Point></Placemark>
<Placemark><name>Submerged Valley</name><styleUrl>#ID</styleUrl><description><![CDATA[Glacial activity 20,000 to 14,000 years ago created Lake Coeur d’Alene out of what previously had been a river valley.<br><br>North of here near Sandpoint, the Cordilleran ice sheet blocked valleys and formed large ice-dammed lakes. Repeated failures of the dams drained the lakes. Waters rushed across the outlet of this valley, beyond modern Coeur d’Alene. Sand and gravel deposited there raised the level of the land and blocked the old river channel. This backed up the river, submerged the valley before you, and produced one of Idaho’s lovely landscapes.<br><br>SH-97 MP 67.36<br><br>Source: Idaho Transportation Department / Idaho State Historical Society (#1027)]]></description><Point><coordinates>-116.775337,47.447966,0</coordinates></Point></Placemark>
<Placemark><name>Seneacquoteen</name><styleUrl>#ID</styleUrl><description><![CDATA[For thousands of years, Kalispel Indians forded ntxwe (Pend Oreille River) near here. They called it Seneacquoteen, “the crossing.”<br><br>In 1811, Canadian fur trader David Thompson crossed ntxwe  here, and in 1860-61, international boundary survey teams established base camps on the river’s banks. Gold rushes in Montana and Canada later brought thousands of miners. Starting in 1864, a ferry provided transport. By then, Seneacquoteen had a couple saloons and stores. For a time, it was the seat of Kootenai County government. When the Northern Pacific Railroad bypassed Seneacquoteen, its brief boom faded, but the ferry operated until 1957.<br><br>Parking area at end of Laclede Ferry Rd (off SH-2) MP 14.55<br><br>Source: Idaho Transportation Department / Idaho State Historical Society (#1026)]]></description><Point><coordinates>-116.753990,48.161628,0</coordinates></Point></Placemark>
<Placemark><name>Sunshine Mine Disaster</name><styleUrl>#ID</styleUrl><description><![CDATA[In 1972, America’s richest silver mine witnessed one of the nation’s deadliest mine accidents.<br><br>On May 2, fire broke out a half mile underground at the nearby Sunshine Mine. Heat, smoke, and gas spread quickly through the intricate system of underground workings. Of the 173 workers who entered the mine that day, 91 died—all from carbon monoxide poisoning.<br><br>This Idaho tragedy helped transform the nation’s mining industry, prompting passage of the federal Mine Safety and Health Act of 1977. The act brought stricter safety regulations—including rescue training and evacuation drills—that continue to govern hard-rock mining.<br><br>I-90 (Near Exit 54) MP 54.2<br><br>Source: Idaho Transportation Department / Idaho State Historical Society (#1028)]]></description><Point><coordinates>-116.047660,47.527797,0</coordinates></Point></Placemark>
<Placemark><name>Mullan Road</name><styleUrl>#ID</styleUrl><description><![CDATA[In 1858, Schitsu’umsh (Coeur d’Alene) learned Lieutenant John Mullan would build a road through their land. They vowed to stop him.<br><br>In an Army display of power, Colonel Edward Steptoe marched 158 troops out of Fort Walla Walla. Schitsu’umsh and other warriors routed him at today’s Rosalia, Washington. Later, Colonel George Wright brutally avenged Steptoe’s defeat and forced tribes to accept road construction. <br><br>Mullan initially built his road nearby in 1859. After it flooded, he charted a different route northwest of here. Completed in 1862, Mullan’s road connected the Missouri and Columbia Rivers. It brought settlers to the Northwest while transforming tribal lifeways.<br><br>US-3 MP 95.83<br><br>Source: Idaho Transportation Department / Idaho State Historical Society (#1029)]]></description><Point><coordinates>-116.661426,47.399390,0</coordinates></Point></Placemark>
<Placemark><name>Treaty Rock (q’emiln)</name><styleUrl>#ID</styleUrl><description><![CDATA[In 1871, Frederick Post negotiated with Moses Seltice and other Schitsu’umsh (Coeur d’Alenes) here. Post acquired rights to a nearby waterfall.<br><br>Despite popular legend, Post and Seltice never signed a treaty here. Some of the markings on nearby Treaty Rock might pre-date 1871; others probably came later to commemorate the negotiations. But undisputed is the enduring legacy of Post and the Seltice family. The waterfall Post acquired powered his sawmill—this region’s first. He also platted this town bearing his name. Numerous place names in Washington, Idaho, and Montana—Seltice or Saltese—bear witness to that family’s significance.<br><br>N Compton, Post Falls (Treaty Rock Park, off I-90) MP 4.62<br><br>Source: Idaho Transportation Department / Idaho State Historical Society (#1030)]]></description><Point><coordinates>-116.951352,47.714361,0</coordinates></Point></Placemark>
<Placemark><name>Wallace</name><styleUrl>#ID</styleUrl><description><![CDATA[In 1884, William R. Wallace built a cabin at a site he called Placer Center. A community grew, took the name Wallace, and became the commercial hub of the nation’s richest silver-mining district.<br><br>Wallace has retained a large number of historic buildings reflecting its mining past. As engineers designed the Interstate 90 expansion, the original plan took the highway through town, requiring the removal of much of the pristine architecture. The community successfully argued for an alternative. In 1991, Wallace ceremonially retired the last stoplight on the 3,000-mile Interstate 90—as the new freeway bypassed the town.<br><br>I-90B (Near Exit 61) MP 61<br><br>Source: Idaho Transportation Department / Idaho State Historical Society (#1031)]]></description><Point><coordinates>-115.933448,47.477252,0</coordinates></Point></Placemark>
<Placemark><name>Bonners Ferry</name><styleUrl>#ID</styleUrl><description><![CDATA[Edwin Bonner established a ferry across the Kootenai River to transport prospectors. It gave a future town and county their names.<br><br>In 1864, British Columbia’s Kootenay gold rush drew miners to Canada. Steamboats began working the river in the 1880s; railroads arrived in the 1890s. Area forests attracted lumber companies, and the fertile river valley brought farmers. Bonners Ferry—then in Bonner County—became a commercial hub. <br><br>In 1915, Idaho’s legislature carved Boundary County out of Bonner County. Ironically, the county named for Ed Bonner’s ferry now lies south of here, and Bonners Ferry is the governmental seat of Boundary County.<br><br>US-2 MP 503.7<br><br>Source: Idaho Transportation Department / Idaho State Historical Society (#1032)]]></description><Point><coordinates>-116.345334,48.652755,0</coordinates></Point></Placemark>
<Placemark><name>Willow Creek Slide</name><styleUrl>#ID</styleUrl><description><![CDATA[On February 10, 1903, a spectacular avalanche swept down a narrow gorge near here, destroying a 300-foot-long Northern Pacific Railway trestle and wrecking a train.<br><br>The engine plunged 80 feet, sinking into 30 feet of snow. A passenger car dangled precariously over the open gap. The caboose tumbled into a deep snowbank. Though it took 11 hours to free injured workers, everyone aboard the train miraculously survived the terror-stricken trip. A new, less hazardous grade replaced the demolished trestle.<br><br>I-90 MP 71.4<br><br>Source: Idaho Transportation Department / Idaho State Historical Society (#1033)]]></description><Point><coordinates>-115.735717,47.460491,0</coordinates></Point></Placemark>
<Placemark><name>Chinese Railroad Workers</name><styleUrl>#ID</styleUrl><description><![CDATA[“Take all the Chinese who will come.”<br>- Adna Anderson, Chief Engineer<br><br>In 1881-82, nearly 6,000 workers laid Northern Pacific Railroad track along northern Lake Pend Oreille, the most difficult and costly construction on the entire route. They worked here in winter, removing up to seven feet of snow just to reach ground level. <br><br>Chinese immigrants accounted for two-thirds of the labor force. They lived and worked separately from others, often undertaking the most arduous and dangerous tasks. Following construction, some Chinese remained as section crews. The nearby town of Hope had a Chinese community well into the 20th century.<br><br>SH-200 MP 44.3<br><br>Source: Idaho Transportation Department / Idaho State Historical Society (#1034)]]></description><Point><coordinates>-116.324866,48.256920,0</coordinates></Point></Placemark>
<Placemark><name>Mary Allen Wright (1868-1948)</name><styleUrl>#ID</styleUrl><description><![CDATA[In 1896, Idaho became the fourth state to grant women the vote—24 years before national suffrage. Two years later, voters sent Mary Allen Wright to the legislature.<br><br>Wright, an ardent suffragist, moved from Washington to Rathdrum in 1890. In 1898, Idahoans elected three women legislators, a Republican, a Democrat, and Populist Mary Wright. She chaired the Populist Caucus, the first woman nationally to lead a state legislative party. <br><br>Wright served one term, divorced, and moved to Bonners Ferry in 1912, where she managed Wright’s Loan and Investment Company. One of America’s trailblazing women politicians, she died here in 1948.<br><br>US-95 MP 503.7<br><br>Source: Idaho Transportation Department / Idaho State Historical Society (#1035)]]></description><Point><coordinates>-116.345314,48.652788,0</coordinates></Point></Placemark>
<Placemark><name>Gladys Buroker (1914-2002)</name><styleUrl>#ID</styleUrl><description><![CDATA[Gladys Buroker parachuted from planes, piloted gliders, and instructed hundreds of World War II servicemen.<br><br>During the war, Gladys and husband Herb operated from Coeur d’Alene’s Weeks Field. Gladys trained military pilots; Herb maintained the planes. In the 1970s, the Burokers, along with partner Clay Henley, opened Henley Aerodrome near Athol. Gladys gave flying lessons and entertained visitors with hot-air balloon rides. Gary Norton purchased the Aerodrome in 1981. It gradually evolved into Silverwood Theme Park. Gladys stayed on, managing the airfield for Silverwood’s acclaimed air shows. She retired in 1990 but continued flying well into her 80s.<br><br>SH-54 MP 8.47<br><br>Source: Idaho Transportation Department / Idaho State Historical Society (#1036)]]></description><Point><coordinates>-116.686240,47.947640,0</coordinates></Point></Placemark>
<Placemark><name>Submarine Testing</name><styleUrl>#ID</styleUrl><description><![CDATA[Landlocked Idaho has contributed significantly to American submarine technology.<br><br>During World War II, the Farragut Naval Training Station prepared nearly 300,000 sailors for duty. Following the war, the Navy retained a 25-acre parcel of the former training center for its Acoustic Research Detachment (ARD). As the nation’s fifth-deepest lake, Pend Oreille proved an ideal submarine testing environment. With a fleet of reduced-scale submarines, ARD undertakes trials here at a fraction of the expense of ocean research, aiding the Navy’s development of efficient, quiet submarines. The ARD’s Bayview base has supported nearly every major post-World War II submarine design.<br><br>SH-54 MP 14.76<br><br>Source: Idaho Transportation Department / Idaho State Historical Society (#1037)]]></description><Point><coordinates>-116.567191,47.972743,0</coordinates></Point></Placemark>
<Placemark><name>Levi and May Hutton</name><styleUrl>#ID</styleUrl><description><![CDATA[Burke’s Hercules Mine brought great wealth to its investors—including May and Levi Hutton.<br><br>May Arkwright owned a Wardner boarding house. Levi Hutton, a locomotive engineer, dined there regularly. After marrying in 1887, they invested their modest savings in the Hercules. In 1901, the partners struck a fabulously rich silver vein. <br><br>May devoted much of her new prosperity to supporting women’s suffrage. The Huttons also donated generously to philanthropy. After May died in 1915, Levi purchased 111 acres east of Spokane and founded the Hutton Settlement for orphans. He died in 1928, bequeathing his fortune to the Settlement, which still exists.<br><br>SH-4 MP 7.07<br><br>Source: Idaho Transportation Department / Idaho State Historical Society (#1038)]]></description><Point><coordinates>-115.825144,47.518486,0</coordinates></Point></Placemark>
<Placemark><name>Restoring the Lake</name><styleUrl>#ID</styleUrl><description><![CDATA[Idaho’s Silver Valley, east of here, is one of the world’s richest silver-producing regions. It created jobs and wealth. But for more than a century, mining wastes flowed downstream to Lake Coeur d’Alene.<br><br>This beautiful lake has always been a center of Schitsu’umsh (Coeur d’Alene) life. In 1991, the Tribe filed one of the largest natural resource lawsuits in American history in an effort to compel a lake cleanup. A far-reaching legal victory resulted in mining companies paying millions of dollars to mitigate damages. The Tribe, along with federal and state agencies, began the long-term project of restoring the lake.<br><br>SH-97 MP 95.94<br><br>Source: Idaho Transportation Department / Idaho State Historical Society (#1039)]]></description><Point><coordinates>-116.651951,47.618196,0</coordinates></Point></Placemark>
<Placemark><name>Joseph Garry (1910-1975)</name><styleUrl>#ID</styleUrl><description><![CDATA[In the 1950s, the federal government sought to terminate Indian tribal governments. Joseph Garry fought back.<br><br>Garry served on the Schitsu’umsh (Coeur d’Alene) Tribal Council for 25 years, and was the first Indian elected to the Idaho House of Representatives (1956) and Senate (1966). In 1953, the National Congress of American Indians elected him president. That year, Congress resolved to terminate federal tribal recognition and assimilate Indians by moving them off reservations. Garry rallied tribes throughout the country to Washington, DC, “the biggest demonstration by Indians ever” in that city. Garry’s gathering triggered a successful, multi-year effort to defeat termination.<br><br>US-3 MP 95.83<br><br>Source: Idaho Transportation Department / Idaho State Historical Society (#1040)]]></description><Point><coordinates>-116.661389,47.399337,0</coordinates></Point></Placemark>
<Placemark><name>Bannock War</name><styleUrl>#ID</styleUrl><description><![CDATA[Charging through a fringe of trees, U.S. troops on Aug. 9, 1878, ended a four hour skirmish with a hundred Bannock Indians on an island in Bennett Creek nearby.<br><br>The war had begun in June on Camas Prairie and had swung clear to central Oregon. Now the Indians were returning to their reservation at Fort Hall. Harried from the island, they soon lost the pursuing troops in rough country north of here. This was the last battle of the war.<br><br>SH-78 MP 95.93<br><br>Source: Idaho Transportation Department / Idaho State Historical Society (#196)]]></description><Point><coordinates>-115.510878,42.938793,0</coordinates></Point></Placemark>
</Folder>
</Document></kml>